job_title,company,experience,min exp,max exp,salary,base salary,max salary,location,jobListed(days ago),postedIn,rating,reviews count,details,salary_available,avg_salary,city,skills_list
JP Morgan Chase - Client Data Analyst (4-8 yrs),JP Morgan Chase,4-8 Yrs,4.0,8.0,Not Disclosed,0.0,0.0,Hyderabad / Secunderabad,3.0,iimjobs,4.1,5300.0,"Banking, KYC, Banking Operations",No,0.0,Hyderabad,"['Banking', 'Kyc', 'Banking Operations']"
Data Analyst - Bangalore,Schneider Electric,5-10 Yrs,5.0,10.0,₹ 8 - 16L/yr,800000.0,1600000.0,"Bangalore / Bengaluru, Bangalore Rural",4.0,Naukri,4.2,3500.0,"ERP, SAP, Data Analysis",Yes,1200000.0,Bengaluru,"['Erp', 'Sap', 'Data Analysis']"
Senior IT ATLAS Data Analyst and Integration Specialist,SAP Labs India Pvt. Ltd.,7-11 Yrs,7.0,11.0,Not Disclosed,0.0,0.0,Bangalore / Bengaluru,7.0,Naukri,4.3,1500.0,"data quality, Data analysis, quality management",No,0.0,Bengaluru,"['Data Quality', 'Data Analysis', 'Quality Management']"
Consultant Data Analyst,Pfizer,2-6 Yrs,2.0,6.0,Not Disclosed,0.0,0.0,Mumbai,3.0,Naukri,4.1,1700.0,"Power Bi, Commercial Operations, Data Management",No,0.0,Mumbai,"['Power Bi', 'Commercial Operations', 'Data Management']"
Senior Data Analyst - Retail Liabilities,IDFC FIRST Bank,5-10 Yrs,5.0,10.0,Not Disclosed,0.0,0.0,Mumbai,5.0,Naukri,4.5,2300.0,"Test strategy, Analytical, Manager Technology",No,0.0,Mumbai,"['Test Strategy', 'Analytical', 'Manager Technology']"
JP Morgan Chase - Client Data Analyst (4-9 yrs),JP Morgan Chase,4-9 Yrs,4.0,9.0,Not Disclosed,0.0,0.0,Hyderabad / Secunderabad,7.0,iimjobs,4.1,5300.0,"KYC, AML, Banking",No,0.0,Hyderabad,"['Kyc', 'Aml', 'Banking']"
Principal Business Data Analyst,GlaxoSmithKline Pharmaceuticals Limited,5-9 Yrs,5.0,9.0,Not Disclosed,0.0,0.0,Bangalore / Bengaluru,2.0,Naukri,4.2,1600.0,"Procurement, Relationship management, Computer science",No,0.0,Bengaluru,"['Procurement', 'Relationship Management', 'Computer Science']"
"SENIOR, DATA ANALYST",Walmart Labs,2-6 Yrs,2.0,6.0,Not Disclosed,0.0,0.0,Bangalore / Bengaluru,2.0,Naukri,4.0,2100.0,"Supply chain, Data analysis, Data modeling",No,0.0,Bengaluru,"['Supply Chain', 'Data Analysis', 'Data Modeling']"
Data Analysts in Supply chain planning,Hewlett-Packard,6-8 Yrs,6.0,8.0,Not Disclosed,0.0,0.0,Bangalore / Bengaluru,5.0,Naukri,4.2,3500.0,"Power Bi, Supply chain Planning, Tableau",No,0.0,Bengaluru,"['Power Bi', 'Supply Chain Planning', 'Tableau']"
Data Analyst CX,IDFC FIRST Bank,5-10 Yrs,5.0,10.0,Not Disclosed,0.0,0.0,"Chennai, Pune, New Delhi
													+4 more",9.0,Naukri,4.5,2300.0,"Test strategy, Analytical, Banking",No,0.0,Chennai,"['Test Strategy', 'Analytical', 'Banking']"
Data Analyst CX,IDFC FIRST Bank,5-10 Yrs,5.0,10.0,Not Disclosed,0.0,0.0,"Chennai, Pune, New Delhi
													+4 more",9.0,Naukri,4.5,2300.0,"Test strategy, Analytical, Banking",No,0.0,Chennai,"['Test Strategy', 'Analytical', 'Banking']"
Data Analyst - Cx,IDFC FIRST Bank,2-5 Yrs,2.0,5.0,Not Disclosed,0.0,0.0,"Chennai, Pune, New Delhi
													+4 more",9.0,Naukri,4.5,2300.0,"Test strategy, Analytical, Banking",No,0.0,Chennai,"['Test Strategy', 'Analytical', 'Banking']"
Customer Master Data Analyst,Genpact,2-6 Yrs,2.0,6.0,Not Disclosed,0.0,0.0,Bangalore / Bengaluru,3.0,Naukri,3.9,27000.0,"Mdg, CMD, Master Data",No,0.0,Bengaluru,"['Mdg', 'Cmd', 'Master Data']"
"Senior, Data Analyst",Walmart Labs,5-6 Yrs,5.0,6.0,Not Disclosed,0.0,0.0,Bangalore / Bengaluru,4.0,Naukri,4.0,2100.0,"Computer science, Data analysis, MS SQL",No,0.0,Bengaluru,"['Computer Science', 'Data Analysis', 'Ms Sql']"
Data Analyst,Reliance Retail,3-8 Yrs,3.0,8.0,Not Disclosed,0.0,0.0,Mumbai,4.0,Naukri,4.0,19600.0,"Power Bi, MIS, Data Analysis",No,0.0,Mumbai,"['Power Bi', 'Mis', 'Data Analysis']"
Data Analyst- PSP Transformation,Faurecia,4-6 Yrs,4.0,6.0,Not Disclosed,0.0,0.0,Pune,3.0,Naukri,4.0,1100.0,"RPA, Power BI, Power Apps",No,0.0,Pune,"['Rpa', 'Power Bi', 'Power Apps']"
Senior Data Analyst,Optum Global Solutions (India) Private Limited,12-16 Yrs,12.0,16.0,Not Disclosed,0.0,0.0,Bangalore / Bengaluru,6.0,Naukri,4.0,3500.0,"data warehouse, Power BI, Data Analysis",No,0.0,Bengaluru,"['Data Warehouse', 'Power Bi', 'Data Analysis']"
Senior Data Analyst - Cx,IDFC FIRST Bank,3-7 Yrs,3.0,7.0,Not Disclosed,0.0,0.0,"Chennai, Pune, New Delhi
													+4 more",11.0,Naukri,4.5,2300.0,"Test strategy, Analytical, Manager Technology",No,0.0,Chennai,"['Test Strategy', 'Analytical', 'Manager Technology']"
Data Analyst,Amazon,2-4 Yrs,2.0,4.0,₹ 1.8 - 7L/yr (AmbitionBox estimate),180000.0,700000.0,"Delhi/Ncr, Bangalore / Bengaluru",11.0,Naukri,4.1,21700.0,"AWS technologies, Excel, SQL",Yes,440000.0,Delhi,"['Aws Technologies', 'Excel', 'Sql']"
Retail Data Analyst,IDFC FIRST Bank,2-5 Yrs,2.0,5.0,Not Disclosed,0.0,0.0,Mumbai,12.0,Naukri,4.5,2300.0,"Stress testing, Audit compliance, Regulatory reporting",No,0.0,Mumbai,"['Stress Testing', 'Audit Compliance', 'Regulatory Reporting']"
Senior Data Analyst-Credit Cards,IDFC FIRST Bank,5-10 Yrs,5.0,10.0,Not Disclosed,0.0,0.0,Mumbai,12.0,Naukri,4.5,2300.0,"Usage, Test strategy, Analytical",No,0.0,Mumbai,"['Usage', 'Test Strategy', 'Analytical']"
Senior Data Analyst - Cx,IDFC FIRST Bank,5-10 Yrs,5.0,10.0,Not Disclosed,0.0,0.0,Mumbai,12.0,Naukri,4.5,2300.0,"Test strategy, Analytical, Senior Data Analyst",No,0.0,Mumbai,"['Test Strategy', 'Analytical', 'Senior Data Analyst']"
Data Analyst-Retail Assets,IDFC FIRST Bank,2-5 Yrs,2.0,5.0,Not Disclosed,0.0,0.0,Mumbai,12.0,Naukri,4.5,2300.0,"Retail, Test strategy, Analytical",No,0.0,Mumbai,"['Retail', 'Test Strategy', 'Analytical']"
Senior Data Analyst,IDFC FIRST Bank,2-5 Yrs,2.0,5.0,Not Disclosed,0.0,0.0,Mumbai,12.0,Naukri,4.5,2300.0,"Usage, Test strategy, Analytical",No,0.0,Mumbai,"['Usage', 'Test Strategy', 'Analytical']"
FHIR Data Analyst,Infosys Limited,5-10 Yrs,5.0,10.0,Not Disclosed,0.0,0.0,Bangalore / Bengaluru,4.0,Naukri,3.8,33500.0,"HL7 FHIR implementation, Agile Methodologies, FHIR",No,0.0,Bengaluru,"['Hl7 Fhir Implementation', 'Agile Methodologies', 'Fhir']"
Healthcare Data Analyst,Infosys Limited,2-6 Yrs,2.0,6.0,Not Disclosed,0.0,0.0,Bangalore / Bengaluru,4.0,Naukri,3.8,33500.0,"PL/SQL, STTM creation, Data mapping",No,0.0,Bengaluru,"['Pl/Sql', 'Sttm Creation', 'Data Mapping']"
Specialist - Investments,Jardine Lloyd Thompson India Pvt Ltd.,2-5 Yrs,2.0,5.0,₹ 4.754 - 7L/yr (AmbitionBox estimate),475400.0,700000.0,Pune,3.0,Naukri,4.0,558.0,"Data management, RDBMS, Project management",Yes,587700.0,Pune,"['Data Management', 'Rdbms', 'Project Management']"
JP Morgan Chase - Reference Data Analyst (4-6 yrs),JP Morgan Chase,4-6 Yrs,4.0,6.0,Not Disclosed,0.0,0.0,Mumbai,16.0,iimjobs,4.1,5300.0,"Reference Data, IT Business Analyst, IT Jobs in BFSI",No,0.0,Mumbai,"['Reference Data', 'It Business Analyst', 'It Jobs In Bfsi']"
Veeva process specialists,Tech Mahindra,5-10 Yrs,5.0,10.0,₹ 7 - 12L/yr,700000.0,1200000.0,Hyderabad / Secunderabad,3.0,Naukri,3.7,28500.0,"CTMS, CDMS, Veeva",Yes,950000.0,Hyderabad,"['Ctms', 'Cdms', 'Veeva']"
Data Analyst/Sr. Analyst - SAS & Python,FedEx,3-8 Yrs,3.0,8.0,₹ 10 - 20L/yr,1000000.0,2000000.0,"Mumbai, Bangalore / Bengaluru",17.0,Naukri,4.2,1100.0,"Predictive Modeling, Logistic Regression, SAS",Yes,1500000.0,Mumbai,"['Predictive Modeling', 'Logistic Regression', 'Sas']"
Data Analyst For SAP Business Warehouse,Siemens Limited,2-6 Yrs,2.0,6.0,Not Disclosed,0.0,0.0,Pune,2.0,Naukri,4.2,4200.0,"Automation, SAP, Project management",No,0.0,Pune,"['Automation', 'Sap', 'Project Management']"
Data Analyst- SQL,Gainwell Technologies,13-23 Yrs,13.0,23.0,Not Disclosed,0.0,0.0,"Chennai, Bangalore / Bengaluru",4.0,Naukri,4.0,83.0,"Query Optimization, Msql, Stored Procedures",No,0.0,Chennai,"['Query Optimization', 'Msql', 'Stored Procedures']"
Sr. Price & Data Analyst,Stanley Black & Decker,5-8 Yrs,5.0,8.0,Not Disclosed,0.0,0.0,Bangalore / Bengaluru,4.0,Naukri,4.0,268.0,"AB Analysis, Pricing, Price Framework",No,0.0,Bengaluru,"['Ab Analysis', 'Pricing', 'Price Framework']"
FHIR Data Analyst,Infosys Limited,3-6 Yrs,3.0,6.0,₹ 3.5 - 9.45L/yr (AmbitionBox estimate),350000.0,945000.0,Bangalore / Bengaluru,11.0,Naukri,3.8,33500.0,"Agile Methodologies, CARIN, FHIR",Yes,647500.0,Bengaluru,"['Agile Methodologies', 'Carin', 'Fhir']"
Data Analyst - Qlikview / Qliksense,PwC Service Delivery Center,4-8 Yrs,4.0,8.0,Not Disclosed,0.0,0.0,Bangalore Rural,3.0,Naukri,3.5,7500.0,"Data Visualization, Data Analyst, QlikView",No,0.0,Bengaluru,"['Data Visualization', 'Data Analyst', 'Qlikview']"
Healthcare Data Analyst,Infosys Limited,3-8 Yrs,3.0,8.0,Not Disclosed,0.0,0.0,Bangalore / Bengaluru,12.0,Naukri,3.8,33500.0,"PL/SQL, STTM creation, Data mapping",No,0.0,Bengaluru,"['Pl/Sql', 'Sttm Creation', 'Data Mapping']"
Senior Associate - Workday Help - Reporting,TIAA,7-9 Yrs,7.0,9.0,Not Disclosed,0.0,0.0,Pune,2.0,Naukri,4.0,529.0,"Data analysis, Predictive modeling, Data quality",No,0.0,Pune,"['Data Analysis', 'Predictive Modeling', 'Data Quality']"
Automation and Data analyst Professional,Volvo Group,5-10 Yrs,5.0,10.0,Not Disclosed,0.0,0.0,Bangalore / Bengaluru,18.0,Naukri,4.1,604.0,"Automation, C",No,0.0,Bengaluru,"['Automation', 'C']"
Data Analyst,Foundever,4-9 Yrs,4.0,9.0,₹ 0.5 - 0.7L/yr,50000.0,70000.0,Chennai,11.0,Naukri,3.8,1700.0,"Power Bi, Dax, AWS",Yes,60000.0,Chennai,"['Power Bi', 'Dax', 'Aws']"
Consultant - Data Analyst,TransUnion Software Services Pvt. Ltd,4-8 Yrs,4.0,8.0,Not Disclosed,0.0,0.0,Mumbai,2.0,Naukri,4.0,320.0,"Bfsi, Analytical, Data collection",No,0.0,Mumbai,"['Bfsi', 'Analytical', 'Data Collection']"
Data Analyst,"PayPal Holdings, Inc.",3-6 Yrs,3.0,6.0,Not Disclosed,0.0,0.0,Hyderabad / Secunderabad,2.0,Naukri,3.9,813.0,"Computer science, Data analysis, Machine learning",No,0.0,Hyderabad,"['Computer Science', 'Data Analysis', 'Machine Learning']"
Data Analyst - Energy & Sustainability,CBRE,5-10 Yrs,5.0,10.0,₹ 10 - 20L/yr,1000000.0,2000000.0,"Mumbai Suburbs, Mumbai, Mumbai",27.0,Naukri,4.2,3400.0,"Energy Management, Data Analysis, Energy Audit",Yes,1500000.0,Mumbai Suburbs,"['Energy Management', 'Data Analysis', 'Energy Audit']"
Data Analyst,Wipro,2-4 Yrs,2.0,4.0,₹ 3 - 7.5L/yr (AmbitionBox estimate),300000.0,750000.0,Gurgaon / Gurugram,2.0,Naukri,3.8,41400.0,"Advance Excel, Power Bi, Data Analysis",Yes,525000.0,Gurugram,"['Advance Excel', 'Power Bi', 'Data Analysis']"
Data Analyst,Magna Steyr,3-6 Yrs,3.0,6.0,Not Disclosed,0.0,0.0,Bangalore / Bengaluru,17.0,Naukri,4.0,560.0,"Supply chain, Data analysis, Data management",No,0.0,Bengaluru,"['Supply Chain', 'Data Analysis', 'Data Management']"
Sr. Lead Data Analyst,Airtel,8-12 Yrs,8.0,12.0,Not Disclosed,0.0,0.0,Gurgaon / Gurugram,10.0,Naukri,4.0,12200.0,"R, Tableau, Python",No,0.0,Gurugram,"['R', 'Tableau', 'Python']"
Lead Data Analyst,Airtel,4-9 Yrs,4.0,9.0,Not Disclosed,0.0,0.0,Gurgaon / Gurugram,10.0,Naukri,4.0,12200.0,"R, Data Analysis, Data Visualization",No,0.0,Gurugram,"['R', 'Data Analysis', 'Data Visualization']"
"HCL Tech- Job Opening For Data analyst @ Hyderabad, Bangalore",HCLTech,6-10 Yrs,6.0,10.0,Not Disclosed,0.0,0.0,"Bangalore Rural, Hyderabad / Secunderabad",10.0,Naukri,3.6,30200.0,"ETL, SCM, data analyst",No,0.0,Bengaluru,"['Etl', 'Scm', 'Data Analyst']"
Data Analyst,Nestle,2-5 Yrs,2.0,5.0,Not Disclosed,0.0,0.0,Gurgaon / Gurugram,24.0,Naukri,4.1,2000.0,"Automation, Natural Language Processing, Pandas",No,0.0,Gurugram,"['Automation', 'Natural Language Processing', 'Pandas']"
"Team Lead - Data Analyst, Category Marketing",Flipkart Internet Private Limited.,2-7 Yrs,2.0,7.0,₹ 2.5 - 8L/yr (AmbitionBox estimate),250000.0,800000.0,Bangalore / Bengaluru,11.0,Naukri,4.0,9600.0,"python, data analysis, data analytics",Yes,525000.0,Bengaluru,"['Python', 'Data Analysis', 'Data Analytics']"
Lead Data Analyst,Conneqt Digital,10-15 Yrs,10.0,15.0,₹ 12 - 22L/yr,1200000.0,2200000.0,Bangalore / Bengaluru,2.0,Naukri,3.7,8000.0,"Data Analysis, Stakeholder management, Data Products",Yes,1700000.0,Bengaluru,"['Data Analysis', 'Stakeholder Management', 'Data Products']"
Data Analyst,Conneqt Digital,5-10 Yrs,5.0,10.0,Not Disclosed,0.0,0.0,Bangalore / Bengaluru,2.0,Naukri,3.7,8000.0,"merging, Data Analysis, Data cleansing",No,0.0,Bengaluru,"['Merging', 'Data Analysis', 'Data Cleansing']"
JP Morgan Chase - Client Data Analyst (4-6 yrs),JP Morgan Chase,4-6 Yrs,4.0,6.0,Not Disclosed,0.0,0.0,Hyderabad / Secunderabad,28.0,iimjobs,4.1,5300.0,"KYC, AML, Banking",No,0.0,Hyderabad,"['Kyc', 'Aml', 'Banking']"
Data Analyst,Target Corporation India Pvt Ltd,2-4 Yrs,2.0,4.0,Not Disclosed,0.0,0.0,Bangalore / Bengaluru,16.0,Naukri,4.2,579.0,"Supply chain, Automation, SAP",No,0.0,Bengaluru,"['Supply Chain', 'Automation', 'Sap']"
Data Analyst,Infosys,4-9 Yrs,4.0,9.0,Not Disclosed,0.0,0.0,"Pune, Bangalore / Bengaluru, Bangalore Rural",19.0,Naukri,3.8,33500.0,"ETL, banking domain, SQL",No,0.0,Pune,"['Etl', 'Banking Domain', 'Sql']"
Reference Data Analyst,DEUTSCHE BANK AG,3-5 Yrs,3.0,5.0,₹ 4.7 - 6L/yr (AmbitionBox estimate),470000.0,600000.0,Jaipur,10.0,Naukri,4.0,2900.0,"derivatives, Excel, Swap",Yes,535000.0,Jaipur,"['Derivatives', 'Excel', 'Swap']"
"Junior /Assistant Manager - Data Analyst, Variance I Mumbai",Parle,3-6 Yrs,3.0,6.0,Not Disclosed,0.0,0.0,Mumbai,10.0,Naukri,4.0,1400.0,"SAP, Data Analysis, Variance Analysis",No,0.0,Mumbai,"['Sap', 'Data Analysis', 'Variance Analysis']"
Executive QA- Data Analyst,Parle,2-5 Yrs,2.0,5.0,Not Disclosed,0.0,0.0,Mumbai,10.0,Naukri,4.0,1400.0,"SAP, Data Analysis, quality deviation",No,0.0,Mumbai,"['Sap', 'Data Analysis', 'Quality Deviation']"
Power BI Microsoft - Executive / Data Analyst,Sone India Group Of Industries,2-6 Yrs,2.0,6.0,Not Disclosed,0.0,0.0,"New Delhi, Netaji subhash place",11.0,Naukri,4.8,51.0,"data cleansing, data analysis, Power BI",No,0.0,Delhi,"['Data Cleansing', 'Data Analysis', 'Power Bi']"
Lead Data Research Analyst,Morningstar India (P) Ltd.,4-7 Yrs,4.0,7.0,Not Disclosed,0.0,0.0,Mumbai,4.0,Naukri,3.9,928.0,"Automation, Corporate actions, Data management",No,0.0,Mumbai,"['Automation', 'Corporate Actions', 'Data Management']"
"SENIOR, DATA ANALYST",Walmart Labs,3-8 Yrs,3.0,8.0,₹ 3.35 - 30L/yr (AmbitionBox estimate),335000.0,3000000.0,Bangalore / Bengaluru,24.0,Naukri,4.0,2100.0,"Data analysis, Automation, Data management",Yes,1667500.0,Bengaluru,"['Data Analysis', 'Automation', 'Data Management']"
Data Analyst,NextComm Corporation India,1-8 Yrs,1.0,8.0,Not Disclosed,0.0,0.0,"Chennai, Pune, New Delhi
													+4 more",30.0,Naukri,4.9,1200.0,"data mining, data cleansing, data analysis",No,0.0,Chennai,"['Data Mining', 'Data Cleansing', 'Data Analysis']"
HSSE Q&R Data Analyst,SBM Offshore,6-9 Yrs,6.0,9.0,Not Disclosed,0.0,0.0,Bangalore / Bengaluru,5.0,Naukri,4.3,64.0,"Computer science, Usage, SAP",No,0.0,Bengaluru,"['Computer Science', 'Usage', 'Sap']"
Senior Data Analyst,Guidehouse,3-6 Yrs,3.0,6.0,Not Disclosed,0.0,0.0,"Chennai, Thiruvananthapuram",4.0,Naukri,4.0,513.0,"Product management, Executive leadership, Change management",No,0.0,Chennai,"['Product Management', 'Executive Leadership', 'Change Management']"
Data Analyst,Suryoday Small Finance Bank,1-5 Yrs,1.0,5.0,Not Disclosed,0.0,0.0,Navi Mumbai,9.0,Naukri,4.1,965.0,"Data Analysis, Data Analytics, Data Reporting",No,0.0,Navi Mumbai,"['Data Analysis', 'Data Analytics', 'Data Reporting']"
Data Analyst,Infosys,3-8 Yrs,3.0,8.0,Not Disclosed,0.0,0.0,Bangalore / Bengaluru,23.0,Naukri,3.8,33500.0,"HL7, HL, Fhir",No,0.0,Bengaluru,"['Hl7', 'Hl', 'Fhir']"
Data Scientist / Data Analyst,Siemens Limited,3-5 Yrs,3.0,5.0,₹ 5 - 9.8L/yr (AmbitionBox estimate),500000.0,980000.0,Panaji/Panjim,16.0,Naukri,4.2,4200.0,"Data analysis, Analytical, Machine learning",Yes,740000.0,Panaji,"['Data Analysis', 'Analytical', 'Machine Learning']"
Sr Business Process Analyst (Sr Data Analyst- Hardware),Kronos Solutions India Pvt. Ltd.,6-11 Yrs,6.0,11.0,Not Disclosed,0.0,0.0,Noida,1.0,Naukri,3.6,459.0,"configuration management, technical support, it support",No,0.0,Noida,"['Configuration Management', 'Technical Support', 'It Support']"
Data Analyst,"PayPal Holdings, Inc.",2-7 Yrs,2.0,7.0,Not Disclosed,0.0,0.0,Bangalore / Bengaluru,12.0,Naukri,3.9,813.0,"SAS, Analytical, Finance",No,0.0,Bengaluru,"['Sas', 'Analytical', 'Finance']"
Urgent Opening !!!  Data Analyst - IIT/NIT /IIM Engineer/MBA,Angel One,4-8 Yrs,4.0,8.0,₹ 11 - 21L/yr,1100000.0,2100000.0,Mumbai,2.0,Naukri,3.9,1300.0,"Data Querying, Power BI, Data Analysis",Yes,1600000.0,Mumbai,"['Data Querying', 'Power Bi', 'Data Analysis']"
Job || Lead Data Analyst || Wipro || Gurugram,Wipro Limited,5-10 Yrs,5.0,10.0,₹ 10 - 20L/yr,1000000.0,2000000.0,Gurgaon / Gurugram,11.0,Naukri,3.8,41400.0,"Data Analyst, Data Modeling, ETL",Yes,1500000.0,Gurugram,"['Data Analyst', 'Data Modeling', 'Etl']"
Data Analyst And MIS Lead For Gurgaon,Wipro Limited,3-8 Yrs,3.0,8.0,₹ 5 - 8.5L/yr,500000.0,850000.0,Gurgaon / Gurugram,11.0,Naukri,3.8,41400.0,"Google Sheets, Automation, Power Bi",Yes,675000.0,Gurugram,"['Google Sheets', 'Automation', 'Power Bi']"
"Data Analyst(Sql,SAS)",TELUS International,3-7 Yrs,3.0,7.0,Not Disclosed,0.0,0.0,Noida,10.0,Naukri,3.8,957.0,"Data Transformation, Metadata Management, SAS",No,0.0,Noida,"['Data Transformation', 'Metadata Management', 'Sas']"
Data Analyst 2,"PayPal Holdings, Inc.",3-8 Yrs,3.0,8.0,Not Disclosed,0.0,0.0,Chennai,13.0,Naukri,3.9,813.0,"Automation, Analytical, Finance",No,0.0,Chennai,"['Automation', 'Analytical', 'Finance']"
Data Analyst,Birlasoft,4-6 Yrs,4.0,6.0,Not Disclosed,0.0,0.0,"Gurgaon / Gurugram, India",5.0,Naukri,3.8,2400.0,"IICS, Postgresql, Pl Sql Procedures",No,0.0,Gurugram,"['Iics', 'Postgresql', 'Pl Sql Procedures']"
Cimpress - HR Data Analyst (2-5 yrs),Cimpress India,2-5 Yrs,2.0,5.0,Not Disclosed,0.0,0.0,"Mumbai, Bangalore / Bengaluru",11.0,iimjobs,3.9,266.0,"HR Analytics, HR Operations, HR Jobs in IT/ITeS",No,0.0,Mumbai,"['Hr Analytics', 'Hr Operations', 'Hr Jobs In It/Ites']"
SQL Developer (Data Analyst),Teleperformance (TP),4-9 Yrs,4.0,9.0,Not Disclosed,0.0,0.0,"Hyderabad / Secunderabad, Gurgaon / Gurugram",24.0,Naukri,3.8,23600.0,"T-SQL, SQL Development, SQL Queries",No,0.0,Hyderabad,"['T-Sql', 'Sql Development', 'Sql Queries']"
Data Analyst,Photon Infotech P Ltd,4-9 Yrs,4.0,9.0,Not Disclosed,0.0,0.0,"Chennai, Bangalore / Bengaluru",5.0,Naukri,4.0,1400.0,"data cleansing, Data analysis, SAS",No,0.0,Chennai,"['Data Cleansing', 'Data Analysis', 'Sas']"
Lead Data Analyst,Photon Infotech P Ltd,8-13 Yrs,8.0,13.0,Not Disclosed,0.0,0.0,"Chennai, Bangalore / Bengaluru",5.0,Naukri,4.0,1400.0,"Data analysis, SAS, Data management",No,0.0,Chennai,"['Data Analysis', 'Sas', 'Data Management']"
Data Analyst SAS,GRANT THORNTON BHARAT LLP,5-10 Yrs,5.0,10.0,Not Disclosed,0.0,0.0,"Bangalore / Bengaluru, Kolkata",2.0,Naukri,3.7,708.0,"excel, credit risk management, model validation",No,0.0,Bengaluru,"['Excel', 'Credit Risk Management', 'Model Validation']"
Senior Associate - Data Scientist,Pricewaterhouse Coopers Private Limited,2-5 Yrs,2.0,5.0,Not Disclosed,0.0,0.0,Gurgaon / Gurugram,17.0,Naukri,3.5,7500.0,"Data analysis, Data modeling, Analytical",No,0.0,Gurugram,"['Data Analysis', 'Data Modeling', 'Analytical']"
Reference Data Analyst,Deutsche Bank,1-5 Yrs,1.0,5.0,Not Disclosed,0.0,0.0,Jaipur,17.0,Naukri,4.0,2900.0,"SSI, Swift Messaging, Trade Settlements",No,0.0,Jaipur,"['Ssi', 'Swift Messaging', 'Trade Settlements']"
Statistical Data Analyst,Altimetrik,6-11 Yrs,6.0,11.0,Not Disclosed,0.0,0.0,Bangalore / Bengaluru,4.0,Naukri,3.8,882.0,"Regression, Ab Testing, Hypothesis",No,0.0,Bengaluru,"['Regression', 'Ab Testing', 'Hypothesis']"
Data Analyst - HR,JSW Steel,8-13 Yrs,8.0,13.0,Not Disclosed,0.0,0.0,Navi Mumbai,19.0,Naukri,4.0,4900.0,"Data Analytics, HR Analytics",No,0.0,Navi Mumbai,"['Data Analytics', 'Hr Analytics']"
Data Analyst,Nxtwave Disruptive Technologies,1-4 Yrs,1.0,4.0,Not Disclosed,0.0,0.0,Hyderabad / Secunderabad,1.0,Naukri,3.9,494.0,"Excel, Power Bi, Bigquery",No,0.0,Hyderabad,"['Excel', 'Power Bi', 'Bigquery']"
Data Analyst,MSCI,0-3 Yrs,0.0,3.0,Not Disclosed,0.0,0.0,Mumbai,3.0,Naukri,4.1,221.0,"Unix, Financial statements, Manager Quality Assurance",No,0.0,Mumbai,"['Unix', 'Financial Statements', 'Manager Quality Assurance']"
Index Input Data Analyst,MSCI,1-2 Yrs,1.0,2.0,₹ 3.4 - 12L/yr (AmbitionBox estimate),340000.0,1200000.0,Mumbai,3.0,Naukri,4.1,221.0,"Data analysis, Automation, Manager Quality Assurance",Yes,770000.0,Mumbai,"['Data Analysis', 'Automation', 'Manager Quality Assurance']"
Corporate Events Data Analyst,MSCI,1-2 Yrs,1.0,2.0,₹ 3.4 - 12L/yr (AmbitionBox estimate),340000.0,1200000.0,Mumbai,3.0,Naukri,4.1,221.0,"CVS, Corporate actions, Networking",Yes,770000.0,Mumbai,"['Cvs', 'Corporate Actions', 'Networking']"
Data Analyst (SQL+Tableau) - AVP,Deutsche Bank,10-16 Yrs,10.0,16.0,Not Disclosed,0.0,0.0,Jaipur,18.0,Naukri,4.0,2900.0,"Data Engineering, SQL Development, Data Analysis",No,0.0,Jaipur,"['Data Engineering', 'Sql Development', 'Data Analysis']"
Azure Data Analyst || Product Based MNC (Direct Payroll) || Kolkata,Digital Aptech,4-8 Yrs,4.0,8.0,₹ 7 - 16L/yr,700000.0,1600000.0,Kolkata,9.0,Naukri,4.5,107.0,"Data Management, ETL Tool, SQL Azure",Yes,1150000.0,Kolkata,"['Data Management', 'Etl Tool', 'Sql Azure']"
Data Analyst,Angel One,2-5 Yrs,2.0,5.0,₹ 17 - 25L/yr,1700000.0,2500000.0,Mumbai,5.0,Naukri,3.9,1300.0,"python, Power Bi, Tableau",Yes,2100000.0,Mumbai,"['Python', 'Power Bi', 'Tableau']"
Data Analyst,Synechron,5-14 Yrs,5.0,14.0,Not Disclosed,0.0,0.0,Mumbai,8.0,Naukri,3.6,2500.0,"Data analysis, Data modeling, Underwriting",No,0.0,Mumbai,"['Data Analysis', 'Data Modeling', 'Underwriting']"
Data Analyst- Graphic Designer,Genpact,1-6 Yrs,1.0,6.0,₹ 2 - 6L/yr,200000.0,600000.0,Noida,30.0,Naukri,3.9,27000.0,"Print Design, Illustrator, Graphic Designing",Yes,400000.0,Noida,"['Print Design', 'Illustrator', 'Graphic Designing']"
upGrad - Data Analyst - CRM (5-8 yrs),upgrad,5-8 Yrs,5.0,8.0,Not Disclosed,0.0,0.0,Bangalore / Bengaluru,3.0,iimjobs,3.8,1600.0,"Analytics, Data Analytics, Web Analytics",No,0.0,Bengaluru,"['Analytics', 'Data Analytics', 'Web Analytics']"
EDA Data Analyst,NXP Semiconductors,6-8 Yrs,6.0,8.0,Not Disclosed,0.0,0.0,Bangalore / Bengaluru,12.0,Naukri,3.9,208.0,"Automation, Data analysis, Linux",No,0.0,Bengaluru,"['Automation', 'Data Analysis', 'Linux']"
Looking Manager - MIS &Data Analyst based- Lowerparel-Immediate Joiner,Anand Rathi Insurance Brokers (ARIBL),3-8 Yrs,3.0,8.0,₹ 3.5 - 8.5L/yr,350000.0,850000.0,Mumbai,3.0,Naukri,4.2,61.0,"MIS report, MIS Operations, VLOOKUP",Yes,600000.0,Mumbai,"['Mis Report', 'Mis Operations', 'Vlookup']"
Senior Data Security Engineer (Data Analyst along with Power BI),Kronos Solutions India Pvt. Ltd.,5-8 Yrs,5.0,8.0,Not Disclosed,0.0,0.0,Noida,6.0,Naukri,3.6,459.0,"R, NoSQL, GCP BQ",No,0.0,Noida,"['R', 'Nosql', 'Gcp Bq']"
Hr Data Analyst,Yash Technologies,2-5 Yrs,2.0,5.0,Not Disclosed,0.0,0.0,Hyderabad / Secunderabad,9.0,Naukri,3.8,1400.0,"HR MIS, People Analytics, Power Bi",No,0.0,Hyderabad,"['Hr Mis', 'People Analytics', 'Power Bi']"
Marketing Ops Analyst,Target Corporation India Pvt Ltd,5-10 Yrs,5.0,10.0,Not Disclosed,0.0,0.0,Bangalore / Bengaluru,26.0,Naukri,4.2,579.0,"Career development, Change management, metadata",No,0.0,Bengaluru,"['Career Development', 'Change Management', 'Metadata']"
Data Analyst,Aster DM Healthcare,4-8 Yrs,4.0,8.0,Not Disclosed,0.0,0.0,Gurgaon / Gurugram,13.0,Naukri,3.8,366.0,"Data Science, Predictive Modeling, Data Analysis",No,0.0,Gurugram,"['Data Science', 'Predictive Modeling', 'Data Analysis']"
Senior Data Analyst,"PayPal Holdings, Inc.",4-6 Yrs,4.0,6.0,Not Disclosed,0.0,0.0,Chennai,18.0,Naukri,3.9,813.0,"Analytical, Finance, Commerce",No,0.0,Chennai,"['Analytical', 'Finance', 'Commerce']"
"Data Analyst(ETL, DWH , SQL Developer) with Hexaware Technologies",Hexaware Technologies,4-9 Yrs,4.0,9.0,Not Disclosed,0.0,0.0,"Chennai, Pune, Bangalore / Bengaluru",12.0,Naukri,3.6,5000.0,"Etl Development, Data Warehousing, Dwh Implementation",No,0.0,Chennai,"['Etl Development', 'Data Warehousing', 'Dwh Implementation']"
Data Analyst,Realpage,2-4 Yrs,2.0,4.0,₹ 6 - 9L/yr (AmbitionBox estimate),600000.0,900000.0,Hyderabad / Secunderabad,5.0,Naukri,3.7,412.0,"Finance, Data Analysis, Advanced Excel",Yes,750000.0,Hyderabad,"['Finance', 'Data Analysis', 'Advanced Excel']"
Indium Software - Data Analyst - R/Python (1-5 yrs),Indium Software,1-5 Yrs,1.0,5.0,Not Disclosed,0.0,0.0,"Bangalore / Bengaluru, Hyderabad / Secunderabad",13.0,hirist,4.1,698.0,"Data Analyst, Data Analytics, Python",No,0.0,Bengaluru,"['Data Analyst', 'Data Analytics', 'Python']"
Data Analyst 2,upGrad,3-5 Yrs,3.0,5.0,Not Disclosed,0.0,0.0,Bangalore Rural,5.0,Naukri,3.8,1600.0,"Google Analytics, Data Analysis, Data Extraction",No,0.0,Bengaluru,"['Google Analytics', 'Data Analysis', 'Data Extraction']"
Financial MIS and Data Analyst,Sub K IMAPCT Solutions Limited,3-8 Yrs,3.0,8.0,Not Disclosed,0.0,0.0,Hyderabad / Secunderabad,8.0,Naukri,4.1,231.0,"Financial Analytics, MIS, Data Modeling",No,0.0,Hyderabad,"['Financial Analytics', 'Mis', 'Data Modeling']"
Data Analyst,Digital Aptech,4-8 Yrs,4.0,8.0,₹ 7 - 16L/yr,700000.0,1600000.0,Kolkata,13.0,Naukri,4.5,107.0,"Data Management, ETL Tool, Data Warehousing Concepts",Yes,1150000.0,Kolkata,"['Data Management', 'Etl Tool', 'Data Warehousing Concepts']"
Business Analyst,Chubb,7-10 Yrs,7.0,10.0,Not Disclosed,0.0,0.0,Bangalore / Bengaluru,10.0,Naukri,3.8,128.0,"Computer science, Data analysis, Data validation",No,0.0,Bengaluru,"['Computer Science', 'Data Analysis', 'Data Validation']"
Data Analyst (Remote),Firstsource,1-5 Yrs,1.0,5.0,₹ 7 - 14L/yr,700000.0,1400000.0,Chennai,16.0,Naukri,3.8,4100.0,"Data Validation, Power Bi, Snowflake",Yes,1050000.0,Chennai,"['Data Validation', 'Power Bi', 'Snowflake']"
Data Analyst & Report Designer - TRAI,National Institute for Smart Government (NISG),5-10 Yrs,5.0,10.0,₹ 5.05 - 10.6L/yr (AmbitionBox estimate),505000.0,1060000.0,New Delhi,4.0,Naukri,3.8,183.0,"Data Analysis, Cleaning, Data Processing",Yes,782500.0,Delhi,"['Data Analysis', 'Cleaning', 'Data Processing']"
Mondelez International - Global Procurement Insights Visualization Lead - QlikSense/Tableau/Power BI (8-14 yrs),Mondelez india foods private limited,8-14 Yrs,8.0,14.0,Not Disclosed,0.0,0.0,Mumbai,30.0,hirist,4.4,895.0,"Data Visualization, Data Analytics, Power BI",No,0.0,Mumbai,"['Data Visualization', 'Data Analytics', 'Power Bi']"
Senior Data Analyst (Azure),"Redpine Signals, Inc.",5-8 Yrs,5.0,8.0,Not Disclosed,0.0,0.0,Hyderabad / Secunderabad,3.0,Naukri,4.6,19.0,"Wireless, Computer science, MS SQL",No,0.0,Hyderabad,"['Wireless', 'Computer Science', 'Ms Sql']"
Data Analyst/MIS Analyst For Hyderabad-Immediate joiners only,Wipro,3-6 Yrs,3.0,6.0,₹ 5 - 8L/yr,500000.0,800000.0,Hyderabad / Secunderabad,18.0,Naukri,3.8,41400.0,"Big Query, Power Bi, Scripts",Yes,650000.0,Hyderabad,"['Big Query', 'Power Bi', 'Scripts']"
Senior Data Analyst,Teleperformance (TP),5-8 Yrs,5.0,8.0,Not Disclosed,0.0,0.0,Mumbai,30.0,Naukri,3.8,23600.0,"Hive, Data Visualization, Spark",No,0.0,Mumbai,"['Hive', 'Data Visualization', 'Spark']"
Looker Developer - Data Analyst,Renault Nissan Technology  Business Centre IndiaPvt.Ltd,2-5 Yrs,2.0,5.0,Not Disclosed,0.0,0.0,Chennai,12.0,Naukri,3.9,1400.0,"Data analysis, metadata, Usage",No,0.0,Chennai,"['Data Analysis', 'Metadata', 'Usage']"
ADAS Data Analyst_Engineer,Renault Nissan Technology  Business Centre IndiaPvt.Ltd,3-6 Yrs,3.0,6.0,Not Disclosed,0.0,0.0,Chennai,12.0,Naukri,3.9,1400.0,"Usage, tableau, GIT",No,0.0,Chennai,"['Usage', 'Tableau', 'Git']"
Data Analyst,"PayPal Holdings, Inc.",3-6 Yrs,3.0,6.0,Not Disclosed,0.0,0.0,Bangalore / Bengaluru,20.0,Naukri,3.9,813.0,"Data analysis, Analytical, Manager Technology",No,0.0,Bengaluru,"['Data Analysis', 'Analytical', 'Manager Technology']"
Data Analyst,Nureca Limited,4-6 Yrs,4.0,6.0,₹ 3.5 - 6L/yr,350000.0,600000.0,Chandigarh,11.0,Naukri,4.4,123.0,"Google Sheets, G Suite, Google Apps Script",Yes,475000.0,Chandigarh,"['Google Sheets', 'G Suite', 'Google Apps Script']"
Manager - Data Analyst,Murugappa Group,5-10 Yrs,5.0,10.0,₹ 10 - 15L/yr,1000000.0,1500000.0,Chennai,25.0,Naukri,4.0,237.0,"tableau, Power BI, Data Analytics",Yes,1250000.0,Chennai,"['Tableau', 'Power Bi', 'Data Analytics']"
Content Designer,Acko General,3-4 Yrs,3.0,4.0,Not Disclosed,0.0,0.0,Bangalore / Bengaluru,3.0,Naukri,3.8,390.0,"Analytical skills, Copy writing, digital campaigns",No,0.0,Bengaluru,"['Analytical Skills', 'Copy Writing', 'Digital Campaigns']"
Senior Associate,Pricewaterhouse Coopers Private Limited,4-7 Yrs,4.0,7.0,₹ 6 - 17.46L/yr (AmbitionBox estimate),600000.0,1746000.0,Kolkata,24.0,Naukri,3.5,7500.0,"Stakeholder Engagement, Consulting, Data Analyst",Yes,1173000.0,Kolkata,"['Stakeholder Engagement', 'Consulting', 'Data Analyst']"
Data Analyst,Cimpress,3-8 Yrs,3.0,8.0,Not Disclosed,0.0,0.0,Mumbai,18.0,Naukri,3.9,266.0,"macros, data analysis, data management",No,0.0,Mumbai,"['Macros', 'Data Analysis', 'Data Management']"
Advanced Data Analyst,Honeywell,7-8 Yrs,7.0,8.0,Not Disclosed,0.0,0.0,Hyderabad / Secunderabad,23.0,Naukri,4.0,346.0,"Order management, Procurement, Business process",No,0.0,Hyderabad,"['Order Management', 'Procurement', 'Business Process']"
PLM Data Analyst,Syngenta Global,8-10 Yrs,8.0,10.0,Not Disclosed,0.0,0.0,Pune,30.0,Naukri,4.2,780.0,"Analytical, PLM, Pharma",No,0.0,Pune,"['Analytical', 'Plm', 'Pharma']"
Senior data analyst,Spice Money,4-8 Yrs,4.0,8.0,Not Disclosed,0.0,0.0,Remote,5.0,Naukri,4.0,273.0,"Excel, Coding, Senior Data Analyst",No,0.0,Remote,"['Excel', 'Coding', 'Senior Data Analyst']"
Data Analyst,Spice Money,2-5 Yrs,2.0,5.0,Not Disclosed,0.0,0.0,Noida,5.0,Naukri,4.0,273.0,"Excel, Coding, Data Analyst",No,0.0,Noida,"['Excel', 'Coding', 'Data Analyst']"
Compensation And Benefits Specialist,Ace Creative Learning,4-7 Yrs,4.0,7.0,Not Disclosed,0.0,0.0,Bangalore / Bengaluru,5.0,Naukri,4.0,113.0,"Payroll, Data Analyst in Payroll, MIS",No,0.0,Bengaluru,"['Payroll', 'Data Analyst In Payroll', 'Mis']"
MSCI - Index Input Data Analyst/Associate (1-6 yrs),MSCI,1-6 Yrs,1.0,6.0,Not Disclosed,0.0,0.0,Mumbai,10.0,iimjobs,4.1,221.0,"Data Analytics, Reference Data, CFA",No,0.0,Mumbai,"['Data Analytics', 'Reference Data', 'Cfa']"
Data Analyst cum Business Analyst,Kauvery Hospital,3-8 Yrs,3.0,8.0,Not Disclosed,0.0,0.0,Chennai,8.0,Naukri,4.0,292.0,"Business Intelligence, Business Consulting, statistical tools",No,0.0,Chennai,"['Business Intelligence', 'Business Consulting', 'Statistical Tools']"
Data Analyst - Power BI (5-8 yrs),SGS Technical Services Pvt. Ltd,5-8 Yrs,5.0,8.0,Not Disclosed,0.0,0.0,Pune,30.0,hirist,3.9,1400.0,"Data Analytics, Power BI, Data Visualization",No,0.0,Pune,"['Data Analytics', 'Power Bi', 'Data Visualization']"
Data Analyst / MIS Executive,Echobooom Management,0-1 Yrs,0.0,1.0,₹ 0.5 - 2.5L/yr,50000.0,250000.0,Mumbai,3.0,Naukri,3.9,529.0,"excel, reports, data",Yes,150000.0,Mumbai,"['Excel', 'Reports', 'Data']"
Hiring For Data Analyst,Xceedance,4-6 Yrs,4.0,6.0,₹ 15 - 20L/yr,1500000.0,2000000.0,"Pune, Bangalore Rural, Gurgaon / Gurugram",3.0,Naukri,3.7,578.0,"Redshift Db, Data Warehousing, ETL",Yes,1750000.0,Pune,"['Redshift Db', 'Data Warehousing', 'Etl']"
Senior Data Analyst,Morningstar India (P) Ltd.,2-7 Yrs,2.0,7.0,Not Disclosed,0.0,0.0,Mumbai,19.0,Naukri,3.9,928.0,"Administration, Manager Quality Assurance, Publishing",No,0.0,Mumbai,"['Administration', 'Manager Quality Assurance', 'Publishing']"
Hr Data Analyst,O P Jindal Global University (JGU),7-12 Yrs,7.0,12.0,Not Disclosed,0.0,0.0,Sonipat,3.0,Naukri,4.0,157.0,"HR MIS, Excel Dashboards, Data Analysis",No,0.0,Sonipat,"['Hr Mis', 'Excel Dashboards', 'Data Analysis']"
Data Analyst,CMS Computers Ltd,9-12 Yrs,9.0,12.0,Not Disclosed,0.0,0.0,"Delhi/Ncr, New Delhi",11.0,Naukri,3.9,537.0,"Power Bi, Statistical Modeling, Data Visualization",No,0.0,Delhi,"['Power Bi', 'Statistical Modeling', 'Data Visualization']"
ESG Data Analyst,Equinix,3-4 Yrs,3.0,4.0,Not Disclosed,0.0,0.0,Bangalore / Bengaluru,2.0,Naukri,4.1,33.0,"Analytical skills, Excel, Software packages",No,0.0,Bengaluru,"['Analytical Skills', 'Excel', 'Software Packages']"
NIIT is Urgently hiring  Data Analyst(Gurgaon),NIIT,5-10 Yrs,5.0,10.0,₹ 3 - 5.5L/yr,300000.0,550000.0,Gurgaon / Gurugram,11.0,Naukri,3.7,1200.0,"Data Management, Mis Analysis, Data Analysis",Yes,425000.0,Gurugram,"['Data Management', 'Mis Analysis', 'Data Analysis']"
Data Analyst,SKF TECHNOLOGIES (INDIA) PRIVATE LIMITED,5-10 Yrs,5.0,10.0,Not Disclosed,0.0,0.0,Bangalore / Bengaluru,16.0,Naukri,4.0,929.0,"Data analysis, Excel, SAS",No,0.0,Bengaluru,"['Data Analysis', 'Excel', 'Sas']"
Data Analyst,Myntra.com,1-3 Yrs,1.0,3.0,₹ 4 - 18L/yr (AmbitionBox estimate),400000.0,1800000.0,Bangalore / Bengaluru,16.0,Naukri,4.0,1700.0,"Customer acquisition, Associate Data Analyst, Reconciliation",Yes,1100000.0,Bengaluru,"['Customer Acquisition', 'Associate Data Analyst', 'Reconciliation']"
Technical Consultant - Tableau,Salesforce,3-8 Yrs,3.0,8.0,Not Disclosed,0.0,0.0,"Pune, Bangalore / Bengaluru, Gurgaon / Gurugram
													+2 more",30.0,Naukri,4.1,714.0,"tableau, Data modeling, Agile development",No,0.0,Pune,"['Tableau', 'Data Modeling', 'Agile Development']"
"Data Visualization Analyst - TRAI , Delhi",National Institute for Smart Government (NISG),6-11 Yrs,6.0,11.0,₹ 10 - 20L/yr,1000000.0,2000000.0,New Delhi,10.0,Naukri,3.8,183.0,"Data analyst, Data Analysis, Data Visualization",Yes,1500000.0,Delhi,"['Data Analyst', 'Data Analysis', 'Data Visualization']"
Data Analyst,Clairvoyant India Pvt. Ltd,2-6 Yrs,2.0,6.0,Not Disclosed,0.0,0.0,"Pune, Hyderabad / Secunderabad",2.0,Naukri,4.0,73.0,"Data management, Analytical, Schema",No,0.0,Pune,"['Data Management', 'Analytical', 'Schema']"
Senior Tableau Developer & Data Analyst,Siemens Limited,3-6 Yrs,3.0,6.0,Not Disclosed,0.0,0.0,Pune,30.0,Naukri,4.2,4200.0,"Analytics, SQL, Consulting",No,0.0,Pune,"['Analytics', 'Sql', 'Consulting']"
Associate-Data Analyst (Cost Optimisation),Delhivery,0-4 Yrs,0.0,4.0,Not Disclosed,0.0,0.0,"Delhi/Ncr, Bangalore Rural",30.0,Naukri,3.9,5300.0,"Data Analysis, Cost Optimization, Variance Analysis",No,0.0,Delhi,"['Data Analysis', 'Cost Optimization', 'Variance Analysis']"
Associate Data Analyst- FPM,CAE Inc.,1-2 Yrs,1.0,2.0,Not Disclosed,0.0,0.0,Bangalore / Bengaluru,23.0,Naukri,4.3,36.0,"Analytical skills, data services, Document review",No,0.0,Bengaluru,"['Analytical Skills', 'Data Services', 'Document Review']"
99acres is hiring For MIS / Data analyst,Info Edge,3-5 Yrs,3.0,5.0,₹ 4.5 - 7L/yr,450000.0,700000.0,Noida,27.0,Naukri,4.0,1700.0,"Pivot Table, Power Bi, VLOOKUP",Yes,575000.0,Noida,"['Pivot Table', 'Power Bi', 'Vlookup']"
Data Analyst,DTDC Express,3-7 Yrs,3.0,7.0,Not Disclosed,0.0,0.0,Delhi/Ncr,27.0,Naukri,3.8,2500.0,"Data Management, Data Analysis, Advanced Excel",No,0.0,Delhi,"['Data Management', 'Data Analysis', 'Advanced Excel']"
Capco - Senior Data Analyst - Python/PySpark (8-10 yrs),Capco Technologies Pvt Ltd,8-10 Yrs,8.0,10.0,Not Disclosed,0.0,0.0,"Bangalore / Bengaluru, Hyderabad / Secunderabad, Pune",14.0,hirist,3.7,424.0,"Data Analyst, Python, PySpark",No,0.0,Bengaluru,"['Data Analyst', 'Python', 'Pyspark']"
Prop Solution - Senior Manager/Assistant General Manager - Data Analyst (2-4 yrs),Prop Solutions4U Pvt Ltd,2-4 Yrs,2.0,4.0,Not Disclosed,0.0,0.0,Navi Mumbai,20.0,iimjobs,4.6,41.0,"Analytics, Data Analytics",No,0.0,Navi Mumbai,"['Analytics', 'Data Analytics']"
Data Analyst,PlanetSpark,1-4 Yrs,1.0,4.0,₹ 6 - 8L/yr,600000.0,800000.0,Gurgaon / Gurugram,6.0,Naukri,3.7,1700.0,"EDA, Insights, Power Bi",Yes,700000.0,Gurugram,"['Eda', 'Insights', 'Power Bi']"
Reference Data Analyst,DEUTSCHE BANK AG,10-12 Yrs,10.0,12.0,Not Disclosed,0.0,0.0,Bangalore / Bengaluru,30.0,Naukri,4.0,2900.0,"Modification, People management, Clearing Data Quality",No,0.0,Bengaluru,"['Modification', 'People Management', 'Clearing Data Quality']"
"Reference Data Analyst, NCT",DEUTSCHE BANK AG,3-5 Yrs,3.0,5.0,₹ 4.7 - 6L/yr (AmbitionBox estimate),470000.0,600000.0,Jaipur,30.0,Naukri,4.0,2900.0,"derivatives, data analysis, Fixed income cash",Yes,535000.0,Jaipur,"['Derivatives', 'Data Analysis', 'Fixed Income Cash']"
Tata AIG - Chief Manager - Data Analyst (3-7 yrs),TATA AIG,3-7 Yrs,3.0,7.0,Not Disclosed,0.0,0.0,Mumbai,30.0,iimjobs,4.1,2300.0,"Analytics, Data Analytics, Data Management",No,0.0,Mumbai,"['Analytics', 'Data Analytics', 'Data Management']"
Senior Financial Data Analyst,Moody's Analytics,1-3 Yrs,1.0,3.0,Not Disclosed,0.0,0.0,Bangalore / Bengaluru,17.0,Naukri,3.8,231.0,"structured finance, Financial Data Analyst, credit analysis",No,0.0,Bengaluru,"['Structured Finance', 'Financial Data Analyst', 'Credit Analysis']"
"Data Analyst - Andheri,Mumbai @A.T.E.HUBER Envirotech Private Limited.",A T E Enterprises,0-2 Yrs,0.0,2.0,₹ 4 - 5L/yr,400000.0,500000.0,Mumbai,5.0,Naukri,4.0,96.0,"Data Management, Data Analysis, Data Extraction",Yes,450000.0,Mumbai,"['Data Management', 'Data Analysis', 'Data Extraction']"
Senior Data Analyst,Tek Travels,15-22 Yrs,15.0,22.0,Not Disclosed,0.0,0.0,Gurgaon / Gurugram,2.0,Naukri,3.8,48.0,"Power Bi, Reports And Dashboards, Tableau",No,0.0,Gurugram,"['Power Bi', 'Reports And Dashboards', 'Tableau']"
ImpactGuru - Senior Data Analyst (3-4 yrs),Impact Guru Technology Ventures Pvt Ltd,3-4 Yrs,3.0,4.0,Not Disclosed,0.0,0.0,Mumbai,18.0,hirist,4.1,333.0,"Data Analyst, Data Analytics, Dashboard Design",No,0.0,Mumbai,"['Data Analyst', 'Data Analytics', 'Dashboard Design']"
ImpactGuru - Senior Data Analyst (2-4 yrs),Impact Guru Technology Ventures Pvt Ltd,2-4 Yrs,2.0,4.0,Not Disclosed,0.0,0.0,Mumbai,18.0,hirist,4.1,333.0,"Data Analyst, SQL, Data Analytics",No,0.0,Mumbai,"['Data Analyst', 'Sql', 'Data Analytics']"
Impact Guru - Senior Data Analyst (3-4 yrs),Impact Guru Technology Ventures Pvt Ltd,3-4 Yrs,3.0,4.0,Not Disclosed,0.0,0.0,Mumbai,18.0,iimjobs,4.1,333.0,"Tableau, Data Analytics, Analytics",No,0.0,Mumbai,"['Tableau', 'Data Analytics', 'Analytics']"
AME Data Analyst,Garrett Advancing Motion,3-8 Yrs,3.0,8.0,Not Disclosed,0.0,0.0,Pune,3.0,Naukri,3.5,73.0,"Computer science, Test strategy, agile project management",No,0.0,Pune,"['Computer Science', 'Test Strategy', 'Agile Project Management']"
"Senior Data Analyst- Business Analyst(Data & Analytics), Cloud",InfoStretch Corporation (India) Pvt. Ltd,6-9 Yrs,6.0,9.0,Not Disclosed,0.0,0.0,Hyderabad / Secunderabad,9.0,Naukri,3.4,891.0,"metadata, python, data management",No,0.0,Hyderabad,"['Metadata', 'Python', 'Data Management']"
Big Data Engineer,Hexaware Technologies Ltd.,8-9 Yrs,8.0,9.0,Not Disclosed,0.0,0.0,"Chennai, Pune, New Delhi
													+4 more",26.0,Naukri,3.6,5000.0,"Investment products, tableau, Excel",No,0.0,Chennai,"['Investment Products', 'Tableau', 'Excel']"
Impact Guru - Data Analyst - SQL/SAS/R (2-4 yrs),Impact Guru,2-4 Yrs,2.0,4.0,Not Disclosed,0.0,0.0,Mumbai,19.0,hirist,4.1,333.0,"Data Analyst, SQL, SAS",No,0.0,Mumbai,"['Data Analyst', 'Sql', 'Sas']"
Sr Advanced Data Analyst,Honeywell,8-12 Yrs,8.0,12.0,Not Disclosed,0.0,0.0,Bangalore / Bengaluru,30.0,Naukri,4.0,346.0,"Procurement, ERP, Business objects",No,0.0,Bengaluru,"['Procurement', 'Erp', 'Business Objects']"
Data Analyst(Azure) opportunity with Hexaware!!!!,Hexaware Technologies,4-9 Yrs,4.0,9.0,Not Disclosed,0.0,0.0,"Chennai, Pune, Bangalore / Bengaluru",27.0,Naukri,3.6,5000.0,"python, power bi, Data Analyst",No,0.0,Chennai,"['Python', 'Power Bi', 'Data Analyst']"
Data Analyst - Bangalore,Protiviti India,1-2 Yrs,1.0,2.0,Not Disclosed,0.0,0.0,Bangalore / Bengaluru,3.0,Naukri,3.4,296.0,"Excel, Power Bi, Tableau",No,0.0,Bengaluru,"['Excel', 'Power Bi', 'Tableau']"
Sr Data Analyst,Gartner,4-9 Yrs,4.0,9.0,Not Disclosed,0.0,0.0,Gurgaon / Gurugram,30.0,Naukri,4.1,458.0,"Recruitment, Data analysis, SQL",No,0.0,Gurugram,"['Recruitment', 'Data Analysis', 'Sql']"
Data Analyst,Godrej Agrovet,1-3 Yrs,1.0,3.0,₹ 3.5 - 4.5L/yr,350000.0,450000.0,"Bangalore / Bengaluru, Hyderabad / Secunderabad",15.0,Naukri,3.7,951.0,"Data Validation, Countif, Power Bi",Yes,400000.0,Bengaluru,"['Data Validation', 'Countif', 'Power Bi']"
Data Analyst,Lloyds Metals and Energy(LMEL),1-6 Yrs,1.0,6.0,Not Disclosed,0.0,0.0,Nagpur,8.0,Naukri,3.9,104.0,"marketing, operations, data",No,0.0,Nagpur,"['Marketing', 'Operations', 'Data']"
Data Analyst Intern,Webindia Inc,0-1 Yrs,0.0,1.0,₹ 0.5 - 1.75L/yr,50000.0,175000.0,Ahmedabad,16.0,Naukri,4.3,43.0,"Data Presentation, Data Manipulation, Data Management",Yes,112500.0,Ahmedabad,"['Data Presentation', 'Data Manipulation', 'Data Management']"
Data Modeller,Tekgence,9-14 Yrs,9.0,14.0,Not Disclosed,0.0,0.0,"Chennai, Bangalore / Bengaluru",2.0,Naukri,4.1,25.0,"Data Modeling, ERwin, data analyst",No,0.0,Chennai,"['Data Modeling', 'Erwin', 'Data Analyst']"
Data Modeller,Tekgence,9-14 Yrs,9.0,14.0,Not Disclosed,0.0,0.0,"Chennai, Bangalore / Bengaluru",2.0,Naukri,4.1,25.0,"Data Modeling, ERwin, data analyst",No,0.0,Chennai,"['Data Modeling', 'Erwin', 'Data Analyst']"
Data Analyst - Sales Operations Data (4-10 yrs),Antal Internationals Network,4-10 Yrs,4.0,10.0,Not Disclosed,0.0,0.0,Chennai,4.0,iimjobs,3.6,86.0,"Data Analytics, Analytics, Sales Analytics",No,0.0,Chennai,"['Data Analytics', 'Analytics', 'Sales Analytics']"
Data Analyst,Citco,2-5 Yrs,2.0,5.0,Not Disclosed,0.0,0.0,Hyderabad / Secunderabad,4.0,Naukri,3.1,699.0,"Data management, Corporate governance, Service industry",No,0.0,Hyderabad,"['Data Management', 'Corporate Governance', 'Service Industry']"
HSSE Q&R Data Analyst,SBM Nauvata Pvt. Ltd.,3-10 Yrs,3.0,10.0,Not Disclosed,0.0,0.0,Bangalore / Bengaluru,3.0,Naukri,4.0,27.0,"Computer science, Data management, Renewable energy",No,0.0,Bengaluru,"['Computer Science', 'Data Management', 'Renewable Energy']"
Data Analyst,Ignitho Technologies (India) Pvt.Ltd,4-9 Yrs,4.0,9.0,Not Disclosed,0.0,0.0,Chennai,6.0,Naukri,4.0,37.0,"Data analysis, Business analysis, Database management",No,0.0,Chennai,"['Data Analysis', 'Business Analysis', 'Database Management']"
BI Data Analyst,"ATMECS Technologies Pvt., Ltd.",5-8 Yrs,5.0,8.0,Not Disclosed,0.0,0.0,Hyderabad / Secunderabad,5.0,Naukri,3.4,197.0,"Data analysis, Manager Quality Assurance, SAS",No,0.0,Hyderabad,"['Data Analysis', 'Manager Quality Assurance', 'Sas']"
Data Analyst -Powertrain || Bangalore,GlobalLogic,5-10 Yrs,5.0,10.0,Not Disclosed,0.0,0.0,Pune,30.0,Naukri,3.7,3800.0,"python, data analysis, process analysis",No,0.0,Pune,"['Python', 'Data Analysis', 'Process Analysis']"
Data Analyst,Lifecell,3-5 Yrs,3.0,5.0,₹ 2 - 4.5L/yr,200000.0,450000.0,Chennai,10.0,Naukri,3.5,547.0,"Power Bi, Mis Analysis, Data Analysis",Yes,325000.0,Chennai,"['Power Bi', 'Mis Analysis', 'Data Analysis']"
Genpact - Data Analyst - Python - Predictive Analytics (7-10 yrs),Genpact Enterprise Risk Consulting,7-10 Yrs,7.0,10.0,Not Disclosed,0.0,0.0,"Pune, Gurgaon / Gurugram",5.0,iimjobs,3.7,45.0,"Analytics, Predictive Analytics, Data Analytics",No,0.0,Pune,"['Analytics', 'Predictive Analytics', 'Data Analytics']"
Urgent Requirement For Data Analyst in HR & Training,Utkarsh Small Finance Bank,3-7 Yrs,3.0,7.0,Not Disclosed,0.0,0.0,Varanasi,27.0,Naukri,3.9,2700.0,"Data Handling, Attrition Analysis, PMS",No,0.0,Varanasi,"['Data Handling', 'Attrition Analysis', 'Pms']"
Specialist - Investments,Marsh &amp;amp; McLennan Companies,2-4 Yrs,2.0,4.0,₹ 4 - 8.83L/yr (AmbitionBox estimate),400000.0,883000.0,"Pune, Mumbai",30.0,Naukri,4.0,558.0,"Data analysis, Front office, Data management",Yes,641500.0,Pune,"['Data Analysis', 'Front Office', 'Data Management']"
Data Analyst,Mediplus,3-5 Yrs,3.0,5.0,₹ 3.5 - 6L/yr,350000.0,600000.0,Delhi/Ncr,17.0,Naukri,4.2,56.0,"Data Management, Data Analysis, Data Analytics",Yes,475000.0,Delhi,"['Data Management', 'Data Analysis', 'Data Analytics']"
Data Analyst,S&P Capital IQ (India) Pvt. Ltd,Not Specified,0.0,0.0,Not Disclosed,0.0,0.0,Not Specified,30.0,First Naukri,4.2,2200.0,Not Specified,No,0.0,Not Specified,[]
Data Analyst,Rage Communications Pvt. Ltd.,2-3 Yrs,2.0,3.0,Not Disclosed,0.0,0.0,Chennai,2.0,Naukri,3.9,29.0,"project management, BigQuery, Google Analytics",No,0.0,Chennai,"['Project Management', 'Bigquery', 'Google Analytics']"
Business Analyst,NIIT,1-3 Yrs,1.0,3.0,₹ 7.5 - 12L/yr,750000.0,1200000.0,Gurgaon / Gurugram,25.0,Naukri,3.7,1200.0,"Google Data Studio, Data analyst, Advance Excel",Yes,975000.0,Gurugram,"['Google Data Studio', 'Data Analyst', 'Advance Excel']"
Senior Data Analyst (Argus Database & Oracle BI Publisher),EVERSANA India Pvt. Ltd,7-12 Yrs,7.0,12.0,₹ 13.5 - 15L/yr (AmbitionBox estimate),1350000.0,1500000.0,Pune,13.0,Naukri,3.7,122.0,"Argus Safety, Bi Publisher, Oracle Argus",Yes,1425000.0,Pune,"['Argus Safety', 'Bi Publisher', 'Oracle Argus']"
MIS / Data Analyst - ABDM (NHA) -Chandigarh,National Institute for Smart Government (NISG),3-8 Yrs,3.0,8.0,₹ 4 - 6L/yr,400000.0,600000.0,Chandigarh,24.0,Naukri,3.8,183.0,"Healthcare, Data Analyst, EHR",Yes,500000.0,Chandigarh,"['Healthcare', 'Data Analyst', 'Ehr']"
Hiring Chemical Data Analyst,Straive,2-7 Yrs,2.0,7.0,Not Disclosed,0.0,0.0,Chennai,26.0,Naukri,3.5,1500.0,"ChemDraw, Patient analysis, Articles",No,0.0,Chennai,"['Chemdraw', 'Patient Analysis', 'Articles']"
Data Analyst,Astral Adhesives,1-3 Yrs,1.0,3.0,Not Disclosed,0.0,0.0,Ahmedabad,2.0,Naukri,4.3,683.0,"Data Modelling, Data Extraction, Data Cleansing",No,0.0,Ahmedabad,"['Data Modelling', 'Data Extraction', 'Data Cleansing']"
Hindustan Times  - Market Data Analyst (1-3 yrs),Hindustan Times,Not Specified,0.0,0.0,Not Disclosed,0.0,0.0,Not Specified,19.0,iimjobs,3.6,235.0,Not Specified,No,0.0,Not Specified,[]
Sr. Data Analyst,Aeries Technology Group,5-10 Yrs,5.0,10.0,Not Disclosed,0.0,0.0,Bangalore / Bengaluru,4.0,Naukri,3.5,255.0,"Data analysis, Business analytics, Analytical",No,0.0,Bengaluru,"['Data Analysis', 'Business Analytics', 'Analytical']"
Data Analyst,ICICI Lombard,3-8 Yrs,3.0,8.0,₹ 5 - 15L/yr,500000.0,1500000.0,Mumbai,30.0,Naukri,3.8,3900.0,"Excel, Power Bi, SAAS",Yes,1000000.0,Mumbai,"['Excel', 'Power Bi', 'Saas']"
Urgently Required Data Analyst For Logistic Industry in Noida,Sugam Parivahan,2-5 Yrs,2.0,5.0,₹ 4 - 5L/yr,400000.0,500000.0,Noida,19.0,Naukri,3.8,145.0,"Data Analysis, Data Quality Management",Yes,450000.0,Noida,"['Data Analysis', 'Data Quality Management']"
Data Analyst - Python/Business Intelligence (3-10 yrs),ATech,3-10 Yrs,3.0,10.0,Not Disclosed,0.0,0.0,"Hyderabad / Secunderabad, Jaipur, Rajasthan
													+4 more",3.0,hirist,4.0,19.0,"Data Analyst, Data Science, Python",No,0.0,Hyderabad,"['Data Analyst', 'Data Science', 'Python']"
Data Analyst,CSM Technologies,8-12 Yrs,8.0,12.0,Not Disclosed,0.0,0.0,New Delhi,30.0,Naukri,4.5,579.0,"Coding, Data Analyst, data visualization",No,0.0,Delhi,"['Coding', 'Data Analyst', 'Data Visualization']"
Airtel - Senior Lead Data Analyst (6-12 yrs),Airtel,6-12 Yrs,6.0,12.0,Not Disclosed,0.0,0.0,Gurgaon / Gurugram,30.0,iimjobs,4.0,12200.0,"Data Analytics, Analytics, Consulting - Telecom",No,0.0,Gurugram,"['Data Analytics', 'Analytics', 'Consulting - Telecom']"
Supply Chain Reporting Data Analyst,Alcon Pharmaceuticals Pvt. Ltd.,2-7 Yrs,2.0,7.0,Not Disclosed,0.0,0.0,Bangalore / Bengaluru,30.0,Naukri,3.7,366.0,"Troubleshooting, Recruitment, SQL",No,0.0,Bengaluru,"['Troubleshooting', 'Recruitment', 'Sql']"
Junior Data Analyst,Citco,1-2 Yrs,1.0,2.0,Not Disclosed,0.0,0.0,Hyderabad / Secunderabad,10.0,Naukri,3.1,699.0,"Junior Analyst, Training, Corporate governance",No,0.0,Hyderabad,"['Junior Analyst', 'Training', 'Corporate Governance']"
Marketing Data Analyst,Foodlink Services,2-3 Yrs,2.0,3.0,₹ 6 - 7.5L/yr,600000.0,750000.0,Mumbai,19.0,Naukri,4.0,84.0,"Marketing Campaigns, Market Research And Analysis, Pricing Strategy",Yes,675000.0,Mumbai,"['Marketing Campaigns', 'Market Research And Analysis', 'Pricing Strategy']"
Lead Data Analyst - Business Intelligence (10-15 yrs),ABC Consultants,10-15 Yrs,10.0,15.0,Not Disclosed,0.0,0.0,Bangalore / Bengaluru,18.0,hirist,3.8,309.0,"Data Analyst, Data Analytics, Tableau",No,0.0,Bengaluru,"['Data Analyst', 'Data Analytics', 'Tableau']"
Market Data Analyst,Pentair,7-12 Yrs,7.0,12.0,Not Disclosed,0.0,0.0,Noida,30.0,Naukri,4.0,89.0,"Predictive Modeling, Power BI, SAS",No,0.0,Noida,"['Predictive Modeling', 'Power Bi', 'Sas']"
"Data Analyst (Tableau, SQL, AWS, Python)",OSI Digital,4-8 Yrs,4.0,8.0,Not Disclosed,0.0,0.0,Hyderabad / Secunderabad,11.0,Naukri,3.6,99.0,"Tableau, AWS, Python",No,0.0,Hyderabad,"['Tableau', 'Aws', 'Python']"
Hiring For Power BI Support !,NOVAC,4-9 Yrs,4.0,9.0,Not Disclosed,0.0,0.0,Navi Mumbai,30.0,Naukri,4.0,370.0,"MIS Preparation, Loan Origination, Power Bi",No,0.0,Navi Mumbai,"['Mis Preparation', 'Loan Origination', 'Power Bi']"
Senior Data Analyst Lead / Manager,Wellthy  Therapeutics,8-12 Yrs,8.0,12.0,₹ 25 - 37.5L/yr,2500000.0,3750000.0,Mumbai,5.0,Naukri,3.8,43.0,"Power BI, DATA DRIVEN, Data Visualization",Yes,3125000.0,Mumbai,"['Power Bi', 'Data Driven', 'Data Visualization']"
Data Analyst,Speridian Technologies,4-6 Yrs,4.0,6.0,₹ 2 - 4.5L/yr (AmbitionBox estimate),200000.0,450000.0,Cochin/Ernakulam/Kochi,16.0,Naukri,3.5,251.0,"Azure Synapse, Azure Data Factory, Elastic Search",Yes,325000.0,Cochin,"['Azure Synapse', 'Azure Data Factory', 'Elastic Search']"
Senior Executive - Data Analyst,VIACOM 18 MEDIA PRIVATE LIMITED,2-4 Yrs,2.0,4.0,Not Disclosed,0.0,0.0,Mumbai,10.0,Naukri,3.7,74.0,"Computer science, Data analysis, Social media",No,0.0,Mumbai,"['Computer Science', 'Data Analysis', 'Social Media']"
Data Analyst,Morepen Laboratories,0-2 Yrs,0.0,2.0,₹ 2 - 5L/yr,200000.0,500000.0,Mumbai,25.0,Naukri,4.0,334.0,"Data Transformation, Data Analysis, Data Mining",Yes,350000.0,Mumbai,"['Data Transformation', 'Data Analysis', 'Data Mining']"
Wipro Consumer Care - Data Analyst - Internal Audit Department (2-4 yrs),Wipro Consumer Care & Lighting,2-4 Yrs,2.0,4.0,Not Disclosed,0.0,0.0,Bangalore / Bengaluru,30.0,iimjobs,3.9,2300.0,"Data Warehousing, Data Analytics, SQL",No,0.0,Bengaluru,"['Data Warehousing', 'Data Analytics', 'Sql']"
Wipro Consumer Care - Data Analyst - Internal Audit Department (2-4 yrs),Wipro Consumer Care & Lighting,2-4 Yrs,2.0,4.0,Not Disclosed,0.0,0.0,Bangalore / Bengaluru,30.0,iimjobs,3.9,2300.0,"Data Analytics, Analytics, SQL",No,0.0,Bengaluru,"['Data Analytics', 'Analytics', 'Sql']"
Data Analyst,Sumeru Digital Solutions,2-6 Yrs,2.0,6.0,Not Disclosed,0.0,0.0,Bangalore / Bengaluru,6.0,Naukri,4.6,7.0,Data Analyst,No,0.0,Bengaluru,['Data Analyst']
Clinical Data Analyst,CBCC Global Research,1-3 Yrs,1.0,3.0,Not Disclosed,0.0,0.0,Ahmedabad,3.0,Naukri,4.6,28.0,"clinical Data Co-ordinator, Data Validation, EDC",No,0.0,Ahmedabad,"['Clinical Data Co-Ordinator', 'Data Validation', 'Edc']"
Data Analyst,Phenompeople,4-9 Yrs,4.0,9.0,Not Disclosed,0.0,0.0,Hyderabad / Secunderabad,30.0,Naukri,4.2,270.0,"Healthcare, Analytics, Data analysis",No,0.0,Hyderabad,"['Healthcare', 'Analytics', 'Data Analysis']"
Better - Data Analyst (2-4 yrs),BMTG Advisors India Private Limited,2-4 Yrs,2.0,4.0,Not Disclosed,0.0,0.0,Remote,12.0,iimjobs,3.0,725.0,"Data Analytics, Analytics, SQL",No,0.0,Remote,"['Data Analytics', 'Analytics', 'Sql']"
Data Analyst Trainer,Fortune Cloud Technologies,1-2 Yrs,1.0,2.0,₹ 2.25 - 3.75L/yr,225000.0,375000.0,Pune,3.0,Naukri,4.4,56.0,"Data Anlalytics, Power Bi, Data science",Yes,300000.0,Pune,"['Data Anlalytics', 'Power Bi', 'Data Science']"
Messaging Trust Data Analyst,Syniverse Technologies Services India Pvt. Ltd.,2-7 Yrs,2.0,7.0,Not Disclosed,0.0,0.0,"Bangalore / Bengaluru, Hyderabad / Secunderabad",6.0,Naukri,3.3,111.0,"data analysis, data science, business writing",No,0.0,Bengaluru,"['Data Analysis', 'Data Science', 'Business Writing']"
Data Analyst II,SE2 Digital Service LLP,4-5 Yrs,4.0,5.0,Not Disclosed,0.0,0.0,"Chennai, Pune, New Delhi
													+4 more",11.0,Naukri,3.5,85.0,"Data analysis, Analytical, Workforce planning",No,0.0,Chennai,"['Data Analysis', 'Analytical', 'Workforce Planning']"
Data Analyst - 1,Capillary Technologies India Pvt. Ltd.,2-5 Yrs,2.0,5.0,Not Disclosed,0.0,0.0,Bangalore / Bengaluru,12.0,Naukri,3.5,173.0,"Statistical programming, Automation, Data analysis",No,0.0,Bengaluru,"['Statistical Programming', 'Automation', 'Data Analysis']"
Senior Tableau Data Analyst,Apps Associates (I) Pvt. Ltd,5-7 Yrs,5.0,7.0,Not Disclosed,0.0,0.0,Hyderabad / Secunderabad,21.0,Naukri,3.9,137.0,"ERP, Azure Cloud, Snowflake",No,0.0,Hyderabad,"['Erp', 'Azure Cloud', 'Snowflake']"
Data Analyst  - SQL (1-11 yrs),A Tech India,1-11 Yrs,1.0,11.0,Not Disclosed,0.0,0.0,"Bangalore / Bengaluru, Chennai, Goa
													+6 more",10.0,iimjobs,4.0,19.0,"Data Analytics, Analytics, SQL",No,0.0,Bengaluru,"['Data Analytics', 'Analytics', 'Sql']"
Content Data Analyst,GHX INDIA PRIVATE LIMITED,1-6 Yrs,1.0,6.0,Not Disclosed,0.0,0.0,Hyderabad / Secunderabad,4.0,Naukri,3.8,15.0,"medical, python, data management",No,0.0,Hyderabad,"['Medical', 'Python', 'Data Management']"
Senior Power BI/Data Analyst,Arcadis Consulting India Pvt. Ltd,7-10 Yrs,7.0,10.0,Not Disclosed,0.0,0.0,Bangalore / Bengaluru,30.0,Naukri,4.2,191.0,"SQL, Python, Production support",No,0.0,Bengaluru,"['Sql', 'Python', 'Production Support']"
Senior Data Analyst,Launch It Consulting,6-10 Yrs,6.0,10.0,Not Disclosed,0.0,0.0,Hyderabad / Secunderabad,12.0,Naukri,3.5,56.0,"Power Bi, Data Analysis, SQL Queries",No,0.0,Hyderabad,"['Power Bi', 'Data Analysis', 'Sql Queries']"
Master Data Analyst,Saasvaap,3-8 Yrs,3.0,8.0,Not Disclosed,0.0,0.0,"Thiruvananthapuram, Cochin/Ernakulam/Kochi, Bangalore / Bengaluru",27.0,Naukri,4.2,65.0,"data analysis, data modeling, PowerDesigner",No,0.0,Thiruvananthapuram,"['Data Analysis', 'Data Modeling', 'Powerdesigner']"
Snapmint - Data Analyst (0-1 yrs),Snapmint,0-1 Yrs,0.0,1.0,Not Disclosed,0.0,0.0,"Mumbai, Bangalore / Bengaluru",11.0,iimjobs,3.9,27.0,"Python, SQL, Analytics",No,0.0,Mumbai,"['Python', 'Sql', 'Analytics']"
Data Analyst - Python/Power BI (3-5 yrs),Golden Eagle IT Technologies Pvt Ltd.,3-5 Yrs,3.0,5.0,Not Disclosed,0.0,0.0,Indore,17.0,hirist,4.3,15.0,"Data Analyst, Data Analytics, Power BI",No,0.0,Indore,"['Data Analyst', 'Data Analytics', 'Power Bi']"
Senior Data Analyst - Tableau/Power BI (3-5 yrs),Golden Eagle IT Technologies Pvt Ltd.,3-5 Yrs,3.0,5.0,Not Disclosed,0.0,0.0,"Mp, Indore",17.0,hirist,4.3,15.0,"Power BI, Tableau, SQL",No,0.0,Mp,"['Power Bi', 'Tableau', 'Sql']"
Analyst || Stanza Living || Gurgaon,Stanza Living,2-5 Yrs,2.0,5.0,₹ 6 - 8L/yr,600000.0,800000.0,Gurgaon / Gurugram,5.0,Naukri,3.1,806.0,"Google Sheets, Excel, Business Analyst",Yes,700000.0,Gurugram,"['Google Sheets', 'Excel', 'Business Analyst']"
Senior Data Analyst,Paxcom India,4-7 Yrs,4.0,7.0,₹ 9 - 14L/yr,900000.0,1400000.0,Gurgaon / Gurugram,23.0,Naukri,4.0,56.0,"Predictive Modeling, R, Power Bi",Yes,1150000.0,Gurugram,"['Predictive Modeling', 'R', 'Power Bi']"
Senior Data Analyst III,VIACOM 18 MEDIA PRIVATE LIMITED,10-12 Yrs,10.0,12.0,Not Disclosed,0.0,0.0,"Mumbai, Bangalore / Bengaluru",16.0,Naukri,3.7,74.0,"Telecom, Bfsi, Analytical",No,0.0,Mumbai,"['Telecom', 'Bfsi', 'Analytical']"
Data Steward - EU Taxonomy Data (Analyst),Institutional Shareholder Services Inc.,1-4 Yrs,1.0,4.0,Not Disclosed,0.0,0.0,Mumbai,27.0,Naukri,3.8,84.0,"Business analytics, Manager Quality Assurance, Data collection",No,0.0,Mumbai,"['Business Analytics', 'Manager Quality Assurance', 'Data Collection']"
Data Analyst | Insurance,Cars24,5-8 Yrs,5.0,8.0,Not Disclosed,0.0,0.0,Delhi/Ncr,30.0,Naukri,3.7,3000.0,"Strategy, Tableau, Data Analytics",No,0.0,Delhi,"['Strategy', 'Tableau', 'Data Analytics']"
Data Analyst,Lenexis Foodworks,5-10 Yrs,5.0,10.0,Not Disclosed,0.0,0.0,Mumbai,30.0,Naukri,4.1,121.0,"algorithms, Process Automation, Data Engineering",No,0.0,Mumbai,"['Algorithms', 'Process Automation', 'Data Engineering']"
Data Scientist,Manya Education,5-10 Yrs,5.0,10.0,₹ 6.5 - 12L/yr,650000.0,1200000.0,New Delhi,5.0,Naukri,3.4,73.0,"Data analyst, R, SQL Queries",Yes,925000.0,Delhi,"['Data Analyst', 'R', 'Sql Queries']"
Marketing Data Analyst,PGi,2-5 Yrs,2.0,5.0,Not Disclosed,0.0,0.0,Hyderabad / Secunderabad,30.0,Naukri,4.2,106.0,"CRM, Analytics, Data analysis",No,0.0,Hyderabad,"['Crm', 'Analytics', 'Data Analysis']"
Data Analyst,YRG Care,4-5 Yrs,4.0,5.0,Not Disclosed,0.0,0.0,Hyderabad / Secunderabad,30.0,Naukri,4.2,62.0,"Data analysis, SPSS, Data management",No,0.0,Hyderabad,"['Data Analysis', 'Spss', 'Data Management']"
BI Data Analyst,Comviva Technology,3-5 Yrs,3.0,5.0,Not Disclosed,0.0,0.0,Gurgaon / Gurugram,20.0,Naukri,3.3,603.0,"Excel, Power Bi, Data Visualization",No,0.0,Gurugram,"['Excel', 'Power Bi', 'Data Visualization']"
Machine Learning Engineer - Python/Spark (5-8 yrs),SundayLabs,5-8 Yrs,5.0,8.0,Not Disclosed,0.0,0.0,Bangalore / Bengaluru,30.0,hirist,4.8,13.0,"Machine Learning, Python, Spark",No,0.0,Bengaluru,"['Machine Learning', 'Python', 'Spark']"
Rezo.AI - Senior Data Analyst (4-6 yrs),Rezo.AI,4-6 Yrs,4.0,6.0,Not Disclosed,0.0,0.0,Noida,24.0,hirist,4.0,57.0,"Data Analyst, Data Analytics, Statistical Analyst",No,0.0,Noida,"['Data Analyst', 'Data Analytics', 'Statistical Analyst']"
Zimetrics Technologies - Business Intelligence/Data Analyst - Looker/SQL/Scripting (4-8 yrs),Zimetrics Technologies Private Limited,4-8 Yrs,4.0,8.0,Not Disclosed,0.0,0.0,Pune,20.0,hirist,4.5,228.0,"Business Intelligence, Data Analyst, Data Analytics",No,0.0,Pune,"['Business Intelligence', 'Data Analyst', 'Data Analytics']"
Futurisk Insurance Broking -Senior Data Analyst- Chennai,Futurisk Insurance Broking Company (P) ltd,3-8 Yrs,3.0,8.0,₹ 5 - 11L/yr,500000.0,1100000.0,Chennai,24.0,Naukri,4.1,34.0,"Data Transformation, Data Quality, Data Management",Yes,800000.0,Chennai,"['Data Transformation', 'Data Quality', 'Data Management']"
Data Analyst,Husk Power Systems,5-7 Yrs,5.0,7.0,Not Disclosed,0.0,0.0,Pune,20.0,Naukri,3.8,75.0,"Power Bi, Data Analysis, SQL Database",No,0.0,Pune,"['Power Bi', 'Data Analysis', 'Sql Database']"
Data Analyst - SQL/Tableau (3-5 yrs),Overture Rede Private Limited.,3-5 Yrs,3.0,5.0,Not Disclosed,0.0,0.0,Chennai,4.0,hirist,4.3,21.0,"Data Analyst, Data Analytics, SQL",No,0.0,Chennai,"['Data Analyst', 'Data Analytics', 'Sql']"
Data Analyst,Accolite Digital,4-9 Yrs,4.0,9.0,₹ 7 - 14L/yr,700000.0,1400000.0,Gurgaon / Gurugram,25.0,Naukri,3.4,593.0,"Iics, Powercenter, Postgresql",Yes,1050000.0,Gurugram,"['Iics', 'Powercenter', 'Postgresql']"
Senior System Analyst,Infinite Computer Solutions India Pvt. Ltd.,2-5 Yrs,2.0,5.0,Not Disclosed,0.0,0.0,Noida,30.0,Naukri,3.5,1200.0,"Data Analyst, Customer service, SQL",No,0.0,Noida,"['Data Analyst', 'Customer Service', 'Sql']"
Tableau Developer - Analytics Dashboards (4-7 yrs),Indium Software,4-7 Yrs,4.0,7.0,Not Disclosed,0.0,0.0,Chennai,30.0,hirist,4.1,698.0,"Tableau, SQL, Analytics Dashboards",No,0.0,Chennai,"['Tableau', 'Sql', 'Analytics Dashboards']"
Data Analyst,Inchcape Shipping Services India Pvt. Ltd,2-5 Yrs,2.0,5.0,₹ 3.6 - 4.3L/yr (AmbitionBox estimate),360000.0,430000.0,Remote,24.0,Naukri,3.5,139.0,"data cleansing, Trade, Excel",Yes,395000.0,Remote,"['Data Cleansing', 'Trade', 'Excel']"
Business cum Data analyst,E Connect Solutions Pvt Ltd,10-13 Yrs,10.0,13.0,Not Disclosed,0.0,0.0,Bhopal,30.0,Naukri,4.0,72.0,"Gap Analysis, Requirements Management, Business Analytics",No,0.0,Bhopal,"['Gap Analysis', 'Requirements Management', 'Business Analytics']"
Data Analyst,Comviva Technology,3-8 Yrs,3.0,8.0,₹ 5 - 8L/yr,500000.0,800000.0,Delhi/Ncr,23.0,Naukri,3.3,603.0,"Communication Skills, Analytical Skills, Data Extraction",Yes,650000.0,Delhi,"['Communication Skills', 'Analytical Skills', 'Data Extraction']"
Data Analyst,Deepak Foundation,5-6 Yrs,5.0,6.0,Not Disclosed,0.0,0.0,Vadodara,26.0,Naukri,3.8,92.0,"R, STATA, NGO Management",No,0.0,Vadodara,"['R', 'Stata', 'Ngo Management']"
sr Data Scientist / Data Analyst 6+ yrs,Encore Infotech Services,6-9 Yrs,6.0,9.0,Not Disclosed,0.0,0.0,Hyderabad / Secunderabad,22.0,Naukri,3.9,38.0,"Data Scientist, Data Analyst, AI technology",No,0.0,Hyderabad,"['Data Scientist', 'Data Analyst', 'Ai Technology']"
Senior BI Data Analyst,Ignitho Technologies (India) Pvt.Ltd,4-6 Yrs,4.0,6.0,Not Disclosed,0.0,0.0,Chennai,25.0,Naukri,4.0,37.0,"Data analysis, Business analysis, Analytical",No,0.0,Chennai,"['Data Analysis', 'Business Analysis', 'Analytical']"
Data Analyst- Contractual role For Product based company,Protiviti India,3-5 Yrs,3.0,5.0,₹ 6 - 10L/yr,600000.0,1000000.0,"Bangalore / Bengaluru, Bangalore Rural",25.0,Naukri,3.4,296.0,"Tableau, Ab Testing, SQL",Yes,800000.0,Bengaluru,"['Tableau', 'Ab Testing', 'Sql']"
Data Analyst - Contractual role- Bangalore,Protiviti India,3-6 Yrs,3.0,6.0,₹ 6 - 10L/yr,600000.0,1000000.0,"Bangalore / Bengaluru, Bangalore Rural",25.0,Naukri,3.4,296.0,"Tableau, Ab Testing, Python",Yes,800000.0,Bengaluru,"['Tableau', 'Ab Testing', 'Python']"
Data analyst,"Thejo Engineering Ltd, Chennai",3-7 Yrs,3.0,7.0,Not Disclosed,0.0,0.0,Chennai,30.0,Naukri,3.7,135.0,"Power Bi, Tableau, SQL Server",No,0.0,Chennai,"['Power Bi', 'Tableau', 'Sql Server']"
SAP Data Analyst,Ford Global Business Services,1-5 Yrs,1.0,5.0,Not Disclosed,0.0,0.0,Chennai,60.0,Naukri,4.5,726.0,"Sheduling, variant onfiguration, SAP",No,0.0,Chennai,"['Sheduling', 'Variant Onfiguration', 'Sap']"
"Data Analyst, Credit Ratings",Morningstar India (P) Ltd.,0-2 Yrs,0.0,2.0,Not Disclosed,0.0,0.0,Mumbai,30.0,Naukri,3.9,928.0,"Data Analyst, Customer service, Credit rating",No,0.0,Mumbai,"['Data Analyst', 'Customer Service', 'Credit Rating']"
"Senior Data Analyst, Credit Ratings",Morningstar India (P) Ltd.,1-3 Yrs,1.0,3.0,₹ 5.5 - 8L/yr (AmbitionBox estimate),550000.0,800000.0,Mumbai,30.0,Naukri,3.9,928.0,"Data Analyst, Customer service, Credit rating",Yes,675000.0,Mumbai,"['Data Analyst', 'Customer Service', 'Credit Rating']"
Data Analyst PowerBI,Ebizon,1-3 Yrs,1.0,3.0,Not Disclosed,0.0,0.0,Mumbai,6.0,Naukri,3.3,59.0,"Mining, SAS, Technical writing",No,0.0,Mumbai,"['Mining', 'Sas', 'Technical Writing']"
Data Analyst PowerBI,Ebizon Net Info Pvt Ltd,2-4 Yrs,2.0,4.0,Not Disclosed,0.0,0.0,Mumbai,6.0,Naukri,3.3,59.0,"Computer science, Mining, SAS",No,0.0,Mumbai,"['Computer Science', 'Mining', 'Sas']"
Senior Data Analyst / Data Analyst Manager Immediate Requirement,Millennium Organisation,2-7 Yrs,2.0,7.0,₹ 3.5 - 7L/yr,350000.0,700000.0,Mumbai,2.0,Naukri,3.4,25.0,"Business Strategy, Sales Analysis, Team Handling",Yes,525000.0,Mumbai,"['Business Strategy', 'Sales Analysis', 'Team Handling']"
Data Analyst,Clairvoyant India,4-7 Yrs,4.0,7.0,Not Disclosed,0.0,0.0,"Pune, Bangalore Rural, Gurgaon / Gurugram",30.0,Naukri,4.0,73.0,"Pyspark, SQL, Python",No,0.0,Pune,"['Pyspark', 'Sql', 'Python']"
Immediate requirement For Data Analyst (Power BI) - Indore,Annova Solutions Pvt Ltd,1-2 Yrs,1.0,2.0,₹ 1.25 - 2.75L/yr,125000.0,275000.0,Indore,2.0,Naukri,3.9,125.0,"Advance Excel, Power BI, MIS Reporting",Yes,200000.0,Indore,"['Advance Excel', 'Power Bi', 'Mis Reporting']"
Data Analyst/ Special Project Associate,Pattern Technologies,2-7 Yrs,2.0,7.0,Not Disclosed,0.0,0.0,Pune,20.0,Naukri,3.2,10.0,"Excellent Communication In English, Data Analysis, E-commerce",No,0.0,Pune,"['Excellent Communication In English', 'Data Analysis', 'E-Commerce']"
Data Analyst/Masterfile Associate,Pattern Technologies,2-7 Yrs,2.0,7.0,Not Disclosed,0.0,0.0,Pune,20.0,Naukri,3.2,10.0,"Excellent Communication In English, Data Analysis, E-commerce",No,0.0,Pune,"['Excellent Communication In English', 'Data Analysis', 'E-Commerce']"
"Data Analyst (SQL,Tableau,Power Bi)",REWISE ANALYTICS & TECHNOLOGIES PRIVATE LIMITED,3-8 Yrs,3.0,8.0,Not Disclosed,0.0,0.0,Pune,12.0,Naukri,3.5,38.0,"Supply chain, Data analysis, linear regression",No,0.0,Pune,"['Supply Chain', 'Data Analysis', 'Linear Regression']"
VBA Developer - Data Analytics (4-8 yrs),Conneqtcorp,4-8 Yrs,4.0,8.0,Not Disclosed,0.0,0.0,Gurgaon / Gurugram,30.0,hirist,3.7,8000.0,"VBA, Data Analyst, Data Analytics",No,0.0,Gurugram,"['Vba', 'Data Analyst', 'Data Analytics']"
Data Analyst - Reporting Tools (2-8 yrs),TD,Not Specified,0.0,0.0,Not Disclosed,0.0,0.0,Not Specified,30.0,hirist,4.1,35.0,Not Specified,No,0.0,Not Specified,[]
Senior Data Analyst,PivotRoots Digital Private Limited,2-6 Yrs,2.0,6.0,Not Disclosed,0.0,0.0,Mumbai,22.0,Naukri,3.8,36.0,"Advance Excel, data analysis, Looker Studio",No,0.0,Mumbai,"['Advance Excel', 'Data Analysis', 'Looker Studio']"
"Data Analyst(Sr Analyst, Data Science & Analytics)",Prutech Solutions,4-9 Yrs,4.0,9.0,₹ 10 - 20L/yr,1000000.0,2000000.0,Bangalore Rural,30.0,Naukri,4.0,52.0,"Predictive Modeling, Azure, Big Data",Yes,1500000.0,Bengaluru,"['Predictive Modeling', 'Azure', 'Big Data']"
Data Analyst,Trikon Telesoft Solutions Pvt. Ltd.,1-2 Yrs,1.0,2.0,Not Disclosed,0.0,0.0,Ahmedabad,30.0,Naukri,4.4,48.0,"Billing, Excel, Stock management",No,0.0,Ahmedabad,"['Billing', 'Excel', 'Stock Management']"
Lead Data Analyst - DAX Power BI (10-15 yrs),Arting Digital,10-15 Yrs,10.0,15.0,Not Disclosed,0.0,0.0,Bangalore / Bengaluru,23.0,hirist,4.8,27.0,"Power BI, Data Analyst, Data Visualization Tools",No,0.0,Bengaluru,"['Power Bi', 'Data Analyst', 'Data Visualization Tools']"
Data Analyst - Apprentice (11 months Internship),S&P Capital IQ (India) Pvt. Ltd,Not Specified,0.0,0.0,Not Disclosed,0.0,0.0,Not Specified,60.0,First Naukri,4.2,2200.0,Not Specified,No,0.0,Not Specified,[]
Data Analyst - Statistics / Report Designing,3Di Systems,2-7 Yrs,2.0,7.0,₹ 3 - 7L/yr,300000.0,700000.0,"Navi Mumbai, Thane",26.0,Naukri,3.9,44.0,"Data Extraction, Data Mining, Data Cleansing",Yes,500000.0,Navi Mumbai,"['Data Extraction', 'Data Mining', 'Data Cleansing']"
Payment Data Specialist,Brevo,2-4 Yrs,2.0,4.0,Not Disclosed,0.0,0.0,Noida,26.0,Naukri,3.9,40.0,"global operations, Analytical, Data Analyst",No,0.0,Noida,"['Global Operations', 'Analytical', 'Data Analyst']"
Data Analyst - Immediate Joiner - Andheri,Millennium Organisation,0-3 Yrs,0.0,3.0,₹ 1.25 - 2.5L/yr,125000.0,250000.0,Mumbai,5.0,Naukri,3.4,25.0,"Formulas, Advanced Excel, Calculation",Yes,187500.0,Mumbai,"['Formulas', 'Advanced Excel', 'Calculation']"
Master Data Analyst - SAP Implementation (8-10 yrs),Overture Rede Private Limited.,8-10 Yrs,8.0,10.0,Not Disclosed,0.0,0.0,Remote,10.0,hirist,4.3,21.0,"Data Analyst, Data Analytics, Data Management",No,0.0,Remote,"['Data Analyst', 'Data Analytics', 'Data Management']"
Senior Data Analyst - Online Gaming Platform (3-5 yrs),Zyoin Web Private Limited,3-5 Yrs,3.0,5.0,Not Disclosed,0.0,0.0,Bangalore / Bengaluru,30.0,iimjobs,4.0,287.0,"Data Analytics, SQL, Python",No,0.0,Bengaluru,"['Data Analytics', 'Sql', 'Python']"
ESG Data Analyst  - ESG Newsroom,Institutional Shareholder Services Inc.,0-3 Yrs,0.0,3.0,Not Disclosed,0.0,0.0,Mumbai,30.0,Naukri,3.8,84.0,"Data Analyst, Business analytics, Corporate governance",No,0.0,Mumbai,"['Data Analyst', 'Business Analytics', 'Corporate Governance']"
Data Visualization Expert - Power BI/Qlikview (3-5 yrs),Connexions,3-5 Yrs,3.0,5.0,Not Disclosed,0.0,0.0,Bangalore / Bengaluru,9.0,hirist,3.9,11.0,"Data Visualization, Data Visualization Tools, Business Intelligence",No,0.0,Bengaluru,"['Data Visualization', 'Data Visualization Tools', 'Business Intelligence']"
Data Analyst - Python/SQL (5-20 yrs),Aricent,5-20 Yrs,5.0,20.0,Not Disclosed,0.0,0.0,"Mumbai, Pune, Maharashtra
													+9 more",2.0,hirist,3.6,2000.0,"Data Analytics, Data Analyst, Business Intelligence",No,0.0,Mumbai,"['Data Analytics', 'Data Analyst', 'Business Intelligence']"
Data Analyst,SAVA Healthcare,0-5 Yrs,0.0,5.0,Not Disclosed,0.0,0.0,"Delhi/Ncr, Mumbai, Bangalore / Bengaluru",11.0,Naukri,4.1,142.0,"database design, ETL frameworks, Excel",No,0.0,Delhi,"['Database Design', 'Etl Frameworks', 'Excel']"
Data Analyst (6-10 yrs),Trent Limited,6-10 Yrs,6.0,10.0,Not Disclosed,0.0,0.0,Mumbai,30.0,hirist,4.1,1200.0,"Power BI, Data Validation, Business System Analyst",No,0.0,Mumbai,"['Power Bi', 'Data Validation', 'Business System Analyst']"
Data Analyst Trainee,Healthmug Pvt. Ltd.,0-1 Yrs,0.0,1.0,₹ 2.5 - 3.5L/yr,250000.0,350000.0,Delhi/Ncr,19.0,Naukri,3.7,35.0,"Data Extraction, Data Mining, Data Cleansing",Yes,300000.0,Delhi,"['Data Extraction', 'Data Mining', 'Data Cleansing']"
Urgent Hiring For Data Analyst For Bangalore,Cantik technologies,6-9 Yrs,6.0,9.0,₹ 15 - 20L/yr,1500000.0,2000000.0,Bangalore Rural,15.0,Naukri,4.2,40.0,"Pyspark, Python",Yes,1750000.0,Bengaluru,"['Pyspark', 'Python']"
Senior Data Analyst,ANZ Banking Group,2-6 Yrs,2.0,6.0,Not Disclosed,0.0,0.0,Bangalore / Bengaluru,60.0,Naukri,4.2,910.0,"Business process, Process design, Stakeholder Engagement",No,0.0,Bengaluru,"['Business Process', 'Process Design', 'Stakeholder Engagement']"
Data Analyst,Ericsson India Global Services Pvt. Ltd.,2-5 Yrs,2.0,5.0,₹ 3.5 - 9L/yr (AmbitionBox estimate),350000.0,900000.0,Noida,60.0,Naukri,4.2,6500.0,"Analytics, Automation, Operations",Yes,625000.0,Noida,"['Analytics', 'Automation', 'Operations']"
Data Analyst/Senior Data Analyst - Lending - IIT/IIIT/NIT/BITS (females only) (1-7 yrs),Antal International Network,1-7 Yrs,1.0,7.0,Not Disclosed,0.0,0.0,Bangalore / Bengaluru,30.0,iimjobs,3.6,86.0,"Python, Data Analytics, Analytics",No,0.0,Bengaluru,"['Python', 'Data Analytics', 'Analytics']"
Data Analyst - Data Modeling & Visualization (1-17 yrs),Aricent,1-17 Yrs,1.0,17.0,Not Disclosed,0.0,0.0,"Hyderabad / Secunderabad, Gujarat, Kerala
													+8 more",4.0,hirist,3.6,2000.0,"Data Analyst, Data Analytics, Data Visualization",No,0.0,Hyderabad,"['Data Analyst', 'Data Analytics', 'Data Visualization']"
Manager - Storefront Planning and Analytics,Myntra.com,4-7 Yrs,4.0,7.0,Not Disclosed,0.0,0.0,Bangalore / Bengaluru,30.0,Naukri,4.0,1700.0,"Analytics, SQL, Python",No,0.0,Bengaluru,"['Analytics', 'Sql', 'Python']"
Data Analyst,Myntra.com,2-7 Yrs,2.0,7.0,Not Disclosed,0.0,0.0,Bangalore / Bengaluru,30.0,Naukri,4.0,1700.0,"Data analysis, SQL, Business analysis",No,0.0,Bengaluru,"['Data Analysis', 'Sql', 'Business Analysis']"
Data Analyst - BFSI (4-14 yrs),Envista Education,4-14 Yrs,4.0,14.0,Not Disclosed,0.0,0.0,Mumbai,2.0,iimjobs,4.6,7.0,"Data Analytics, Analytics, Predictive Modeling",No,0.0,Mumbai,"['Data Analytics', 'Analytics', 'Predictive Modeling']"
Full Stack (Python + ReactJs),Global Pharma Tek,3-7 Yrs,3.0,7.0,Not Disclosed,0.0,0.0,Bangalore / Bengaluru,4.0,Naukri,3.3,21.0,"Data analysis, tableau, Excel",No,0.0,Bengaluru,"['Data Analysis', 'Tableau', 'Excel']"
Data Analyst - Oracle NetSuite,Global Pharma Tek,3-5 Yrs,3.0,5.0,Not Disclosed,0.0,0.0,Bangalore / Bengaluru,4.0,Naukri,3.3,21.0,"SAP FICO, Fixed assets, FSCM",No,0.0,Bengaluru,"['Sap Fico', 'Fixed Assets', 'Fscm']"
Data Analyst,Antara Senior Living,1-6 Yrs,1.0,6.0,Not Disclosed,0.0,0.0,Gurgaon / Gurugram,30.0,Naukri,3.7,88.0,"Google Sheets, Google Analytics, Advanced Excel",No,0.0,Gurugram,"['Google Sheets', 'Google Analytics', 'Advanced Excel']"
Data Analyst,Hindustan Gold Industries,5-10 Yrs,5.0,10.0,₹ 4 - 6L/yr,400000.0,600000.0,Ahmedabad,24.0,Naukri,4.5,44.0,"R, C",Yes,500000.0,Ahmedabad,"['R', 'C']"
Data Analyst-1,PGi,2-5 Yrs,2.0,5.0,Not Disclosed,0.0,0.0,Hyderabad / Secunderabad,30.0,Naukri,4.2,106.0,"Backend, Data analysis, Data processing",No,0.0,Hyderabad,"['Backend', 'Data Analysis', 'Data Processing']"
Data Analyst (Life Insurance),Spectrum Insurance Broking Pvt. Ltd.,1-5 Yrs,1.0,5.0,₹ 2.5 - 4L/yr,250000.0,400000.0,New Delhi,9.0,Naukri,3.2,44.0,"Big Data Analytics, Database Management, Data Visualization",Yes,325000.0,Delhi,"['Big Data Analytics', 'Database Management', 'Data Visualization']"
Senior Data Analyst,Valeo India Pvt Ltd,3-6 Yrs,3.0,6.0,Not Disclosed,0.0,0.0,Chennai,60.0,Naukri,4.1,1000.0,"Automotive, Machine learning, Artificial Intelligence",No,0.0,Chennai,"['Automotive', 'Machine Learning', 'Artificial Intelligence']"
LCM Data Analyst - Restructuring Analyst,ION,4-7 Yrs,4.0,7.0,Not Disclosed,0.0,0.0,Mumbai,2.0,Naukri,3.6,132.0,"Supply chain, electronic trading, Data management",No,0.0,Mumbai,"['Supply Chain', 'Electronic Trading', 'Data Management']"
Data Analyst,Draup,2-4 Yrs,2.0,4.0,Not Disclosed,0.0,0.0,Bangalore / Bengaluru,30.0,Naukri,3.7,79.0,"SQL, Data modeling, Google Analytics",No,0.0,Bengaluru,"['Sql', 'Data Modeling', 'Google Analytics']"
Tableau Developer - ETL/Data Warehousing (3-11 yrs),Aricent,3-11 Yrs,3.0,11.0,Not Disclosed,0.0,0.0,"Bangalore / Bengaluru, Chennai, Mp
													+15 more",7.0,hirist,3.6,2000.0,"Tableau, Power BI, DAX Power BI",No,0.0,Bengaluru,"['Tableau', 'Power Bi', 'Dax Power Bi']"
Power BI Developer - Dashboard Design (2-18 yrs),Aricent,Not Specified,0.0,0.0,Not Disclosed,0.0,0.0,Not Specified,7.0,hirist,3.6,2000.0,Not Specified,No,0.0,Not Specified,[]
Data Analyst,Ebizon Net Info Pvt Ltd,1-2 Yrs,1.0,2.0,Not Disclosed,0.0,0.0,Dehradun,16.0,Naukri,3.3,59.0,"Mining, Computer science, Data validation",No,0.0,Dehradun,"['Mining', 'Computer Science', 'Data Validation']"
Senior Data Analyst (Economics),Fibre2Fashion Pvt. Ltd.,4-5 Yrs,4.0,5.0,Not Disclosed,0.0,0.0,"Thane, Mumbai",10.0,Naukri,4.1,46.0,"arima, python, project management",No,0.0,Thane,"['Arima', 'Python', 'Project Management']"
Data Analyst Trainer/ Instructor,Internship Studio,2-4 Yrs,2.0,4.0,₹ 4 - 7L/yr,400000.0,700000.0,Pune,13.0,Naukri,4.3,27.0,"R, Azure, MS Excel",Yes,550000.0,Pune,"['R', 'Azure', 'Ms Excel']"
Data Security Analyst (4-10 yrs),IT,4-10 Yrs,4.0,10.0,Not Disclosed,0.0,0.0,Bangalore / Bengaluru,30.0,hirist,3.5,4000.0,"Data Security, Data Analyst, On-Premises",No,0.0,Bengaluru,"['Data Security', 'Data Analyst', 'On-Premises']"
Target Corporation - Senior Data Analyst - Tableau (5-10 yrs),Target,5-10 Yrs,5.0,10.0,Not Disclosed,0.0,0.0,Bangalore / Bengaluru,60.0,hirist,4.2,579.0,"Data Analyst, Data Analytics, Tableau",No,0.0,Bengaluru,"['Data Analyst', 'Data Analytics', 'Tableau']"
Data Analyst,Ericsson India Global Services Pvt. Ltd.,4-12 Yrs,4.0,12.0,Not Disclosed,0.0,0.0,Noida,150.0,Naukri,4.2,6500.0,"Business intelligence, Data mining, Trend analysis",No,0.0,Noida,"['Business Intelligence', 'Data Mining', 'Trend Analysis']"
Data Analyst,Ericsson India Global Services Pvt. Ltd.,4-12 Yrs,4.0,12.0,Not Disclosed,0.0,0.0,Patiala,150.0,Naukri,4.2,6500.0,"Data mining, Machine learning, PLSQL",No,0.0,Patiala,"['Data Mining', 'Machine Learning', 'Plsql']"
Senior Data Analyst (3-7 yrs),Zyoin,3-7 Yrs,3.0,7.0,Not Disclosed,0.0,0.0,Bangalore / Bengaluru,30.0,iimjobs,4.0,287.0,"Data Analytics, Data Warehousing, SQL",No,0.0,Bengaluru,"['Data Analytics', 'Data Warehousing', 'Sql']"
Sr Data Analyst,Space Multimedia,7-12 Yrs,7.0,12.0,₹ 20 - 25L/yr,2000000.0,2500000.0,Hyderabad / Secunderabad,11.0,Naukri,4.5,11.0,"Master & Meta Data Management and Governance, Data Wrangling, Unification",Yes,2250000.0,Hyderabad,"['Master & Meta Data Management And Governance', 'Data Wrangling', 'Unification']"
Data Analyst,Antino Labs,2-4 Yrs,2.0,4.0,Not Disclosed,0.0,0.0,Gurgaon / Gurugram,25.0,Naukri,3.4,109.0,"Data Analysis, Data Reporting, Python",No,0.0,Gurugram,"['Data Analysis', 'Data Reporting', 'Python']"
LCM Restructuring Data Analyst,ION,2-4 Yrs,2.0,4.0,Not Disclosed,0.0,0.0,"Navi Mumbai, Mumbai, Mumbai",4.0,Naukri,3.6,132.0,"Automation, Finance, Analysis",No,0.0,Navi Mumbai,"['Automation', 'Finance', 'Analysis']"
Data Science Analyst - SQL/Python (3-18 yrs),Aricent,3-18 Yrs,3.0,18.0,Not Disclosed,0.0,0.0,"Mumbai, Bangalore / Bengaluru, Hyderabad / Secunderabad
													+2 more",9.0,hirist,3.6,2000.0,"Data Science, Data Analyst, SQL",No,0.0,Mumbai,"['Data Science', 'Data Analyst', 'Sql']"
ESG Data Analyst - Newsroom,Institutional Shareholder Services Inc.,2-6 Yrs,2.0,6.0,Not Disclosed,0.0,0.0,Mumbai,30.0,Naukri,3.8,84.0,"Data Analyst, Business analytics, Manager Quality Assurance",No,0.0,Mumbai,"['Data Analyst', 'Business Analytics', 'Manager Quality Assurance']"
Data Analyst 3,Zynga Inc.,7-12 Yrs,7.0,12.0,Not Disclosed,0.0,0.0,Bangalore / Bengaluru,30.0,Naukri,4.4,28.0,"SQL, Python, SAN",No,0.0,Bengaluru,"['Sql', 'Python', 'San']"
Octro - Data Analyst (3-6 yrs),Octro,3-6 Yrs,3.0,6.0,Not Disclosed,0.0,0.0,Noida,10.0,iimjobs,3.8,60.0,"Data Analytics, Analytics, SQL",No,0.0,Noida,"['Data Analytics', 'Analytics', 'Sql']"
Senior Systems Engineer II,REED ELSEVIER INDIA (a part of RELX India Pvt Ltd),4-7 Yrs,4.0,7.0,Not Disclosed,0.0,0.0,Bangalore / Bengaluru,4.0,Naukri,3.7,91.0,"Health insurance, Publishing, Analytical",No,0.0,Bengaluru,"['Health Insurance', 'Publishing', 'Analytical']"
Principal Data Analyst - Reference Data,REED ELSEVIER INDIA (a part of RELX India Pvt Ltd),4-9 Yrs,4.0,9.0,Not Disclosed,0.0,0.0,Chennai,4.0,Naukri,3.7,91.0,"automation framework, Maven, Test scripts",No,0.0,Chennai,"['Automation Framework', 'Maven', 'Test Scripts']"
Data Analyst,Pepipost,2-3 Yrs,2.0,3.0,Not Disclosed,0.0,0.0,Bangalore / Bengaluru,30.0,Naukri,4.2,183.0,"SQL, Python, Data entry",No,0.0,Bengaluru,"['Sql', 'Python', 'Data Entry']"
Senior Business Analyst - R/SQL/Python (5-8 yrs),Spectrum Consulting,5-8 Yrs,5.0,8.0,Not Disclosed,0.0,0.0,Chennai,24.0,hirist,3.3,143.0,"Business Analyst, Data Analyst, SQL",No,0.0,Chennai,"['Business Analyst', 'Data Analyst', 'Sql']"
Data Analyst,Nits solutions Pvt Ltd,1-3 Yrs,1.0,3.0,₹ 4 - 8.32L/yr (AmbitionBox estimate),400000.0,832000.0,Gurgaon / Gurugram,18.0,Naukri,3.3,47.0,"Process design, Sales, Linguistics",Yes,616000.0,Gurugram,"['Process Design', 'Sales', 'Linguistics']"
Data Product Manager,Photon Infotech P Ltd,6-10 Yrs,6.0,10.0,Not Disclosed,0.0,0.0,Chennai,30.0,Naukri,4.0,1400.0,"SQL, Python, Agile",No,0.0,Chennai,"['Sql', 'Python', 'Agile']"
Data Analyst,RISKONNECT SERVICES,1-6 Yrs,1.0,6.0,Not Disclosed,0.0,0.0,Remote,9.0,Naukri,4.5,12.0,"Computer science, Automation, Manager Quality Assurance",No,0.0,Remote,"['Computer Science', 'Automation', 'Manager Quality Assurance']"
Data Analyst,Rigved Technologies,3-7 Yrs,3.0,7.0,Not Disclosed,0.0,0.0,"Mumbai suburbs, Mumbai",17.0,Naukri,3.2,54.0,"Excel, Power Bi, MIS",No,0.0,Mumbai suburbs,"['Excel', 'Power Bi', 'Mis']"
Data Analyst,Affine Analytics,6-11 Yrs,6.0,11.0,Not Disclosed,0.0,0.0,Bangalore Rural,26.0,Naukri,3.3,136.0,"excel, Ad-hoc and Insights, Power Bi",No,0.0,Bengaluru,"['Excel', 'Ad-Hoc And Insights', 'Power Bi']"
Senior BI Data Analyst - Oracle Analytics Cloud (5-8 yrs),IT Resource Hunter,Not Specified,0.0,0.0,Not Disclosed,0.0,0.0,Not Specified,30.0,hirist,4.3,29.0,Not Specified,No,0.0,Not Specified,[]
Data Analyst,GoComet,1-3 Yrs,1.0,3.0,Not Disclosed,0.0,0.0,"New Delhi, Gurgaon / Gurugram",24.0,Naukri,4.4,41.0,"Data analysis, Data validation, Business analysis",No,0.0,Delhi,"['Data Analysis', 'Data Validation', 'Business Analysis']"
IBS Business Data Analyst,Mondel z International,1-5 Yrs,1.0,5.0,Not Disclosed,0.0,0.0,Mumbai,120.0,Naukri,4.4,895.0,"Supply chain, Data analysis, Data management",No,0.0,Mumbai,"['Supply Chain', 'Data Analysis', 'Data Management']"
Media Scan,Designboxed,2-4 Yrs,2.0,4.0,Not Disclosed,0.0,0.0,Pune,11.0,Naukri,2.9,57.0,"Trend Identification, Crisis Management, Collaboration",No,0.0,Pune,"['Trend Identification', 'Crisis Management', 'Collaboration']"
Hiring Kuwait-DATA Analyst/Surveyor/Darftsman,Ingenious Overseas Consultancy,5-7 Yrs,5.0,7.0,Not Disclosed,0.0,0.0,Kuwait,5.0,Naukri,4.8,6.0,"Computer skills, geotechnics, rtk",No,0.0,Kuwait,"['Computer Skills', 'Geotechnics', 'Rtk']"
Power BI Developer - Data Modeling (5-10 yrs),Mobile Programming llc,Not Specified,0.0,0.0,Not Disclosed,0.0,0.0,Not Specified,19.0,hirist,2.9,333.0,Not Specified,No,0.0,Not Specified,[]
Data Analyst,Nits Solutions,2-7 Yrs,2.0,7.0,Not Disclosed,0.0,0.0,Delhi/Ncr,20.0,Naukri,3.3,47.0,"Data Analysis, Data Analyst, Data Analytics",No,0.0,Delhi,"['Data Analysis', 'Data Analyst', 'Data Analytics']"
Senior Data Analyst (3-6 yrs),Zyoin,3-6 Yrs,3.0,6.0,Not Disclosed,0.0,0.0,Bangalore / Bengaluru,30.0,iimjobs,4.0,287.0,"Analytics, Data Analytics, SAS",No,0.0,Bengaluru,"['Analytics', 'Data Analytics', 'Sas']"
"Team Leader - Data Analyst || Credgenics(Python,SQL )",Credgenics,2-7 Yrs,2.0,7.0,Not Disclosed,0.0,0.0,"Delhi/Ncr, New Delhi, Noida",7.0,Naukri,3.7,79.0,"SQL Queries, Data Extraction, Python",No,0.0,Delhi,"['Sql Queries', 'Data Extraction', 'Python']"
Data Analyst - Tableau (7-12 yrs),Experis IT Private Limited,7-12 Yrs,7.0,12.0,Not Disclosed,0.0,0.0,Bangalore / Bengaluru,30.0,hirist,3.1,523.0,"Data Analyst, Tableau, SQL",No,0.0,Bengaluru,"['Data Analyst', 'Tableau', 'Sql']"
Gallagher - Senior Analyst - Business Intelligence (4-10 yrs),Gallaghar,4-10 Yrs,4.0,10.0,Not Disclosed,0.0,0.0,Bangalore / Bengaluru,60.0,hirist,3.9,1600.0,"R, Python, Business Intelligence",No,0.0,Bengaluru,"['R', 'Python', 'Business Intelligence']"
Web Researcher,Cct Digisol,0-1 Yrs,0.0,1.0,Not Disclosed,0.0,0.0,Ahmedabad,3.0,Naukri,3.8,33.0,"Information Research, Data Research, Web Research",No,0.0,Ahmedabad,"['Information Research', 'Data Research', 'Web Research']"
Data Analyst,Nimbus Pipes Ltd,2-3 Yrs,2.0,3.0,Not Disclosed,0.0,0.0,Jaipur,12.0,Naukri,4.4,14.0,"Analytical skills, Data analysis, Data management",No,0.0,Jaipur,"['Analytical Skills', 'Data Analysis', 'Data Management']"
Senior Data Analyst,Tarento Technologies Pvt Ltd,6-11 Yrs,6.0,11.0,Not Disclosed,0.0,0.0,Bangalore / Bengaluru,30.0,Naukri,4.0,96.0,"power bi, powerapps, analysis",No,0.0,Bengaluru,"['Power Bi', 'Powerapps', 'Analysis']"
Senior Data Analyst - R/SQL/Python (3-6 yrs),Zyoin,3-6 Yrs,3.0,6.0,Not Disclosed,0.0,0.0,Bangalore / Bengaluru,30.0,hirist,4.0,287.0,"Data Analyst, Data Analytics, Statistical Modeling",No,0.0,Bengaluru,"['Data Analyst', 'Data Analytics', 'Statistical Modeling']"
Data Analyst - Hadoop/Hive (4-5 yrs),Protiviti India Member Private limited,4-5 Yrs,4.0,5.0,Not Disclosed,0.0,0.0,Bangalore / Bengaluru,30.0,hirist,3.3,242.0,"Data Analyst, Data Analytics, Analytics",No,0.0,Bengaluru,"['Data Analyst', 'Data Analytics', 'Analytics']"
Data Analyst - B2C (3-6 yrs),Zyoin Web Pvt Ltd,3-6 Yrs,3.0,6.0,Not Disclosed,0.0,0.0,Bangalore / Bengaluru,30.0,iimjobs,4.0,287.0,"Data Analytics, Analytics, Statistics",No,0.0,Bengaluru,"['Data Analytics', 'Analytics', 'Statistics']"
Human Resources Data Analyst II,Coperion Ideal Pvt. Ltd.,2-4 Yrs,2.0,4.0,Not Disclosed,0.0,0.0,Coimbatore,20.0,Naukri,3.1,41.0,"Computer science, Automation, Business Data Analyst",No,0.0,Coimbatore,"['Computer Science', 'Automation', 'Business Data Analyst']"
Data Analyst,Bottle Lab Technologies Pvt. Ltd (SmartQ),0-1 Yrs,0.0,1.0,Not Disclosed,0.0,0.0,Bangalore / Bengaluru,30.0,Naukri,4.0,82.0,"Market research, SQL, Data analysis",No,0.0,Bengaluru,"['Market Research', 'Sql', 'Data Analysis']"
IQVIA  - Data Analyst (0-1 yrs),IQVIA,0-1 Yrs,0.0,1.0,Not Disclosed,0.0,0.0,Pune,60.0,iimjobs,4.0,3600.0,"Data Visualization, Tableau, Data Analytics",No,0.0,Pune,"['Data Visualization', 'Tableau', 'Data Analytics']"
Data Analyst,NEXTWAVE MULTIMEDIA (P) LTD.,2-7 Yrs,2.0,7.0,Not Disclosed,0.0,0.0,Chennai,3.0,Naukri,4.0,16.0,"Analytical skills, hive, Data analysis",No,0.0,Chennai,"['Analytical Skills', 'Hive', 'Data Analysis']"
Data Analyst / Business Intelligence,Monrow Shoes,2-4 Yrs,2.0,4.0,Not Disclosed,0.0,0.0,Bangalore / Bengaluru,9.0,Naukri,4.7,7.0,"Data Analyst, Business intelligence",No,0.0,Bengaluru,"['Data Analyst', 'Business Intelligence']"
Urgent Hiring Data  Analyst   Night Shift (7PM- 4AM)Noida 63,Emonics,4-9 Yrs,4.0,9.0,Not Disclosed,0.0,0.0,Noida,20.0,Naukri,3.9,88.0,"Advanced Analytics, Pandas, Data Analysis",No,0.0,Noida,"['Advanced Analytics', 'Pandas', 'Data Analysis']"
Data Analyst - Marketing,NEC SOFTWARE SOLUTIONS (INDIA) PRIVATE LIMITED,5-8 Yrs,5.0,8.0,Not Disclosed,0.0,0.0,Mumbai,23.0,Naukri,3.9,134.0,"R, BI, Data Analysis",No,0.0,Mumbai,"['R', 'Bi', 'Data Analysis']"
Data Analyst,Wellthy Therapeutics Pvt Ltd.,1-3 Yrs,1.0,3.0,Not Disclosed,0.0,0.0,Remote,30.0,Naukri,3.8,43.0,"Analytics, Data analysis, SQL",No,0.0,Remote,"['Analytics', 'Data Analysis', 'Sql']"
Data Analyst,Capillary Technologies India Pvt. Ltd.,2-5 Yrs,2.0,5.0,Not Disclosed,0.0,0.0,Bangalore / Bengaluru,30.0,Naukri,3.5,173.0,"Automation, Python, Data analysis",No,0.0,Bengaluru,"['Automation', 'Python', 'Data Analysis']"
Data Analyst ( Hindi),Refex Group,0-1 Yrs,0.0,1.0,Not Disclosed,0.0,0.0,Chennai,11.0,Naukri,4.4,11.0,"ERP, Data Analyst, data review",No,0.0,Chennai,"['Erp', 'Data Analyst', 'Data Review']"
NITS Solutions - Data Analyst - R/Python/SQL (2-4 yrs),NITS Solutions,2-4 Yrs,2.0,4.0,Not Disclosed,0.0,0.0,Gurgaon / Gurugram,25.0,hirist,3.3,47.0,"Data Analyst, SQL, Python",No,0.0,Gurugram,"['Data Analyst', 'Sql', 'Python']"
EMOB Data Analyst,VOLVO ASSET FINANCE INDIA PRIVATE LIMITED,1-4 Yrs,1.0,4.0,Not Disclosed,0.0,0.0,Bangalore / Bengaluru,10.0,Naukri,4.0,20.0,"Usage, Focus, Construction equipment",No,0.0,Bengaluru,"['Usage', 'Focus', 'Construction Equipment']"
Hiring Data Analyst,Ericson Insurance TPA,3-8 Yrs,3.0,8.0,₹ 4 - 5L/yr,400000.0,500000.0,Mumbai,13.0,Naukri,3.8,58.0,"excel, python, advanced excel",Yes,450000.0,Mumbai,"['Excel', 'Python', 'Advanced Excel']"
Data Analyst - Senior,M/s. orange business services,2-6 Yrs,2.0,6.0,Not Disclosed,0.0,0.0,Gurgaon / Gurugram,90.0,Naukri,4.3,1200.0,"Computer science, Automation, Business analytics",No,0.0,Gurugram,"['Computer Science', 'Automation', 'Business Analytics']"
Data Analyst Trainer,Btree Systems (opc),0-1 Yrs,0.0,1.0,₹ 1.5 - 2.5L/yr,150000.0,250000.0,Chennai,27.0,Naukri,4.9,9.0,"Excel, Power Bi, Tableau",Yes,200000.0,Chennai,"['Excel', 'Power Bi', 'Tableau']"
Dispute Analyst,Vinculum Solutions,2-5 Yrs,2.0,5.0,Not Disclosed,0.0,0.0,"Gandhinagar, Ahmedabad",27.0,Naukri,3.1,146.0,"Payment Reconciliation, Excel, Dispute Resolution",No,0.0,Gandhinagar,"['Payment Reconciliation', 'Excel', 'Dispute Resolution']"
Jr Data Analyst,Synergy Connect Data Innovations,1-2 Yrs,1.0,2.0,Not Disclosed,0.0,0.0,Mumbai,13.0,Naukri,4.7,7.0,"Data Analysis, Data Cleansing, Data Visualization",No,0.0,Mumbai,"['Data Analysis', 'Data Cleansing', 'Data Visualization']"
Data Analyst,Jibe Development Services,2-5 Yrs,2.0,5.0,₹ 2.4 - 2L/yr (AmbitionBox estimate),240000.0,200000.0,"Chennai, Navi Mumbai",25.0,Naukri,3.2,54.0,"4th Engineer, QC, Maritime",Yes,220000.0,Chennai,"['4Th Engineer', 'Qc', 'Maritime']"
Supply Chain Data Analyst,EMERSON INNOVATION CENTER,2-5 Yrs,2.0,5.0,Not Disclosed,0.0,0.0,Pune,180.0,Naukri,4.2,391.0,"Supply chain, SAP, ERP",No,0.0,Pune,"['Supply Chain', 'Sap', 'Erp']"
Procurement Analyst & Admin For UK Clients,Unipath Solutions,3-7 Yrs,3.0,7.0,₹ 4 - 6L/yr,400000.0,600000.0,Ahmedabad,18.0,Naukri,4.2,23.0,"Pivot Table, administrator, procurement",Yes,500000.0,Ahmedabad,"['Pivot Table', 'Administrator', 'Procurement']"
Database Analyst - iAM (5-30 yrs),Careator Technologies Pvt Ltd,5-30 Yrs,5.0,30.0,Not Disclosed,0.0,0.0,Bangalore / Bengaluru,30.0,hirist,4.5,15.0,"iAM, Database Apps, Data Analyst",No,0.0,Bengaluru,"['Iam', 'Database Apps', 'Data Analyst']"
EY - Data Analyst - SQL/Python (2-5 yrs),Ernst & Young,2-5 Yrs,2.0,5.0,Not Disclosed,0.0,0.0,Mumbai,60.0,hirist,3.6,9000.0,"SQL, Python, Data Analytics",No,0.0,Mumbai,"['Sql', 'Python', 'Data Analytics']"
ADAS Data Analyst_Engineer,Renault India Pvt Ltd,5-6 Yrs,5.0,6.0,Not Disclosed,0.0,0.0,Chennai,60.0,Naukri,4.3,465.0,"microsoft, big data, Power point presentation",No,0.0,Chennai,"['Microsoft', 'Big Data', 'Power Point Presentation']"
TBO - Senior Data Analyst (12-22 yrs),TBO.COM,12-22 Yrs,12.0,22.0,Not Disclosed,0.0,0.0,Gurgaon / Gurugram,2.0,iimjobs,3.8,14.0,"Data Analytics, Analytics",No,0.0,Gurugram,"['Data Analytics', 'Analytics']"
Lead Data Analyst,Arting Digital,4-7 Yrs,4.0,7.0,Not Disclosed,0.0,0.0,Bangalore / Bengaluru,30.0,Naukri,4.8,27.0,"Data analysis, Business intelligence, Analytical",No,0.0,Bengaluru,"['Data Analysis', 'Business Intelligence', 'Analytical']"
Data Analyst,OneMagnify,5-10 Yrs,5.0,10.0,₹ 14.7 - 15L/yr (AmbitionBox estimate),1470000.0,1500000.0,Chennai,11.0,Naukri,4.0,17.0,"customer analytics, data analysis, data manipulation",Yes,1485000.0,Chennai,"['Customer Analytics', 'Data Analysis', 'Data Manipulation']"
Better - Senior Data Analyst (3-7 yrs),BMTG Advisors India Private Limited,3-7 Yrs,3.0,7.0,Not Disclosed,0.0,0.0,Gurgaon / Gurugram,30.0,iimjobs,3.0,725.0,"Data Analytics, Analytics, Python",No,0.0,Gurugram,"['Data Analytics', 'Analytics', 'Python']"
PhysicsWallah - Regional Analyst - Python/Data Visualization (2-3 yrs),PhysicsWallah,2-3 Yrs,2.0,3.0,Not Disclosed,0.0,0.0,Bangalore / Bengaluru,60.0,hirist,3.8,1200.0,"Python, Data Visualization, Data Analytics",No,0.0,Bengaluru,"['Python', 'Data Visualization', 'Data Analytics']"
Data Analyst,ADA TECH SOLUTIONS PRIVATE LIMITED,3-5 Yrs,3.0,5.0,₹ 0.5 - 0.7L/yr,50000.0,70000.0,Nashik,30.0,Naukri,3.3,47.0,business needs/requirements and recommend solutions.,Yes,60000.0,Nashik,['Business Needs/Requirements And Recommend Solutions.']
Data Quality Analyst,Bigtapp Analytics,3-6 Yrs,3.0,6.0,Not Disclosed,0.0,0.0,Chennai,9.0,Naukri,4.3,7.0,"Root Cause Analysis, Data analyst, AI/ML Testing",No,0.0,Chennai,"['Root Cause Analysis', 'Data Analyst', 'Ai/Ml Testing']"
Data Analyst,S&P Capital IQ (India) Pvt. Ltd,Not Specified,0.0,0.0,Not Disclosed,0.0,0.0,Not Specified,210.0,First Naukri,4.2,2200.0,Not Specified,No,0.0,Not Specified,[]
Data Analyst/ Content Management,S&P Capital IQ (India) Pvt. Ltd,0-1 Yrs,0.0,1.0,Not Disclosed,0.0,0.0,Ahmedabad,330.0,First Naukri,4.2,2200.0,"Content Management, Data Analysis",No,0.0,Ahmedabad,"['Content Management', 'Data Analysis']"
Data Analyst_Ahmedabad,S&P Capital IQ (India) Pvt. Ltd,0-1 Yrs,0.0,1.0,Not Disclosed,0.0,0.0,Ahmedabad,330.0,First Naukri,4.2,2200.0,Data Analysis,No,0.0,Ahmedabad,['Data Analysis']
Data Analyst,S&P Capital IQ (India) Pvt. Ltd,Not Specified,0.0,0.0,Not Disclosed,0.0,0.0,Not Specified,365.0,First Naukri,4.2,2200.0,Not Specified,No,0.0,Not Specified,[]
Data Analyst - Apprentice,S&P Capital IQ (India) Pvt. Ltd,Not Specified,0.0,0.0,Not Disclosed,0.0,0.0,Not Specified,365.0,First Naukri,4.2,2200.0,Not Specified,No,0.0,Not Specified,[]
Technical Lead,Chubb,2-5 Yrs,2.0,5.0,Not Disclosed,0.0,0.0,"Nizamabad, Warangal, Hyderabad / Secunderabad",60.0,Naukri,3.8,128.0,"SQL queries, Data analysis, Analytical",No,0.0,Nizamabad,"['Sql Queries', 'Data Analysis', 'Analytical']"
Senior Software Engineer,Chubb,4-8 Yrs,4.0,8.0,₹ 13.5 - 20L/yr (AmbitionBox estimate),1350000.0,2000000.0,"Nizamabad, Warangal, Hyderabad / Secunderabad",60.0,Naukri,3.8,128.0,"SQL queries, Data analysis, Analytical",Yes,1675000.0,Nizamabad,"['Sql Queries', 'Data Analysis', 'Analytical']"
Data Analyst (4-10 yrs),Quess Corp Ltd,Not Specified,0.0,0.0,Not Disclosed,0.0,0.0,Not Specified,60.0,iimjobs,4.0,5800.0,Not Specified,No,0.0,Not Specified,[]
Supply Chain Data Analyst,Simpli Home Ltd.,2-4 Yrs,2.0,4.0,Not Disclosed,0.0,0.0,India,18.0,Naukri,4.1,5.0,"Business Intelligence, Data Analysis, Data Analytics",No,0.0,India,"['Business Intelligence', 'Data Analysis', 'Data Analytics']"
Data Analyst (Tech BA + Banking),Bigtapp Analytics,5-8 Yrs,5.0,8.0,Not Disclosed,0.0,0.0,Chennai,10.0,Naukri,4.3,7.0,"Banking Domain, Business Data Analyst, Data Analysis",No,0.0,Chennai,"['Banking Domain', 'Business Data Analyst', 'Data Analysis']"
Droom -  Data Analyst - Data Science (1-4 yrs),Droom Technology (P) Ltd,1-4 Yrs,1.0,4.0,Not Disclosed,0.0,0.0,Gurgaon / Gurugram,30.0,iimjobs,3.5,153.0,"Data Analytics, Data Science, Analytics",No,0.0,Gurugram,"['Data Analytics', 'Data Science', 'Analytics']"
Senior Data Analyst - Reporting Analytics & Dashboard (6-12 yrs),HEPL - A Cavinkare Group Company(Consultant),6-12 Yrs,6.0,12.0,Not Disclosed,0.0,0.0,Jaipur,27.0,hirist,3.9,106.0,"Data Analytics, SQL, Data Analyst",No,0.0,Jaipur,"['Data Analytics', 'Sql', 'Data Analyst']"
HEPL - Senior Data Analyst (6-12 yrs),HEPL - A Cavinkare Group Company,6-12 Yrs,6.0,12.0,Not Disclosed,0.0,0.0,Jaipur,27.0,iimjobs,3.9,106.0,"Data Analytics, Data Management, Analytics",No,0.0,Jaipur,"['Data Analytics', 'Data Management', 'Analytics']"
Data Analyst  - Mohammed Enterprises Tanzania Ltd (METL)- Dubai,Mohammed Enterprises Tanzania Ltd (metl),2-6 Yrs,2.0,6.0,Not Disclosed,0.0,0.0,Dubai/Uae,18.0,Naukri,3.8,57.0,"Financial Analysis, erp, Financial Reporting",No,0.0,Dubai,"['Financial Analysis', 'Erp', 'Financial Reporting']"
Data Analyst - SQL/Python (3-5 yrs),Programming.com,3-5 Yrs,3.0,5.0,Not Disclosed,0.0,0.0,Bangalore / Bengaluru,14.0,hirist,3.4,7.0,"Data Analyst, Data Analytics, Tableau",No,0.0,Bengaluru,"['Data Analyst', 'Data Analytics', 'Tableau']"
Senior Data Analyst - Python/Pyspark/SQL - Insurance (4-6 yrs),Huquo Consulting,4-6 Yrs,4.0,6.0,Not Disclosed,0.0,0.0,Delhi ncr,2.0,iimjobs,3.8,14.0,"Analytics, Data Analytics, Data Science",No,0.0,Delhi ncr,"['Analytics', 'Data Analytics', 'Data Science']"
Data Analyst/Senior Data Analyst - SQL/Tableau (3-9 yrs),Huquo Consulting,3-9 Yrs,3.0,9.0,Not Disclosed,0.0,0.0,Gurgaon / Gurugram,2.0,hirist,3.8,14.0,"Data Analyst, Data Analytics, SQL",No,0.0,Gurugram,"['Data Analyst', 'Data Analytics', 'Sql']"
Assistant Manager - Data Analyst (3-6 yrs),HuQuo Consulting Pvt. Ltd.,3-6 Yrs,3.0,6.0,Not Disclosed,0.0,0.0,Gurgaon / Gurugram,2.0,iimjobs,3.8,14.0,"Data Analytics, Data Visualization, Data Management",No,0.0,Gurugram,"['Data Analytics', 'Data Visualization', 'Data Management']"
Manager/Senior Data Analyst - Consulting Firm (5-8 yrs),HuQuo Consulting Pvt. Ltd.,5-8 Yrs,5.0,8.0,Not Disclosed,0.0,0.0,Gurgaon / Gurugram,2.0,iimjobs,3.8,14.0,"Analytics, Data Analytics, Big Data",No,0.0,Gurugram,"['Analytics', 'Data Analytics', 'Big Data']"
Clinical Data Analyst - Epic System (3-6 yrs),Huquo,3-6 Yrs,3.0,6.0,Not Disclosed,0.0,0.0,"Hyderabad / Secunderabad, Pune, Gurgaon / Gurugram",2.0,hirist,3.8,14.0,"Clinical Data Management, Clinical SAS, Data Analyst",No,0.0,Hyderabad,"['Clinical Data Management', 'Clinical Sas', 'Data Analyst']"
Data Analyst - Workforce Management - Aspects/Alavaria (3-8 yrs),Huquo Consulting,3-8 Yrs,3.0,8.0,Not Disclosed,0.0,0.0,Gurgaon / Gurugram,2.0,iimjobs,3.8,14.0,"Analytics, Statistics, Data Analytics",No,0.0,Gurugram,"['Analytics', 'Statistics', 'Data Analytics']"
Data Analyst - Power BI/SQL (1-3 yrs),Huquo Consulting,1-3 Yrs,1.0,3.0,Not Disclosed,0.0,0.0,Delhi ncr,2.0,iimjobs,3.8,14.0,"Analytics, Data Analytics, Business Intelligence",No,0.0,Delhi ncr,"['Analytics', 'Data Analytics', 'Business Intelligence']"
Business Analyst/Data Analyst (3-7 yrs),Huquo Consulting,3-7 Yrs,3.0,7.0,Not Disclosed,0.0,0.0,Delhi ncr,2.0,iimjobs,3.8,14.0,"Data Analytics, Analytics, SQL",No,0.0,Delhi ncr,"['Data Analytics', 'Analytics', 'Sql']"
Assistant Manager/Lead Assistant Manager - Data Analytics (3-7 yrs),HuQuo Consulting Pvt. Ltd.,3-7 Yrs,3.0,7.0,Not Disclosed,0.0,0.0,Gurgaon / Gurugram,2.0,hirist,3.8,14.0,"Python, SQL, R",No,0.0,Gurugram,"['Python', 'Sql', 'R']"
Data Analyst - Altreyx & SQL - Acturial Team (1-6 yrs),Huquo Consulting,1-6 Yrs,1.0,6.0,Not Disclosed,0.0,0.0,Delhi ncr,2.0,iimjobs,3.8,14.0,"Analytics, Data Analytics, SQL",No,0.0,Delhi ncr,"['Analytics', 'Data Analytics', 'Sql']"
Senior Data Analyst - Workforce Management/Forecasting - Consulting Firm (5-6 yrs),Huquo Consulting,5-6 Yrs,5.0,6.0,Not Disclosed,0.0,0.0,Delhi ncr,2.0,iimjobs,3.8,14.0,"Analytics, Data Analytics, Python",No,0.0,Delhi ncr,"['Analytics', 'Data Analytics', 'Python']"
Data Analyst - SAS/SQL/Power BI  - Consulting Firm (4-10 yrs),Huquo Consulting,4-10 Yrs,4.0,10.0,Not Disclosed,0.0,0.0,Gurgaon / Gurugram,2.0,iimjobs,3.8,14.0,"Data Modeling, Data Analytics, Business Intelligence",No,0.0,Gurugram,"['Data Modeling', 'Data Analytics', 'Business Intelligence']"
Data Analyst - Machine/Deep Learning Algorithms (2-9 yrs),Huquo Consulting,2-9 Yrs,2.0,9.0,Not Disclosed,0.0,0.0,"Delhi ncr, Gurgaon / Gurugram",2.0,hirist,3.8,14.0,"Data Analytics, Data Analyst, Machine Learning",No,0.0,Delhi ncr,"['Data Analytics', 'Data Analyst', 'Machine Learning']"
Data Analyst - Consulting Firm (1-3 yrs),HuQuo Consulting Pvt. Ltd.,1-3 Yrs,1.0,3.0,Not Disclosed,0.0,0.0,Delhi ncr,2.0,iimjobs,3.8,14.0,"Analytics, Data Analytics, Business Intelligence",No,0.0,Delhi ncr,"['Analytics', 'Data Analytics', 'Business Intelligence']"
Assistant Manager/Lead Assistant Manager - Data Analyst - SQL/Tableau/Alteryx (3-6 yrs),HuQuo Consulting Pvt. Ltd.,3-6 Yrs,3.0,6.0,Not Disclosed,0.0,0.0,Gurgaon / Gurugram,2.0,iimjobs,3.8,14.0,"Analytics, Data Analytics, SQL",No,0.0,Gurugram,"['Analytics', 'Data Analytics', 'Sql']"
Data Analyst/Senior Data Analyst - Data Modelling - Power BI/SQL/Snowflake (5-10 yrs),Huquo Consulting,5-10 Yrs,5.0,10.0,Not Disclosed,0.0,0.0,Gurgaon / Gurugram,2.0,iimjobs,3.8,14.0,"Data Visualization, Data Analytics, Analytics",No,0.0,Gurugram,"['Data Visualization', 'Data Analytics', 'Analytics']"
Senior Data Analyst/Manager - Spark (5-8 yrs),HuQuo Consulting Pvt. Ltd.,5-8 Yrs,5.0,8.0,Not Disclosed,0.0,0.0,Gurgaon / Gurugram,2.0,hirist,3.8,14.0,"Data Analytics, Data Analyst, Spark",No,0.0,Gurugram,"['Data Analytics', 'Data Analyst', 'Spark']"
Power BI Developer - Data Analytics (3-7 yrs),Www.Huquo.com,3-7 Yrs,3.0,7.0,Not Disclosed,0.0,0.0,Gurgaon / Gurugram,2.0,hirist,3.8,14.0,"DAX Power BI, Power BI, Data Analytics",No,0.0,Gurugram,"['Dax Power Bi', 'Power Bi', 'Data Analytics']"
Data Analyst - ETL/Data Warehousing (3-6 yrs),Www.Huquo.com,3-6 Yrs,3.0,6.0,Not Disclosed,0.0,0.0,Gurgaon / Gurugram,2.0,hirist,3.8,14.0,"Data Analyst, Data Analytics, Data Warehousing",No,0.0,Gurugram,"['Data Analyst', 'Data Analytics', 'Data Warehousing']"
Senior Business Analyst - Data Analyst - BFS (1-3 yrs),HuQuo Consulting Pvt. Ltd.,1-3 Yrs,1.0,3.0,Not Disclosed,0.0,0.0,Gurgaon / Gurugram,2.0,iimjobs,3.8,14.0,"Data Mining, SQL, Python",No,0.0,Gurugram,"['Data Mining', 'Sql', 'Python']"
Lead/Assistant Manager/Data Analyst - Python/SQL (4-6 yrs),HuQuo Consulting Pvt. Ltd.,4-6 Yrs,4.0,6.0,Not Disclosed,0.0,0.0,Gurgaon / Gurugram,2.0,iimjobs,3.8,14.0,"Python, SQL, Data Analytics",No,0.0,Gurugram,"['Python', 'Sql', 'Data Analytics']"
Data Analyst - SQL/Metadata/ETL Tools (3-8 yrs),Huquo,Not Specified,0.0,0.0,Not Disclosed,0.0,0.0,Not Specified,2.0,hirist,3.8,14.0,Not Specified,No,0.0,Not Specified,[]
Data Quality Analyst Lead,Bigtapp Analytics,7-11 Yrs,7.0,11.0,Not Disclosed,0.0,0.0,Chennai,11.0,Naukri,4.3,7.0,"Data analyst, ML Testing, AI Testing",No,0.0,Chennai,"['Data Analyst', 'Ml Testing', 'Ai Testing']"
Data Analyst - Immediate Joiner - Andheri,Millennium Organisation,0-3 Yrs,0.0,3.0,₹ 1.25 - 2.5L/yr,125000.0,250000.0,Mumbai,29.0,Naukri,3.4,25.0,"Formulas, Advanced Excel, Calculation",Yes,187500.0,Mumbai,"['Formulas', 'Advanced Excel', 'Calculation']"
Presales Data Analyst,DiLytics Technologies Private Limited,1-10 Yrs,1.0,10.0,Not Disclosed,0.0,0.0,Hyderabad / Secunderabad,16.0,Naukri,4.3,11.0,"IT services, Performance management, Data Analyst",No,0.0,Hyderabad,"['It Services', 'Performance Management', 'Data Analyst']"
Data Analyst - Tableau/Power BI (3-5 yrs),Ds,3-5 Yrs,3.0,5.0,Not Disclosed,0.0,0.0,Bangalore / Bengaluru,6.0,hirist,3.6,24.0,"Data Analyst, Data Analytics, Data Modeling",No,0.0,Bengaluru,"['Data Analyst', 'Data Analytics', 'Data Modeling']"
Hindustan Coca Cola Beverages - Data Analyst (3-6 yrs),Coca Cola Beverages Pvt Ltd,3-6 Yrs,3.0,6.0,Not Disclosed,0.0,0.0,Bangalore / Bengaluru,90.0,iimjobs,4.2,2500.0,"Data Analytics, Analytics, Data Visualization",No,0.0,Bengaluru,"['Data Analytics', 'Analytics', 'Data Visualization']"
Data Analyst,Adidas Group,2-4 Yrs,2.0,4.0,₹ 16 - 25L/yr (AmbitionBox estimate),1600000.0,2500000.0,Gurgaon / Gurugram,365.0,Naukri,4.0,510.0,"SQL, Data processing, SMS",Yes,2050000.0,Gurugram,"['Sql', 'Data Processing', 'Sms']"
Data Analyst,Adidas Group,2-4 Yrs,2.0,4.0,₹ 16 - 25L/yr (AmbitionBox estimate),1600000.0,2500000.0,Gurgaon / Gurugram,365.0,Naukri,4.0,510.0,"SQL, Data processing, SMS",Yes,2050000.0,Gurugram,"['Sql', 'Data Processing', 'Sms']"
Senior Cognos BI Developer - Data Analytics (12-14 yrs),Cortex Consulting Pvt. Ltd.,12-14 Yrs,12.0,14.0,Not Disclosed,0.0,0.0,Remote,17.0,hirist,3.1,16.0,"Cognos, Data Modeling, Dimensional Modeling",No,0.0,Remote,"['Cognos', 'Data Modeling', 'Dimensional Modeling']"
Senior Spend Data Analyst - BFSI/IT (5-8 yrs),Counselect Services Private Limited,5-8 Yrs,5.0,8.0,Not Disclosed,0.0,0.0,Mumbai,60.0,iimjobs,4.2,50.0,"Data Analytics, Analytics, Data Management",No,0.0,Mumbai,"['Data Analytics', 'Analytics', 'Data Management']"
Data Analyst Intern,ThoughtCoders,Not Specified,0.0,0.0,Not Disclosed,0.0,0.0,Not Specified,26.0,Naukri,5.0,6.0,Not Specified,No,0.0,Not Specified,[]
Data Analyst Trainee,ZCTS,0-1 Yrs,0.0,1.0,Not Disclosed,0.0,0.0,Coimbatore,17.0,Naukri,3.8,37.0,"Java, C",No,0.0,Coimbatore,"['Java', 'C']"
TS - Data Analyst,Srivango,4-8 Yrs,4.0,8.0,₹ 9 - 15L/yr,900000.0,1500000.0,Kolkata,5.0,Naukri,4.2,7.0,"Power Bi, Agile, SQL Queries",Yes,1200000.0,Kolkata,"['Power Bi', 'Agile', 'Sql Queries']"
Data Analyst,Kellton Tech Solutions Ltd,5-10 Yrs,5.0,10.0,Not Disclosed,0.0,0.0,Gurgaon / Gurugram,30.0,Naukri,3.0,309.0,"SQL, Python, GIT",No,0.0,Gurugram,"['Sql', 'Python', 'Git']"
Milkbasket - Data Analyst/Senior Data Analyst (3-6 yrs),Milkbasket,3-6 Yrs,3.0,6.0,Not Disclosed,0.0,0.0,Gurgaon / Gurugram,30.0,iimjobs,3.8,274.0,"Analytics, SQL, Data Analytics",No,0.0,Gurugram,"['Analytics', 'Sql', 'Data Analytics']"
Data Analyst - R/Python (5-12 yrs),Zelarsoft Pvt.Ltd.,5-12 Yrs,5.0,12.0,Not Disclosed,0.0,0.0,Hyderabad / Secunderabad,6.0,hirist,3.5,27.0,"Data Analyst, Data Integrity, R",No,0.0,Hyderabad,"['Data Analyst', 'Data Integrity', 'R']"
Power BI (HR),Burns McDonnell,2-3 Yrs,2.0,3.0,Not Disclosed,0.0,0.0,Mumbai,240.0,Naukri,4.3,252.0,"Data Analyst, Business analytics, Data management",No,0.0,Mumbai,"['Data Analyst', 'Business Analytics', 'Data Management']"
Senior Executive - Data Analyst,Ecom Express Private Limited,3-5 Yrs,3.0,5.0,₹ 3 - 6L/yr (AmbitionBox estimate),300000.0,600000.0,Gurgaon / Gurugram,270.0,Naukri,4.0,3300.0,"Project implementation, Employee engagement, power bi",Yes,450000.0,Gurugram,"['Project Implementation', 'Employee Engagement', 'Power Bi']"
Data Analyst - Global Support,Siemens Limited,1-4 Yrs,1.0,4.0,Not Disclosed,0.0,0.0,Thane,90.0,Naukri,4.2,4200.0,"Business intelligence, Logistics, Data Analyst",No,0.0,Thane,"['Business Intelligence', 'Logistics', 'Data Analyst']"
Data Analyst,Siemens Limited,0-6 Yrs,0.0,6.0,Not Disclosed,0.0,0.0,Bangalore / Bengaluru,150.0,Naukri,4.2,4200.0,"power bi, Data analysis, SQL",No,0.0,Bengaluru,"['Power Bi', 'Data Analysis', 'Sql']"
Electrical / Energy Expert and Data Analyst,Siemens Limited,6-8 Yrs,6.0,8.0,Not Disclosed,0.0,0.0,Thane,90.0,Naukri,4.2,4200.0,"Data Analyst, Project management, Agile",No,0.0,Thane,"['Data Analyst', 'Project Management', 'Agile']"
IT Data Analyst,Siemens Limited,5-10 Yrs,5.0,10.0,Not Disclosed,0.0,0.0,Bangalore / Bengaluru,120.0,Naukri,4.2,4200.0,"Data Analyst, CRM, Data analysis",No,0.0,Bengaluru,"['Data Analyst', 'Crm', 'Data Analysis']"
Data Analyst ( On Contract ),Electronic Arts,2-3 Yrs,2.0,3.0,Not Disclosed,0.0,0.0,Hyderabad / Secunderabad,365.0,Naukri,4.3,67.0,"Analytical skills, tableau, Manager Quality Assurance",No,0.0,Hyderabad,"['Analytical Skills', 'Tableau', 'Manager Quality Assurance']"
Data Analyst at Electronic Arts,Electronic Arts,3-6 Yrs,3.0,6.0,Not Disclosed,0.0,0.0,Hyderabad / Secunderabad,1095.0,Naukri,4.3,67.0,"Data analysis, Simulation, Consulting",No,0.0,Hyderabad,"['Data Analysis', 'Simulation', 'Consulting']"
Data Visualization Expert - Power BI/Qlikview (3-5 yrs),Connexions,3-5 Yrs,3.0,5.0,Not Disclosed,0.0,0.0,Bangalore / Bengaluru,30.0,hirist,3.9,11.0,"Data Visualization, Data Visualization Tools, Business Intelligence",No,0.0,Bengaluru,"['Data Visualization', 'Data Visualization Tools', 'Business Intelligence']"
Data Analyst Trainee / Engineer,Electrodrive Powertrain Solutions,0-2 Yrs,0.0,2.0,Not Disclosed,0.0,0.0,Pune,16.0,Naukri,3.7,35.0,MS Excel,No,0.0,Pune,['Ms Excel']
Data Analyst - NA Mobility,Arcadis Consulting India Pvt. Ltd,2-5 Yrs,2.0,5.0,Not Disclosed,0.0,0.0,"Bangalore / Bengaluru, Hyderabad / Secunderabad",330.0,Naukri,4.2,191.0,"Qualitative research, Process automation, RDBMS",No,0.0,Bengaluru,"['Qualitative Research', 'Process Automation', 'Rdbms']"
Senior Data Analyst,Better Mortgage,3-7 Yrs,3.0,7.0,Not Disclosed,0.0,0.0,Gurgaon / Gurugram,30.0,Naukri,3.0,725.0,"Data analysis, Automation, Sales",No,0.0,Gurugram,"['Data Analysis', 'Automation', 'Sales']"
Data Analyst - Qliksense (6-14 yrs),SAR HR Consultancy,6-14 Yrs,6.0,14.0,Not Disclosed,0.0,0.0,Gurgaon / Gurugram,11.0,iimjobs,4.5,6.0,"Analytics, Data Analytics, Data Science",No,0.0,Gurugram,"['Analytics', 'Data Analytics', 'Data Science']"
MIS Data Analyst-Retail FMCG - Bangalore,The Organic World,2-5 Yrs,2.0,5.0,Not Disclosed,0.0,0.0,Bangalore / Bengaluru,6.0,Naukri,4.1,8.0,"Retail MIS, Account data, MIS Operations",No,0.0,Bengaluru,"['Retail Mis', 'Account Data', 'Mis Operations']"
Data Analyst,STP Research,1-4 Yrs,1.0,4.0,Not Disclosed,0.0,0.0,New Delhi,30.0,Naukri,4.7,4.0,Data Analyst,No,0.0,Delhi,['Data Analyst']
Jr Data Analyst,Synergy Connect Data Innovations,2-3 Yrs,2.0,3.0,Not Disclosed,0.0,0.0,Mumbai,23.0,Naukri,4.7,7.0,"Database Management, Data Analysis, Data Cleansing",No,0.0,Mumbai,"['Database Management', 'Data Analysis', 'Data Cleansing']"
Data Analyst - R/Python (3-6 yrs),Kudos India Pvt Ltd,3-6 Yrs,3.0,6.0,Not Disclosed,0.0,0.0,Mumbai,10.0,hirist,4.8,4.0,"Data Analyst, R, Python",No,0.0,Mumbai,"['Data Analyst', 'R', 'Python']"
Data Engineer/ Data Analyst,Chryselys,2-7 Yrs,2.0,7.0,₹ 5 - 13L/yr (AmbitionBox estimate),500000.0,1300000.0,"Chennai, Hyderabad / Secunderabad",13.0,Naukri,3.8,21.0,"Payer, python, Data Engineering",Yes,900000.0,Chennai,"['Payer', 'Python', 'Data Engineering']"
Thoucentric - Data Analyst (0-1 yrs),Thoucentric Technology Pvt. Ltd.,0-1 Yrs,0.0,1.0,Not Disclosed,0.0,0.0,Bangalore / Bengaluru,30.0,hirist,3.8,89.0,"Data Analyst, Data Analytics, Data Governance",No,0.0,Bengaluru,"['Data Analyst', 'Data Analytics', 'Data Governance']"
Thoucentric -  Data Analyst (2-5 yrs),Thoucentric Technology Private Limited,2-5 Yrs,2.0,5.0,Not Disclosed,0.0,0.0,Bangalore / Bengaluru,30.0,iimjobs,3.8,89.0,"Data Analytics, Analytics, Data Management",No,0.0,Bengaluru,"['Data Analytics', 'Analytics', 'Data Management']"
Priority Technology Holdings - Data Analyst - SQL/Looker/Tableau (2-5 yrs),Priority Technology Holdings,2-5 Yrs,2.0,5.0,Not Disclosed,0.0,0.0,Chandigarh,3.0,hirist,3.1,46.0,"Data Analyst, Data Analytics, Reporting Analytics",No,0.0,Chandigarh,"['Data Analyst', 'Data Analytics', 'Reporting Analytics']"
Junior Data Analyst,super scholar,0-6 Yrs,0.0,6.0,Not Disclosed,0.0,0.0,Mumbai,6.0,Naukri,3.8,11.0,"Data analysis, Excel, Analytical",No,0.0,Mumbai,"['Data Analysis', 'Excel', 'Analytical']"
Senior Data Analyst,PVH,4-6 Yrs,4.0,6.0,Not Disclosed,0.0,0.0,"Chennai, Pune, New Delhi
													+4 more",150.0,Naukri,4.3,61.0,"Supply chain, Microstrategy, Logistic regression",No,0.0,Chennai,"['Supply Chain', 'Microstrategy', 'Logistic Regression']"
SQL Data/BI Analyst - Mumbai (Dadar),Quosphere,3-8 Yrs,3.0,8.0,₹ 6 - 8L/yr,600000.0,800000.0,Mumbai,6.0,Naukri,2.5,20.0,"Power Bi, Data Extraction, SQL Queries",Yes,700000.0,Mumbai,"['Power Bi', 'Data Extraction', 'Sql Queries']"
Data Analyst,Clairvoyant India Pvt. Ltd,2-6 Yrs,2.0,6.0,Not Disclosed,0.0,0.0,Hyderabad / Secunderabad,60.0,Naukri,4.0,73.0,"Python, Information technology, Analytical",No,0.0,Hyderabad,"['Python', 'Information Technology', 'Analytical']"
Sr. Data Analyst,Clairvoyant India Pvt. Ltd,5-8 Yrs,5.0,8.0,Not Disclosed,0.0,0.0,Hyderabad / Secunderabad,60.0,Naukri,4.0,73.0,"Python, Troubleshooting, Data modeling",No,0.0,Hyderabad,"['Python', 'Troubleshooting', 'Data Modeling']"
Data Analyst,DAZN Group,4-8 Yrs,4.0,8.0,Not Disclosed,0.0,0.0,Hyderabad / Secunderabad,60.0,Naukri,4.5,11.0,"SQL, Python, Business intelligence",No,0.0,Hyderabad,"['Sql', 'Python', 'Business Intelligence']"
Data Analyst - Tableau/Power BI (5-10 yrs),Varite India,5-10 Yrs,5.0,10.0,Not Disclosed,0.0,0.0,Bangalore / Bengaluru,30.0,hirist,3.7,162.0,"Data Infrastructure, Snowflake DB, DB",No,0.0,Bengaluru,"['Data Infrastructure', 'Snowflake Db', 'Db']"
Netradyne - Staff Data Analyst - Python/SQL (7-9 yrs),Netradyne Technologies India Pvt Ltd,7-9 Yrs,7.0,9.0,Not Disclosed,0.0,0.0,Bangalore / Bengaluru,16.0,hirist,3.6,37.0,"Data Analyst, Data Analytics, Data Pipeline",No,0.0,Bengaluru,"['Data Analyst', 'Data Analytics', 'Data Pipeline']"
Senior Manager/Data Analyst (4-10 yrs),C2FO,4-10 Yrs,4.0,10.0,Not Disclosed,0.0,0.0,Noida,19.0,hirist,3.6,53.0,"Data Analytics, Business Analyst, SQL",No,0.0,Noida,"['Data Analytics', 'Business Analyst', 'Sql']"
Manager/Senior Manager - Data Governance Products (10-13 yrs),HuQuo,10-13 Yrs,10.0,13.0,Not Disclosed,0.0,0.0,Pune,9.0,hirist,3.8,14.0,"Product Management, Data Governance, Data Analyst",No,0.0,Pune,"['Product Management', 'Data Governance', 'Data Analyst']"
Manager/Senior Manager - Data Analyst (2-10 yrs),HuQuo,2-10 Yrs,2.0,10.0,Not Disclosed,0.0,0.0,"Delhi ncr, Mumbai, Bangalore / Bengaluru
													+5 more",9.0,iimjobs,3.8,14.0,"Tableau, Python, SQL",No,0.0,Delhi ncr,"['Tableau', 'Python', 'Sql']"
Data Analyst - Business Intelligence (1-3 yrs),HuQuo Consulting Pvt. Ltd.,1-3 Yrs,1.0,3.0,Not Disclosed,0.0,0.0,Gurgaon / Gurugram,9.0,hirist,3.8,14.0,"Data Analyst, Data Analytics, Reporting Tools",No,0.0,Gurugram,"['Data Analyst', 'Data Analytics', 'Reporting Tools']"
Assistant Manager/Lead Assistant Manager/Manager - Data Analyst - Banking (2-9 yrs),HuQuo,Not Specified,0.0,0.0,Not Disclosed,0.0,0.0,Not Specified,9.0,iimjobs,3.8,14.0,Not Specified,No,0.0,Not Specified,[]
Senior Research Analyst - Data Analytics (5-8 yrs),HuQuo,5-8 Yrs,5.0,8.0,Not Disclosed,0.0,0.0,Gurgaon / Gurugram,9.0,hirist,3.8,14.0,"IT Research, Data Analytics, Data Analyst",No,0.0,Gurugram,"['It Research', 'Data Analytics', 'Data Analyst']"
Data Engineer - Python/Hadoop (2-8 yrs),HuQuo,2-8 Yrs,2.0,8.0,Not Disclosed,0.0,0.0,Gurgaon / Gurugram,9.0,hirist,3.8,14.0,"Data Analytics, Data Analyst, Python",No,0.0,Gurugram,"['Data Analytics', 'Data Analyst', 'Python']"
Assistant Manager/Lead Manager - Data Analytics (3-6 yrs),HuQuo Consulting Pvt. Ltd.,3-6 Yrs,3.0,6.0,Not Disclosed,0.0,0.0,Gurgaon / Gurugram,9.0,hirist,3.8,14.0,"IT Project Delivery, Data Analyst, Data Analytics",No,0.0,Gurugram,"['It Project Delivery', 'Data Analyst', 'Data Analytics']"
Manager/Senior Manager - Data Analyst - KPO (5-7 yrs),HuQuo,5-7 Yrs,5.0,7.0,Not Disclosed,0.0,0.0,"Hyderabad / Secunderabad, Pune, Gurgaon / Gurugram",9.0,iimjobs,3.8,14.0,"Data Analytics, Analytics, SQL",No,0.0,Hyderabad,"['Data Analytics', 'Analytics', 'Sql']"
Data Analyst,Paktolus solutions,1-2 Yrs,1.0,2.0,Not Disclosed,0.0,0.0,Mumbai,24.0,Naukri,3.9,27.0,"Computer science, Data analysis, Claims",No,0.0,Mumbai,"['Computer Science', 'Data Analysis', 'Claims']"
Data Analyst,PreludeSys India Ltd,5-7 Yrs,5.0,7.0,Not Disclosed,0.0,0.0,Chennai,30.0,Naukri,3.6,217.0,"Python, Mahine learning, Wealth management",No,0.0,Chennai,"['Python', 'Mahine Learning', 'Wealth Management']"
Senior Data Analyst,Whatfix,3-5 Yrs,3.0,5.0,Not Disclosed,0.0,0.0,Bangalore / Bengaluru,30.0,Naukri,3.5,72.0,"Web analytics, Analytical, Medical insurance",No,0.0,Bengaluru,"['Web Analytics', 'Analytical', 'Medical Insurance']"
Data Analyst,Oceaneering International Services Limited,3-8 Yrs,3.0,8.0,Not Disclosed,0.0,0.0,Chandigarh,90.0,Naukri,4.0,232.0,"ERP, Renewable energy, Aerospace",No,0.0,Chandigarh,"['Erp', 'Renewable Energy', 'Aerospace']"
GVM Data Analyst,Sony India Software Centre Pvt Ltd,1-4 Yrs,1.0,4.0,Not Disclosed,0.0,0.0,Bangalore / Bengaluru,365.0,Naukri,4.3,1100.0,"Unix, Networking, Linux",No,0.0,Bengaluru,"['Unix', 'Networking', 'Linux']"
Research Analyst,CapeStart Software Private Limited,1-5 Yrs,1.0,5.0,₹ 1.9 - 3.5L/yr (AmbitionBox estimate),190000.0,350000.0,Nagercoil,150.0,Naukri,4.6,268.0,"Analytical skills, Data analysis, Excel",Yes,270000.0,Nagercoil,"['Analytical Skills', 'Data Analysis', 'Excel']"
Software Engineer,Chubb,7-10 Yrs,7.0,10.0,Not Disclosed,0.0,0.0,"Nizamabad, Warangal, Hyderabad / Secunderabad",60.0,Naukri,3.8,128.0,"Computer science, Economics, Data analysis",No,0.0,Nizamabad,"['Computer Science', 'Economics', 'Data Analysis']"
Junior Data Analyst,Consulting And Beyond,0-1 Yrs,0.0,1.0,₹ 1 - 2L/yr,100000.0,200000.0,Chennai,3.0,Naukri,4.3,5.0,"Pivot Table, Communication Skills, VLOOKUP",Yes,150000.0,Chennai,"['Pivot Table', 'Communication Skills', 'Vlookup']"
Data Analyst,D2 International,3-8 Yrs,3.0,8.0,Not Disclosed,0.0,0.0,Kolkata,12.0,Naukri,3.6,23.0,"Data Visualizations, KPI, Coral Draw",No,0.0,Kolkata,"['Data Visualizations', 'Kpi', 'Coral Draw']"
Softsensor AI - Senior Consultant Manager/Data Analyst - Analytics (2-4 yrs),Softsensor AI LLC,2-4 Yrs,2.0,4.0,Not Disclosed,0.0,0.0,Gurgaon / Gurugram,14.0,iimjobs,3.8,18.0,"Analytics, Machine Learning, Data Analytics",No,0.0,Gurugram,"['Analytics', 'Machine Learning', 'Data Analytics']"
GroundTruth - Principal Software Engineer - Data Engineering (10-17 yrs),GROUNDTRUTH INDIA PRIVATE LIMITED,Not Specified,0.0,0.0,Not Disclosed,0.0,0.0,Not Specified,30.0,hirist,3.2,50.0,Not Specified,No,0.0,Not Specified,[]
Digit88 Technologies - Data Analyst - SQL/Python (4-7 yrs),DIGIT88 TECHNOLOGIES PVT LTD,4-7 Yrs,4.0,7.0,Not Disclosed,0.0,0.0,Pune,7.0,hirist,3.6,15.0,"Data Analyst, Excel, SQL",No,0.0,Pune,"['Data Analyst', 'Excel', 'Sql']"
Data Analyst,KRSNAA Diagnostics,1-5 Yrs,1.0,5.0,Not Disclosed,0.0,0.0,Pune,270.0,Naukri,3.9,378.0,"Trade, Head Business Development, Diagnostics",No,0.0,Pune,"['Trade', 'Head Business Development', 'Diagnostics']"
Data Analyst (5-12 yrs),Personnel Search Services,5-12 Yrs,5.0,12.0,Not Disclosed,0.0,0.0,"Mumbai, Navi Mumbai",30.0,iimjobs,4.7,6.0,"Data Science, Data Management, Analytics",No,0.0,Mumbai,"['Data Science', 'Data Management', 'Analytics']"
Data Analyst,InnovAccer,1-4 Yrs,1.0,4.0,₹ 5.5 - 13L/yr (AmbitionBox estimate),550000.0,1300000.0,Noida,30.0,Naukri,3.1,290.0,"Health insurance, Product engineering, Claims",Yes,925000.0,Noida,"['Health Insurance', 'Product Engineering', 'Claims']"
Lead Data Analyst,InnovAccer,5-6 Yrs,5.0,6.0,₹ 32 - 25L/yr (AmbitionBox estimate),3200000.0,2500000.0,Noida,30.0,Naukri,3.1,290.0,"Health insurance, Skill development, Data modeling",Yes,2850000.0,Noida,"['Health Insurance', 'Skill Development', 'Data Modeling']"
Priority Technology Holdings - Data Analyst - Tableau/Power BI (2-5 yrs),Priority Technology Holdings,2-5 Yrs,2.0,5.0,Not Disclosed,0.0,0.0,Chandigarh,7.0,hirist,3.1,46.0,"Data Analyst, SQL Server, Looker",No,0.0,Chandigarh,"['Data Analyst', 'Sql Server', 'Looker']"
Data Analyst,Experian PLC,3-5 Yrs,3.0,5.0,Not Disclosed,0.0,0.0,Mumbai,60.0,Naukri,3.7,84.0,"CRM, Analytics, SQL",No,0.0,Mumbai,"['Crm', 'Analytics', 'Sql']"
Manager - Data Analytics & Engineering (5-10 yrs),Credit Saison,5-10 Yrs,5.0,10.0,Not Disclosed,0.0,0.0,Bangalore / Bengaluru,27.0,hirist,3.8,42.0,"Data Analyst, Data Analytics, Data Engineering",No,0.0,Bengaluru,"['Data Analyst', 'Data Analytics', 'Data Engineering']"
Associate BI Developer - Data Visualization (1-3 yrs),Kaplan,1-3 Yrs,1.0,3.0,Not Disclosed,0.0,0.0,Bangalore / Bengaluru,60.0,hirist,3.7,58.0,"Data Pipeline, Data Analytics, Data Analyst",No,0.0,Bengaluru,"['Data Pipeline', 'Data Analytics', 'Data Analyst']"
Lead Data Analyst,Cimpress India,5-10 Yrs,5.0,10.0,Not Disclosed,0.0,0.0,Bangalore / Bengaluru,90.0,Naukri,3.9,266.0,"Consulting, Analytics, SQL",No,0.0,Bengaluru,"['Consulting', 'Analytics', 'Sql']"
Data Analyst,conneqtbusinesssolutions,1-3 Yrs,1.0,3.0,Not Disclosed,0.0,0.0,Bangalore / Bengaluru,150.0,Naukri,3.7,8000.0,"Troubleshooting, Manager Quality Assurance, Data mining",No,0.0,Bengaluru,"['Troubleshooting', 'Manager Quality Assurance', 'Data Mining']"
Senior Data Analyst,InApp Information Technologies,6-11 Yrs,6.0,11.0,Not Disclosed,0.0,0.0,"Thiruvananthapuram, Cochin/Ernakulam/Kochi",180.0,Naukri,4.7,56.0,"Data analysis, SQL, Forecasting",No,0.0,Thiruvananthapuram,"['Data Analysis', 'Sql', 'Forecasting']"
Data Analyst - Python (3-7 yrs),"Triad Square Pvt Ltd.,",3-7 Yrs,3.0,7.0,Not Disclosed,0.0,0.0,Bangalore / Bengaluru,30.0,hirist,4.0,30.0,"Python, Data Analyst, SQL",No,0.0,Bengaluru,"['Python', 'Data Analyst', 'Sql']"
Data Analyst II - BI Development (5-5 yrs),MEREDITH INDIA SERVICES PRIVATE LIMITED,5-5 Yrs,5.0,5.0,Not Disclosed,0.0,0.0,Bangalore / Bengaluru,30.0,hirist,4.3,19.0,"Microstrategy, Data Analyst, Power BI",No,0.0,Bengaluru,"['Microstrategy', 'Data Analyst', 'Power Bi']"
Data Analyst - BFSI/Healthcare (2-5 yrs),Crescendo Global Leadership Hiring India Private Limited,2-5 Yrs,2.0,5.0,Not Disclosed,0.0,0.0,Gurgaon / Gurugram,30.0,iimjobs,4.2,119.0,"Analytics, Data Analytics, SQL",No,0.0,Gurugram,"['Analytics', 'Data Analytics', 'Sql']"
Financial Master Data  Analyst,DISCOVERY COMMUNICATIONS INDIA,2-7 Yrs,2.0,7.0,Not Disclosed,0.0,0.0,Hyderabad / Secunderabad,25.0,Naukri,3.7,38.0,"excel, business intelligence tools, data analysis",No,0.0,Hyderabad,"['Excel', 'Business Intelligence Tools', 'Data Analysis']"
Senior Data Analyst - DOMO Tool (6-8 yrs),Cortex Consulting Pvt. Ltd.,6-8 Yrs,6.0,8.0,Not Disclosed,0.0,0.0,Chennai,27.0,hirist,3.1,16.0,"Data Analyst, Data Analytics, Python",No,0.0,Chennai,"['Data Analyst', 'Data Analytics', 'Python']"
Thoucentric - Data Analyst - SQL (0-2 yrs),Thoucentric Technology Pvt. Ltd.,0-2 Yrs,0.0,2.0,Not Disclosed,0.0,0.0,Bangalore / Bengaluru,60.0,hirist,3.8,89.0,"Data Analyst, Data Analytics, Data Pipeline",No,0.0,Bengaluru,"['Data Analyst', 'Data Analytics', 'Data Pipeline']"
Thoucentric -  Data Analyst (0-2 yrs),Thoucentric Technology Private Limited,0-2 Yrs,0.0,2.0,Not Disclosed,0.0,0.0,Bangalore / Bengaluru,60.0,iimjobs,3.8,89.0,"Data Analytics, Analytics, SQL",No,0.0,Bengaluru,"['Data Analytics', 'Analytics', 'Sql']"
Data Analyst,Impressico Business Solutions Pvt. Ltd.,3-5 Yrs,3.0,5.0,₹ 3.5 - 5L/yr (AmbitionBox estimate),350000.0,500000.0,Noida,365.0,Naukri,4.5,161.0,"Data entry, Data Analyst, Finance",Yes,425000.0,Noida,"['Data Entry', 'Data Analyst', 'Finance']"
Lead Data Analyst (3-6 yrs),Grizmo Labs,3-6 Yrs,3.0,6.0,Not Disclosed,0.0,0.0,Gurgaon / Gurugram,26.0,hirist,3.9,23.0,"Data Analyst, Data Analytics, SQL",No,0.0,Gurugram,"['Data Analyst', 'Data Analytics', 'Sql']"
Senior Data Analyst,Capco Technologies Pvt Ltd,2-7 Yrs,2.0,7.0,Not Disclosed,0.0,0.0,"Chennai, Pune, New Delhi
													+4 more",60.0,Naukri,3.7,424.0,"sql, data manipulation, communication skills",No,0.0,Chennai,"['Sql', 'Data Manipulation', 'Communication Skills']"
Data Analyst,Astaguru,4-8 Yrs,4.0,8.0,Not Disclosed,0.0,0.0,Mumbai,23.0,Naukri,4.1,12.0,"Data Scraping, Data Cleansing, Data Extraction",No,0.0,Mumbai,"['Data Scraping', 'Data Cleansing', 'Data Extraction']"
Data Analyst - Python (3-8 yrs),Akshaya IT Business Solutions,Not Specified,0.0,0.0,Not Disclosed,0.0,0.0,Not Specified,30.0,hirist,5.0,5.0,Not Specified,No,0.0,Not Specified,[]
AI Data Analyst -Associate Tech Specialist,Essenware Private Limted,1-3 Yrs,1.0,3.0,Not Disclosed,0.0,0.0,"Chennai, Pune, New Delhi
													+4 more",16.0,Naukri,4.7,4.0,"Data analysis, Usage, Project implementation",No,0.0,Chennai,"['Data Analysis', 'Usage', 'Project Implementation']"
Data Analyst - Investment Bank (1-3 yrs),Upgrad Rekrut,1-3 Yrs,1.0,3.0,Not Disclosed,0.0,0.0,Mumbai,21.0,iimjobs,3.5,44.0,"Data Analytics, Analytics, Consulting - BFSI",No,0.0,Mumbai,"['Data Analytics', 'Analytics', 'Consulting - Bfsi']"
Data Analyst,Indium Software (India) Limited,4-9 Yrs,4.0,9.0,Not Disclosed,0.0,0.0,Chennai,150.0,Naukri,4.1,698.0,"SQL, CRM, Python",No,0.0,Chennai,"['Sql', 'Crm', 'Python']"
Data Analyst - Tableau,Indium Software (India) Limited,4-9 Yrs,4.0,9.0,Not Disclosed,0.0,0.0,Chennai,180.0,Naukri,4.1,698.0,"SAN, SAS, SOC",No,0.0,Chennai,"['San', 'Sas', 'Soc']"
Data Analyst,Indium Software (India) Limited,2-4 Yrs,2.0,4.0,₹ 6 - 12.2L/yr (AmbitionBox estimate),600000.0,1220000.0,Hyderabad / Secunderabad,240.0,Naukri,4.1,698.0,"SQL, Monitoring, Python",Yes,910000.0,Hyderabad,"['Sql', 'Monitoring', 'Python']"
Indium Software - Manager - Data Analytics (6-10 yrs),Indium Software,6-10 Yrs,6.0,10.0,Not Disclosed,0.0,0.0,Bangalore / Bengaluru,120.0,hirist,4.1,698.0,"Data Analytics, Data Analyst, SQL",No,0.0,Bengaluru,"['Data Analytics', 'Data Analyst', 'Sql']"
Indium Software - Data Analyst - SQL/SAS/Python (3-7 yrs),Indium Software,3-7 Yrs,3.0,7.0,Not Disclosed,0.0,0.0,Bangalore / Bengaluru,120.0,hirist,4.1,698.0,"SQL, SAS, R",No,0.0,Bengaluru,"['Sql', 'Sas', 'R']"
Data Analyst,Indium Software (India) Limited,4-9 Yrs,4.0,9.0,Not Disclosed,0.0,0.0,Chennai,180.0,Naukri,4.1,698.0,"IT services, tableau, SAS",No,0.0,Chennai,"['It Services', 'Tableau', 'Sas']"
Data Analyst,Indium Software (India) Limited,5-10 Yrs,5.0,10.0,Not Disclosed,0.0,0.0,Hyderabad / Secunderabad,240.0,Naukri,4.1,698.0,"Data Analyst, SQL, CRM",No,0.0,Hyderabad,"['Data Analyst', 'Sql', 'Crm']"
Data Analyst,Indium Software (India) Limited,2-4 Yrs,2.0,4.0,₹ 6 - 12.2L/yr (AmbitionBox estimate),600000.0,1220000.0,Hyderabad / Secunderabad,240.0,Naukri,4.1,698.0,"Data Analyst, SQL, CRM",Yes,910000.0,Hyderabad,"['Data Analyst', 'Sql', 'Crm']"
Data Analyst,Indium Software (India) Limited,4-9 Yrs,4.0,9.0,Not Disclosed,0.0,0.0,Bangalore / Bengaluru,240.0,Naukri,4.1,698.0,"Data Analyst, CRM, Python",No,0.0,Bengaluru,"['Data Analyst', 'Crm', 'Python']"
Data Analyst - R/Python (2-8 yrs),SolarSquare Energy,2-8 Yrs,2.0,8.0,Not Disclosed,0.0,0.0,Mumbai,17.0,hirist,3.2,81.0,"Data Analyst, Data Mining, Data Visualization",No,0.0,Mumbai,"['Data Analyst', 'Data Mining', 'Data Visualization']"
C2FO - Data Analyst (0-4 yrs),C2FO,0-4 Yrs,0.0,4.0,Not Disclosed,0.0,0.0,Noida,26.0,hirist,3.6,53.0,Data Analyst,No,0.0,Noida,['Data Analyst']
Data Analyst (US Real Estate Data Experience),Batchservice,3-6 Yrs,3.0,6.0,Not Disclosed,0.0,0.0,Bangalore / Bengaluru,23.0,Naukri,3.2,9.0,"Pyspark, Aws Cloud, Big Data",No,0.0,Bengaluru,"['Pyspark', 'Aws Cloud', 'Big Data']"
Data Analyst - Bank (3-5 yrs),Dimensions HRD Consultants,3-5 Yrs,3.0,5.0,Not Disclosed,0.0,0.0,Delhi ncr,10.0,iimjobs,3.4,20.0,"Data Analytics, Analytics, Consulting - BFSI",No,0.0,Delhi ncr,"['Data Analytics', 'Analytics', 'Consulting - Bfsi']"
Data Analyst - Data Visualization (3-8 yrs),HuQuo Consulting Pvt. Ltd.,3-8 Yrs,3.0,8.0,Not Disclosed,0.0,0.0,Gurgaon / Gurugram,16.0,hirist,3.8,14.0,"Data Analyst, Data Analytics, Data Visualization",No,0.0,Gurugram,"['Data Analyst', 'Data Analytics', 'Data Visualization']"
Data Analyst - Technology Consulting,Tiger Analytics,5-8 Yrs,5.0,8.0,Not Disclosed,0.0,0.0,"Chennai, Bangalore / Bengaluru, Hyderabad / Secunderabad",60.0,Naukri,3.5,504.0,"Data Analyst, SQL, Oracle",No,0.0,Chennai,"['Data Analyst', 'Sql', 'Oracle']"
Course5 Intelligence - Data Engineer - Python/PySpark (5-10 yrs),Course 5 Intelligence,5-10 Yrs,5.0,10.0,Not Disclosed,0.0,0.0,Bangalore / Bengaluru,60.0,hirist,4.1,332.0,"Data Management, Data Analyst, Data Analytics",No,0.0,Bengaluru,"['Data Management', 'Data Analyst', 'Data Analytics']"
Data Analyst -  Financial Business (5-10 yrs),RightMatch,5-10 Yrs,5.0,10.0,Not Disclosed,0.0,0.0,Mumbai,30.0,iimjobs,4.2,7.0,"Data Analytics, Consulting - BFSI, Analytics",No,0.0,Mumbai,"['Data Analytics', 'Consulting - Bfsi', 'Analytics']"
Data Analyst - Dashboard Design (2-5 yrs),OUTSIZED INDIA PRIVATE LIMITED,Not Specified,0.0,0.0,Not Disclosed,0.0,0.0,Not Specified,4.0,hirist,4.2,4.0,Not Specified,No,0.0,Not Specified,[]
Data Analyst - Global Consulting Firm - Dashboards/Coding Macros - Contractual Role (2-10 yrs),Outsized India Private Limited,Not Specified,0.0,0.0,Not Disclosed,0.0,0.0,Not Specified,4.0,iimjobs,4.2,4.0,Not Specified,No,0.0,Not Specified,[]
Data Analyst - SQL/SSIS (5-20 yrs),Aricent,5-20 Yrs,5.0,20.0,Not Disclosed,0.0,0.0,"Bangalore / Bengaluru, Karnataka, Mysuru / Mysore",30.0,hirist,3.6,2000.0,"Data Analyst, Data Analytics, SQL",No,0.0,Bengaluru,"['Data Analyst', 'Data Analytics', 'Sql']"
Data Analyst,Tibil Solutions,2-3 Yrs,2.0,3.0,₹ 4 - 6.4L/yr (AmbitionBox estimate),400000.0,640000.0,Bangalore / Bengaluru,30.0,Naukri,3.6,29.0,"Data Analyst, power bi, Usage",Yes,520000.0,Bengaluru,"['Data Analyst', 'Power Bi', 'Usage']"
Data Analyst (MDM/Data Warehousing) || Work FROM Home,Thoughtstorm Technologies,6-11 Yrs,6.0,11.0,Not Disclosed,0.0,0.0,Faridabad,16.0,Naukri,5.0,3.0,"Informatica Mdm, Power Bi, MDM",No,0.0,Faridabad,"['Informatica Mdm', 'Power Bi', 'Mdm']"
Data Analyst II,Chubb,3-5 Yrs,3.0,5.0,Not Disclosed,0.0,0.0,Bangalore / Bengaluru,90.0,Naukri,3.8,128.0,"Data analysis, Data management, Db2",No,0.0,Bengaluru,"['Data Analysis', 'Data Management', 'Db2']"
Sr. Data Modeler / Data Analyst,Photon Infotech P Ltd,5-10 Yrs,5.0,10.0,Not Disclosed,0.0,0.0,Chennai,180.0,Naukri,4.0,1400.0,"Data Analyst, Db2, Data modeling",No,0.0,Chennai,"['Data Analyst', 'Db2', 'Data Modeling']"
Data Engineer,Photon Infotech P Ltd,2-5 Yrs,2.0,5.0,Not Disclosed,0.0,0.0,"Chennai, Pune, New Delhi
													+4 more",210.0,Naukri,4.0,1400.0,"SQL, Linux, Python",No,0.0,Chennai,"['Sql', 'Linux', 'Python']"
Data Analyst - Products,India Medtronic Pvt. Ltd,3-5 Yrs,3.0,5.0,Not Disclosed,0.0,0.0,Hyderabad / Secunderabad,240.0,Naukri,4.1,466.0,"Master data management, Healthcare, Data quality",No,0.0,Hyderabad,"['Master Data Management', 'Healthcare', 'Data Quality']"
Data Analyst,Physics Wallah,3-6 Yrs,3.0,6.0,Not Disclosed,0.0,0.0,Noida,365.0,Naukri,3.8,1200.0,"Data analysis, SQL, Python",No,0.0,Noida,"['Data Analysis', 'Sql', 'Python']"
Marketing Data Analyst II,Course Hero,3-4 Yrs,3.0,4.0,Not Disclosed,0.0,0.0,"Chennai, Pune, New Delhi
													+4 more",30.0,Naukri,3.6,62.0,"SQL, Health insurance, SEM",No,0.0,Chennai,"['Sql', 'Health Insurance', 'Sem']"
Data Analyst - SAS/SQL (6-15 yrs),T D Newton,6-15 Yrs,6.0,15.0,Not Disclosed,0.0,0.0,"Bangalore / Bengaluru, Chennai",5.0,hirist,2.7,33.0,"Data Analyst, SAS, SQL",No,0.0,Bengaluru,"['Data Analyst', 'Sas', 'Sql']"
Data Analyst - Power BI (10-15 yrs),Talpro,10-15 Yrs,10.0,15.0,Not Disclosed,0.0,0.0,"Mumbai, Kolkata",5.0,hirist,4.0,5.0,"Data Analyst, Data Analytics, Power BI",No,0.0,Mumbai,"['Data Analyst', 'Data Analytics', 'Power Bi']"
Lead Developer - Power BI (8-10 yrs),Cortex Consulting Pvt. Ltd.,8-10 Yrs,8.0,10.0,Not Disclosed,0.0,0.0,Remote,30.0,hirist,3.1,16.0,"Power BI, Business Intelligence, Data Warehousing",No,0.0,Remote,"['Power Bi', 'Business Intelligence', 'Data Warehousing']"
Droom - Data Analyst (2-5 yrs),Droom Technology (P) Ltd,2-5 Yrs,2.0,5.0,Not Disclosed,0.0,0.0,Gurgaon / Gurugram,60.0,iimjobs,3.5,153.0,"Data Analytics, Analytics, SQL",No,0.0,Gurugram,"['Data Analytics', 'Analytics', 'Sql']"
Technical Data Analyst,TraceLink Inc.,3-5 Yrs,3.0,5.0,Not Disclosed,0.0,0.0,Pune,60.0,Naukri,3.8,32.0,"SQL, Supply chain, Business intelligence",No,0.0,Pune,"['Sql', 'Supply Chain', 'Business Intelligence']"
UsefulBI Corporation - Senior Data Analyst - Tableau (4-6 yrs),USEFULBI CORPORATION,4-6 Yrs,4.0,6.0,Not Disclosed,0.0,0.0,Bangalore / Bengaluru,60.0,hirist,4.3,20.0,"Tableau, Data Visualization, Python",No,0.0,Bengaluru,"['Tableau', 'Data Visualization', 'Python']"
Associate Merchandiser_ Furniture & Dec- Data Analyst,Williams-sonoma India Pvt. Ltd.,2-6 Yrs,2.0,6.0,Not Disclosed,0.0,0.0,Gurgaon / Gurugram,30.0,Naukri,3.2,19.0,"Supply chain management, Data analysis, data integrity",No,0.0,Gurugram,"['Supply Chain Management', 'Data Analysis', 'Data Integrity']"
Data Analyst,ANR Software Pvt. Ltd.,2-5 Yrs,2.0,5.0,Not Disclosed,0.0,0.0,Noida,365.0,Naukri,4.3,191.0,"SQL, SAS, Process improvement",No,0.0,Noida,"['Sql', 'Sas', 'Process Improvement']"
SCM - Data Analyst,Banyan Nation,3-5 Yrs,3.0,5.0,Not Disclosed,0.0,0.0,Hyderabad / Secunderabad,24.0,Naukri,3.8,23.0,"Electrical engineering, Supply chain, Data Analyst",No,0.0,Hyderabad,"['Electrical Engineering', 'Supply Chain', 'Data Analyst']"
Business Data Analyst,IGW India Technologies,10-12 Yrs,10.0,12.0,Not Disclosed,0.0,0.0,Pune,30.0,Naukri,3.8,42.0,"Microsoft SSIS, Power BI, Business Data Analysis",No,0.0,Pune,"['Microsoft Ssis', 'Power Bi', 'Business Data Analysis']"
Associate Merchandiser - Furniture & Dec - Data Analyst,"Williams-Sonoma, Inc.",2-6 Yrs,2.0,6.0,Not Disclosed,0.0,0.0,Gurgaon / Gurugram,30.0,Naukri,3.2,19.0,"Supply chain management, Data analysis, data integrity",No,0.0,Gurugram,"['Supply Chain Management', 'Data Analysis', 'Data Integrity']"
Data Analyst,Leuwint technologies,5-9 Yrs,5.0,9.0,Not Disclosed,0.0,0.0,Riyadh,27.0,Naukri,3.5,6.0,"data extraction, Data Analysis, data mapping",No,0.0,Riyadh,"['Data Extraction', 'Data Analysis', 'Data Mapping']"
Data Engineer/ Data Analyst,Chryselys,2-6 Yrs,2.0,6.0,Not Disclosed,0.0,0.0,"Chennai, Hyderabad / Secunderabad",26.0,Naukri,3.8,21.0,"Life Sciences, ADF, DW",No,0.0,Chennai,"['Life Sciences', 'Adf', 'Dw']"
Data Analyst,Lepton Software Export & Research Pvt Ltd,8-12 Yrs,8.0,12.0,Not Disclosed,0.0,0.0,Gurgaon / Gurugram,60.0,Naukri,3.9,92.0,"FMCG, Telecom, Logistics",No,0.0,Gurugram,"['Fmcg', 'Telecom', 'Logistics']"
Data Analyst - SQL/Python (5-7 yrs),Talpro,5-7 Yrs,5.0,7.0,Not Disclosed,0.0,0.0,Bangalore / Bengaluru,7.0,hirist,4.0,5.0,"Data Analyst, Data Analytics, Tableau",No,0.0,Bengaluru,"['Data Analyst', 'Data Analytics', 'Tableau']"
Data Analyst,TECHPLUS MEDIA PRIVATE LIMITED,2-3 Yrs,2.0,3.0,Not Disclosed,0.0,0.0,New Delhi,6.0,Naukri,3.4,12.0,Data Analyst,No,0.0,Delhi,['Data Analyst']
Lead Data Analyst,Ecolab Digital Center,6-8 Yrs,6.0,8.0,Not Disclosed,0.0,0.0,Bangalore / Bengaluru,60.0,Naukri,3.6,90.0,"data science, lead data analyst, Mathematics",No,0.0,Bengaluru,"['Data Science', 'Lead Data Analyst', 'Mathematics']"
Data Analyst,Leuwint Technologies,5-10 Yrs,5.0,10.0,Not Disclosed,0.0,0.0,Saudi arabia,29.0,Naukri,3.5,6.0,"Data Reconciliation, Data Migration, Data Analysis",No,0.0,Saudi arabia,"['Data Reconciliation', 'Data Migration', 'Data Analysis']"
UAV Data Analyst,Prakhar Software Solutions,3-8 Yrs,3.0,8.0,Not Disclosed,0.0,0.0,New Delhi,25.0,Naukri,3.3,54.0,"Data analysis, Assurance, Data collection",No,0.0,Delhi,"['Data Analysis', 'Assurance', 'Data Collection']"
Data Analyst,Crown Clothing Pvt. Ltd.,2-6 Yrs,2.0,6.0,₹ 3 - 3.5L/yr,300000.0,350000.0,"Thakurpukur Mahestola, Budge Budge, Kolkata",1.0,Naukri,3.3,9.0,"Google Sheets, Google Data Studio, Data Automation",Yes,325000.0,Thakurpukur Mahestola,"['Google Sheets', 'Google Data Studio', 'Data Automation']"
Data Analyst - Power BI,Creative Synergies Consulting India Pvt. Ltd.,5-10 Yrs,5.0,10.0,Not Disclosed,0.0,0.0,Bangalore / Bengaluru,365.0,Naukri,4.1,371.0,"power bi, Data Analyst, SQL",No,0.0,Bengaluru,"['Power Bi', 'Data Analyst', 'Sql']"
Master Data Analyst,Oriflame Cosmetics Ltd,3-5 Yrs,3.0,5.0,Not Disclosed,0.0,0.0,New Delhi,365.0,Naukri,3.8,233.0,"General accounting, Automation, IFS",No,0.0,Delhi,"['General Accounting', 'Automation', 'Ifs']"
Data Analyst - Power BI,Creative Synergies Consulting India Pvt. Ltd.,5-10 Yrs,5.0,10.0,Not Disclosed,0.0,0.0,Bangalore / Bengaluru,365.0,Naukri,4.1,371.0,"power bi, Data Analyst, SQL",No,0.0,Bengaluru,"['Power Bi', 'Data Analyst', 'Sql']"
BUSINESS DATA ANALYST,Rebel Bots,3-5 Yrs,3.0,5.0,Not Disclosed,0.0,0.0,Remote,365.0,Naukri,4.0,158.0,"Analytical, Business analysis, Gaming",No,0.0,Remote,"['Analytical', 'Business Analysis', 'Gaming']"
Master Data Analyst,Oriflame Cosmetics Ltd,3-5 Yrs,3.0,5.0,Not Disclosed,0.0,0.0,New Delhi,365.0,Naukri,3.8,233.0,"General accounting, Automation, IFS",No,0.0,Delhi,"['General Accounting', 'Automation', 'Ifs']"
Data Analyst,Contus,5-10 Yrs,5.0,10.0,Not Disclosed,0.0,0.0,Chennai,1095.0,Naukri,4.3,90.0,"Computer science, Analytical skills, Data analysis",No,0.0,Chennai,"['Computer Science', 'Analytical Skills', 'Data Analysis']"
Data Analyst - Python/SQL/a/b Testing (3-9 yrs),HuQuo Consulting Pvt. Ltd.,3-9 Yrs,3.0,9.0,Not Disclosed,0.0,0.0,Gurgaon / Gurugram,23.0,iimjobs,3.8,14.0,"Analytics, Data Analytics, SQL",No,0.0,Gurugram,"['Analytics', 'Data Analytics', 'Sql']"
Zeno Health - Data Analyst (2-4 yrs),Zeno Health,Not Specified,0.0,0.0,Not Disclosed,0.0,0.0,Not Specified,30.0,iimjobs,3.9,137.0,Not Specified,No,0.0,Not Specified,[]
Priority Technology Holdings - Data Analyst - Business Intelligence (2-5 yrs),Priority Technology Holdings,2-5 Yrs,2.0,5.0,Not Disclosed,0.0,0.0,Chandigarh,19.0,hirist,3.1,46.0,"Data Analyst, SQL, Data Analytics",No,0.0,Chandigarh,"['Data Analyst', 'Sql', 'Data Analytics']"
Data Analyst (Power BI Developer),Mobio Solutions,2-5 Yrs,2.0,5.0,Not Disclosed,0.0,0.0,Ahmedabad,30.0,Naukri,5.0,5.0,"data analysis, etl process, dashboards",No,0.0,Ahmedabad,"['Data Analysis', 'Etl Process', 'Dashboards']"
Data Analyst,Capco Technologies Pvt Ltd,7-8 Yrs,7.0,8.0,Not Disclosed,0.0,0.0,"Chennai, Pune, Mumbai
													+3 more",120.0,Naukri,3.7,424.0,"data governance, Financial services, Operational risk",No,0.0,Chennai,"['Data Governance', 'Financial Services', 'Operational Risk']"
Assistant Manager MIS,IndiaMART InterMESH Ltd,0-3 Yrs,0.0,3.0,Not Disclosed,0.0,0.0,Noida,210.0,Naukri,3.6,4000.0,"Data collection, Operations, Assistant Manager MIS",No,0.0,Noida,"['Data Collection', 'Operations', 'Assistant Manager Mis']"
Data Analyst,Capco Technologies Pvt Ltd,3-6 Yrs,3.0,6.0,₹ 6.8 - 8.5L/yr (AmbitionBox estimate),680000.0,850000.0,Bangalore / Bengaluru,365.0,Naukri,3.7,424.0,"Financial services, Asset management, Core banking",Yes,765000.0,Bengaluru,"['Financial Services', 'Asset Management', 'Core Banking']"
Business / Data Analyst,REVENTICS,2-3 Yrs,2.0,3.0,Not Disclosed,0.0,0.0,Hyderabad / Secunderabad,1095.0,Naukri,4.2,138.0,"Computer science, SAS, Performance management",No,0.0,Hyderabad,"['Computer Science', 'Sas', 'Performance Management']"
Data Analyst,Capco Technologies Pvt Ltd,3-6 Yrs,3.0,6.0,₹ 6.8 - 10L/yr (AmbitionBox estimate),680000.0,1000000.0,Bangalore / Bengaluru,1095.0,Naukri,3.7,424.0,"Financial services, Relationship management, Investment banking",Yes,840000.0,Bengaluru,"['Financial Services', 'Relationship Management', 'Investment Banking']"
Data Analyst,Capco Technologies Pvt Ltd,7-8 Yrs,7.0,8.0,Not Disclosed,0.0,0.0,"Chennai, Pune, Mumbai
													+3 more",120.0,Naukri,3.7,424.0,"data governance, Financial services, Operational risk",No,0.0,Chennai,"['Data Governance', 'Financial Services', 'Operational Risk']"
Agrim Wholesale - Business Analyst (1-3 yrs),Agrim,1-3 Yrs,1.0,3.0,Not Disclosed,0.0,0.0,Gurgaon / Gurugram,60.0,hirist,3.5,95.0,"Data Analytics, Analytics, Data Analyst",No,0.0,Gurugram,"['Data Analytics', 'Analytics', 'Data Analyst']"
Data Analyst,Gupta And Sharma,0-2 Yrs,0.0,2.0,₹ 3 - 4L/yr,300000.0,400000.0,Bangalore / Bengaluru,8.0,Naukri,3.7,6.0,"Banking Operations, Power Bi, Mis Report Preparation",Yes,350000.0,Bengaluru,"['Banking Operations', 'Power Bi', 'Mis Report Preparation']"
Lead Hybrid BI Engineer - Power BI/Azure (6-9 yrs),Infiniti Research,6-9 Yrs,6.0,9.0,Not Disclosed,0.0,0.0,Bangalore / Bengaluru,60.0,hirist,4.0,379.0,"Power BI, Azure, Data Analytics",No,0.0,Bengaluru,"['Power Bi', 'Azure', 'Data Analytics']"
Data Analyst,Paramount Health Services(TPA) Pvt. Ltd.,4-5 Yrs,4.0,5.0,Not Disclosed,0.0,0.0,Thane,270.0,Naukri,3.9,369.0,"Cognos, Production support, Technology management",No,0.0,Thane,"['Cognos', 'Production Support', 'Technology Management']"
Data Analyst,Paramount,1-4 Yrs,1.0,4.0,Not Disclosed,0.0,0.0,Thane,365.0,Naukri,3.9,369.0,"Data analysis, SQL, Oracle",No,0.0,Thane,"['Data Analysis', 'Sql', 'Oracle']"
Data Analyst - SQL/Python (5-6 yrs),Mobile Programming LLC,5-6 Yrs,5.0,6.0,Not Disclosed,0.0,0.0,Gurgaon / Gurugram,30.0,hirist,2.9,333.0,"Data Analytics, Data Analyst, SQL",No,0.0,Gurugram,"['Data Analytics', 'Data Analyst', 'Sql']"
Techmagnate - Data Analyst (3-8 yrs),Techmagnate,3-8 Yrs,3.0,8.0,Not Disclosed,0.0,0.0,Delhi ncr,60.0,iimjobs,3.9,120.0,"Analytics, Data Analytics, Data Visualization",No,0.0,Delhi ncr,"['Analytics', 'Data Analytics', 'Data Visualization']"
Data Analyst,Addverb Technologies,1-3 Yrs,1.0,3.0,Not Disclosed,0.0,0.0,Noida,365.0,Naukri,4.0,344.0,"3D, Automation, Sales",No,0.0,Noida,"['3D', 'Automation', 'Sales']"
Data Analyst,Intelligaia Technologies Pvt. Ltd.,3-4 Yrs,3.0,4.0,Not Disclosed,0.0,0.0,Panchkula,365.0,Naukri,4.8,12.0,"Analytics, Market research, Data analysis",No,0.0,Panchkula,"['Analytics', 'Market Research', 'Data Analysis']"
Data Analyst,AXIS MY INDIA Ltd.,1-4 Yrs,1.0,4.0,₹ 3 - 4.5L/yr (AmbitionBox estimate),300000.0,450000.0,Mumbai,365.0,Naukri,4.0,244.0,"Data analysis, Automation, Data collection",Yes,375000.0,Mumbai,"['Data Analysis', 'Automation', 'Data Collection']"
SuperBottoms - Data Analyst - D2C/eCommerce Domain (2-7 yrs),SuperBottoms,2-7 Yrs,2.0,7.0,Not Disclosed,0.0,0.0,"Mumbai, Navi Mumbai, Thane",30.0,iimjobs,4.0,56.0,"Data Analytics, Analytics",No,0.0,Mumbai,"['Data Analytics', 'Analytics']"
WovV Technologies - Data Analyst - SQL/Python (7-9 yrs),Wovv Technology,7-9 Yrs,7.0,9.0,Not Disclosed,0.0,0.0,Mumbai,60.0,hirist,4.6,143.0,"Data Analyst, Data Analytics, Data Validation",No,0.0,Mumbai,"['Data Analyst', 'Data Analytics', 'Data Validation']"
Manager / AVP Data Analyst (FATCA),The Edge Partnership,7-9 Yrs,7.0,9.0,Not Disclosed,0.0,0.0,Bangalore / Bengaluru,16.0,Naukri,3.6,9.0,"Root cause analysis, Data analysis, Project management",No,0.0,Bengaluru,"['Root Cause Analysis', 'Data Analysis', 'Project Management']"
SalaryBox - Senior Data Analyst - Python/SQL (2-4 yrs),SalaryBox,2-4 Yrs,2.0,4.0,Not Disclosed,0.0,0.0,Gurgaon / Gurugram,24.0,hirist,3.1,67.0,"Data Analyst, Data Analytics, Quantitative Analytics",No,0.0,Gurugram,"['Data Analyst', 'Data Analytics', 'Quantitative Analytics']"
Roundglass - Business Intelligence Engineer - Data Analytics (2-4 yrs),ROUNDGLASS WELLBEING PRIVATE LIMITED,2-4 Yrs,2.0,4.0,Not Disclosed,0.0,0.0,Mohali,30.0,hirist,3.3,49.0,"Business Intelligence, Data Analyst, Data Analytics",No,0.0,Mohali,"['Business Intelligence', 'Data Analyst', 'Data Analytics']"
Eucloid -  Data Analyst (1-5 yrs),Eucloid Data Solutions Pvt Ltd,1-5 Yrs,1.0,5.0,Not Disclosed,0.0,0.0,Gurgaon / Gurugram,30.0,iimjobs,4.8,7.0,"Data Analytics, Analytics, Data Visualization",No,0.0,Gurugram,"['Data Analytics', 'Analytics', 'Data Visualization']"
Senior Data Analyst,Ipsos Research Private Ltd.,3-5 Yrs,3.0,5.0,Not Disclosed,0.0,0.0,Bangalore / Bengaluru,150.0,Naukri,3.4,232.0,"Consulting, Linux, Pharma",No,0.0,Bengaluru,"['Consulting', 'Linux', 'Pharma']"
Data Analyst,Ipsos Research Private Ltd.,2-4 Yrs,2.0,4.0,Not Disclosed,0.0,0.0,Bangalore / Bengaluru,150.0,Naukri,3.4,232.0,"Consulting, Linux, Pharma",No,0.0,Bengaluru,"['Consulting', 'Linux', 'Pharma']"
Lead Data Analyst,Ipsos Research Private Ltd.,3-6 Yrs,3.0,6.0,Not Disclosed,0.0,0.0,Bangalore / Bengaluru,150.0,Naukri,3.4,232.0,"SQL, Automation, Python",No,0.0,Bengaluru,"['Sql', 'Automation', 'Python']"
Lead Data Analyst,Vistaprint India Marketing Solutions Pvt Ltd,5-10 Yrs,5.0,10.0,Not Disclosed,0.0,0.0,Bangalore / Bengaluru,90.0,Naukri,3.8,92.0,"Consulting, Analytics, Monitoring",No,0.0,Bengaluru,"['Consulting', 'Analytics', 'Monitoring']"
Senior Data Analyst,CarDekho,2-4 Yrs,2.0,4.0,Not Disclosed,0.0,0.0,Gurgaon / Gurugram,730.0,Naukri,3.7,797.0,"SQL, MySQL, Python",No,0.0,Gurugram,"['Sql', 'Mysql', 'Python']"
Senior Data Analyst,PT Tokopedia (tokopedia.com),3-4 Yrs,3.0,4.0,Not Disclosed,0.0,0.0,Bangalore / Bengaluru,120.0,Naukri,4.0,72.0,"SQL, Python, Analytics",No,0.0,Bengaluru,"['Sql', 'Python', 'Analytics']"
Staff Business Data Analyst - SQL/Tableau (9-13 yrs),Intuit,9-13 Yrs,9.0,13.0,Not Disclosed,0.0,0.0,Bangalore / Bengaluru,60.0,hirist,3.6,140.0,"Data Analyst, Data Analytics, Power BI",No,0.0,Bengaluru,"['Data Analyst', 'Data Analytics', 'Power Bi']"
Urgent- Supply Chain - Logistics / Data Analyst,Pittie Group,1-3 Yrs,1.0,3.0,₹ 0.5 - 2.75L/yr,50000.0,275000.0,Navi Mumbai,23.0,Naukri,2.3,27.0,"Data Analysis, Advanced Excel, SCM analyst",Yes,162500.0,Navi Mumbai,"['Data Analysis', 'Advanced Excel', 'Scm Analyst']"
Sales Operations Associate/Sales Operations Analyst,Boyd Thermal Systems,5-10 Yrs,5.0,10.0,Not Disclosed,0.0,0.0,Chennai,20.0,Naukri,4.0,6.0,"GTM, Incentives, Sales Operations",No,0.0,Chennai,"['Gtm', 'Incentives', 'Sales Operations']"
Data Analyst,Fictiv,2-5 Yrs,2.0,5.0,Not Disclosed,0.0,0.0,Pune,23.0,Naukri,3.5,3.0,"ERP, Warehouse, Senior Analyst",No,0.0,Pune,"['Erp', 'Warehouse', 'Senior Analyst']"
Business Data Analyst - Delhi,Indo German International,2-5 Yrs,2.0,5.0,₹ 8 - 10L/yr,800000.0,1000000.0,New Delhi,26.0,Naukri,4.2,6.0,"Business Reporting, Business Research, Research Analysis",Yes,900000.0,Delhi,"['Business Reporting', 'Business Research', 'Research Analysis']"
Systems Data Analyst,Intone Networks,1-4 Yrs,1.0,4.0,Not Disclosed,0.0,0.0,Remote,60.0,Naukri,4.3,31.0,Data Analyst,No,0.0,Remote,['Data Analyst']
People Data Analyst,Cornerstone India,3-8 Yrs,3.0,8.0,Not Disclosed,0.0,0.0,Mumbai,30.0,Naukri,4.0,19.0,"Troubleshooting, SQL, Data management",No,0.0,Mumbai,"['Troubleshooting', 'Sql', 'Data Management']"
Data Analyst,kaleeswari refinery p ltd,0-3 Yrs,0.0,3.0,Not Disclosed,0.0,0.0,"Trichy, Chennai, Madurai
													+3 more",120.0,Naukri,4.0,207.0,Data Analyst,No,0.0,Trichy,['Data Analyst']
Senior Data Analyst,GO-JEK ENGINEERING,3-5 Yrs,3.0,5.0,Not Disclosed,0.0,0.0,Bangalore / Bengaluru,120.0,Naukri,3.7,105.0,"SQL, Python, Analytics",No,0.0,Bengaluru,"['Sql', 'Python', 'Analytics']"
ADM BI Data Analyst,Providence College of Engineering,2-6 Yrs,2.0,6.0,Not Disclosed,0.0,0.0,Hyderabad / Secunderabad,12.0,Naukri,4.3,3.0,"Production support, JIT, Business analytics",No,0.0,Hyderabad,"['Production Support', 'Jit', 'Business Analytics']"
Data Analyst - Quicksight (2-5 yrs),Growel Softech Pvt. Ltd.,2-5 Yrs,2.0,5.0,Not Disclosed,0.0,0.0,Hyderabad / Secunderabad,30.0,hirist,2.9,104.0,"Quicksight, Data Analyst, Data Analytics",No,0.0,Hyderabad,"['Quicksight', 'Data Analyst', 'Data Analytics']"
Data Analyst - Revenue Cycle Management & Electronic Health Record,Saisystems International,2-3 Yrs,2.0,3.0,Not Disclosed,0.0,0.0,Pune,30.0,Naukri,3.1,19.0,"Healthcare, Analytical, Billing",No,0.0,Pune,"['Healthcare', 'Analytical', 'Billing']"
Data Analyst - Power BI (1-5 yrs),OUTSIZED INDIA PRIVATE LIMITED,1-5 Yrs,1.0,5.0,Not Disclosed,0.0,0.0,Mumbai,18.0,hirist,4.2,4.0,"Data Analyst, Power BI, Dashboard Design",No,0.0,Mumbai,"['Data Analyst', 'Power Bi', 'Dashboard Design']"
Junior Data Analyst (PGDM Finance Freshers),Institutional Shareholder Services Inc.,0-2 Yrs,0.0,2.0,Not Disclosed,0.0,0.0,Mumbai,270.0,Naukri,3.8,84.0,"Master data management, MS Office, Corporate governance",No,0.0,Mumbai,"['Master Data Management', 'Ms Office', 'Corporate Governance']"
Data Analyst,Rochem Separation Systems India Pvt Ltd,2-3 Yrs,2.0,3.0,Not Disclosed,0.0,0.0,Banda,1460.0,Naukri,3.9,208.0,"ERP, Automation, SAP ERP",No,0.0,Banda,"['Erp', 'Automation', 'Sap Erp']"
Data Analyst,Comscore Technologies,1-4 Yrs,1.0,4.0,Not Disclosed,0.0,0.0,Pune,6.0,Naukri,4.6,2.0,"insurance, modeling, software",No,0.0,Pune,"['Insurance', 'Modeling', 'Software']"
Data Analyst - Insights,True Caller,1-3 Yrs,1.0,3.0,Not Disclosed,0.0,0.0,Bangalore / Bengaluru,60.0,Naukri,4.0,19.0,"SQL, Data mining, Health insurance",No,0.0,Bengaluru,"['Sql', 'Data Mining', 'Health Insurance']"
Data Analyst - Global Consulting Firm - Contractual Role (1-5 yrs),Outsized India Private Limited,1-5 Yrs,1.0,5.0,Not Disclosed,0.0,0.0,Mumbai,19.0,iimjobs,4.2,4.0,"Data Analytics, Data Visualization, Data Science",No,0.0,Mumbai,"['Data Analytics', 'Data Visualization', 'Data Science']"
Data Analyst II,Postman,3-6 Yrs,3.0,6.0,Not Disclosed,0.0,0.0,Bangalore / Bengaluru,60.0,Naukri,3.9,28.0,"Analytical, SAN, Operations",No,0.0,Bengaluru,"['Analytical', 'San', 'Operations']"
Assistant Manager Data Analyst,Lenskart.com,2-5 Yrs,2.0,5.0,Not Disclosed,0.0,0.0,Gurgaon / Gurugram,150.0,Naukri,3.3,2500.0,"Customer service, SQL, Japanese",No,0.0,Gurugram,"['Customer Service', 'Sql', 'Japanese']"
Assistant Manager || Data Analyst,Lenskart,2-5 Yrs,2.0,5.0,Not Disclosed,0.0,0.0,Gurgaon / Gurugram,150.0,Naukri,3.3,2500.0,"Customer service, Data analysis, SQL",No,0.0,Gurugram,"['Customer Service', 'Data Analysis', 'Sql']"
Data Analyst - B2C,DAZN Group,3-6 Yrs,3.0,6.0,Not Disclosed,0.0,0.0,Hyderabad / Secunderabad,90.0,Naukri,4.5,11.0,"SQL, Data analysis, IT services",No,0.0,Hyderabad,"['Sql', 'Data Analysis', 'It Services']"
"Python,Java, NoSQL,Data analyst",Tessolve Semiconductor Pvt. Ltd.,3-4 Yrs,3.0,4.0,Not Disclosed,0.0,0.0,Bangalore / Bengaluru,90.0,Naukri,3.7,260.0,C,No,0.0,Bengaluru,['C']
Streaming Data Analyst,DAZN Group,2-6 Yrs,2.0,6.0,Not Disclosed,0.0,0.0,Hyderabad / Secunderabad,150.0,Naukri,4.5,11.0,"Automation, Agile, JIRA",No,0.0,Hyderabad,"['Automation', 'Agile', 'Jira']"
Assistant Manager || Data Analyst,Lenskart,2-5 Yrs,2.0,5.0,Not Disclosed,0.0,0.0,Gurgaon / Gurugram,150.0,Naukri,3.3,2500.0,"Customer service, Data analysis, SQL",No,0.0,Gurugram,"['Customer Service', 'Data Analysis', 'Sql']"
Senior Data Analyst - Customer Services,DAZN Group,4-7 Yrs,4.0,7.0,Not Disclosed,0.0,0.0,Hyderabad / Secunderabad,150.0,Naukri,4.5,11.0,"SQL, Python, Manager Quality Assurance",No,0.0,Hyderabad,"['Sql', 'Python', 'Manager Quality Assurance']"
Senior Data Analyst,ION,2-5 Yrs,2.0,5.0,Not Disclosed,0.0,0.0,Noida,30.0,Naukri,3.6,132.0,"SQL, XML, Business intelligence",No,0.0,Noida,"['Sql', 'Xml', 'Business Intelligence']"
Lead Data Analyst - AWS/ETL (8-14 yrs),Optimal Virtual Employee,Not Specified,0.0,0.0,Not Disclosed,0.0,0.0,Not Specified,30.0,hirist,3.3,18.0,Not Specified,No,0.0,Not Specified,[]
Data Analyst,Technedge Solutions India,3-6 Yrs,3.0,6.0,Not Disclosed,0.0,0.0,Gurgaon / Gurugram,18.0,Naukri,5.0,2.0,"Excel, Power Bi, Tableau",No,0.0,Gurugram,"['Excel', 'Power Bi', 'Tableau']"
Data Analyst Intern (Funding Pattern Analysis),Indian Institute for Human Settlements(IIHS),1-2 Yrs,1.0,2.0,Not Disclosed,0.0,0.0,Bangalore / Bengaluru,90.0,Naukri,4.2,29.0,"Wordpress, Intern, Data analysis",No,0.0,Bengaluru,"['Wordpress', 'Intern', 'Data Analysis']"
Data Analyst (Excel/MIS specialist),KIRTANE PANDIT LLP - CHARTERED ACCOUNTANTS,4-8 Yrs,4.0,8.0,Not Disclosed,0.0,0.0,Mumbai,120.0,Naukri,3.9,93.0,"MIS, Data Analyst, Manager Quality Assurance",No,0.0,Mumbai,"['Mis', 'Data Analyst', 'Manager Quality Assurance']"
Data Analyst,NITYO INFOTECH,3-12 Yrs,3.0,12.0,Not Disclosed,0.0,0.0,Chennai,210.0,Naukri,3.1,648.0,"Data Analyst, Analyst",No,0.0,Chennai,"['Data Analyst', 'Analyst']"
PharmaScroll - Data Analyst - SQL/Excel/Power BI (4-6 yrs),Pharmascroll,4-6 Yrs,4.0,6.0,Not Disclosed,0.0,0.0,Hyderabad / Secunderabad,23.0,hirist,3.8,7.0,"Data Analyst, Data Analytics, SQL",No,0.0,Hyderabad,"['Data Analyst', 'Data Analytics', 'Sql']"
Data Analyst - SQL/Python (7-11 yrs),WEN,7-11 Yrs,7.0,11.0,Not Disclosed,0.0,0.0,Bangalore / Bengaluru,16.0,hirist,4.8,2.0,"SQL, Python, PySpark",No,0.0,Bengaluru,"['Sql', 'Python', 'Pyspark']"
DATA ANALYST,treebohotels,1-5 Yrs,1.0,5.0,Not Disclosed,0.0,0.0,Bangalore / Bengaluru,60.0,Naukri,3.4,239.0,"excel, sql, python",No,0.0,Bengaluru,"['Excel', 'Sql', 'Python']"
Senior Data Analyst,CVM Solutions,7-10 Yrs,7.0,10.0,Not Disclosed,0.0,0.0,Hyderabad / Secunderabad,120.0,Naukri,4.7,9.0,"Data analysis, Process improvement, Forecasting",No,0.0,Hyderabad,"['Data Analysis', 'Process Improvement', 'Forecasting']"
Senior Data Analyst,supplier.io,7-10 Yrs,7.0,10.0,Not Disclosed,0.0,0.0,Hyderabad / Secunderabad,120.0,Naukri,4.7,9.0,"Data analysis, Process improvement, Forecasting",No,0.0,Hyderabad,"['Data Analysis', 'Process Improvement', 'Forecasting']"
Power BI Developer,Speridian Technologies Pvt Ltd,4-9 Yrs,4.0,9.0,Not Disclosed,0.0,0.0,"Thiruvananthapuram, Mumbai, Cochin/Ernakulam/Kochi
													+1 more",240.0,Naukri,3.5,251.0,"SQL, SSIS, Debugging",No,0.0,Thiruvananthapuram,"['Sql', 'Ssis', 'Debugging']"
Data Analyst,CVM Solutions,1-2 Yrs,1.0,2.0,Not Disclosed,0.0,0.0,Hyderabad / Secunderabad,365.0,Naukri,4.7,9.0,"Troubleshooting, SQL, Manager Quality Assurance",No,0.0,Hyderabad,"['Troubleshooting', 'Sql', 'Manager Quality Assurance']"
Data Analyst,supplier.io,3-5 Yrs,3.0,5.0,₹ 5.55 - 6L/yr (AmbitionBox estimate),555000.0,600000.0,Hyderabad / Secunderabad,365.0,Naukri,4.7,9.0,"Troubleshooting, SQL, Manager Quality Assurance",Yes,577500.0,Hyderabad,"['Troubleshooting', 'Sql', 'Manager Quality Assurance']"
Data Analyst,supplier.io,2-5 Yrs,2.0,5.0,Not Disclosed,0.0,0.0,Hyderabad / Secunderabad,365.0,Naukri,4.7,9.0,"Troubleshooting, SQL, Manager Quality Assurance",No,0.0,Hyderabad,"['Troubleshooting', 'Sql', 'Manager Quality Assurance']"
Data Support Analyst,CVM Solutions,3-5 Yrs,3.0,5.0,Not Disclosed,0.0,0.0,Hyderabad / Secunderabad,365.0,Naukri,4.7,9.0,"Troubleshooting, Data analysis, SQL",No,0.0,Hyderabad,"['Troubleshooting', 'Data Analysis', 'Sql']"
Data Analyst,CVM Solutions,2-4 Yrs,2.0,4.0,Not Disclosed,0.0,0.0,Hyderabad / Secunderabad,365.0,Naukri,4.7,9.0,"Troubleshooting, SQL, Manager Quality Assurance",No,0.0,Hyderabad,"['Troubleshooting', 'Sql', 'Manager Quality Assurance']"
Process Developer Data Analyst,Marktine,1-3 Yrs,1.0,3.0,Not Disclosed,0.0,0.0,Remote,730.0,Naukri,4.7,62.0,"CRM, OTC, SMS",No,0.0,Remote,"['Crm', 'Otc', 'Sms']"
Data Analyst(Tableau Developer),Marktine,3-8 Yrs,3.0,8.0,Not Disclosed,0.0,0.0,Remote,730.0,Naukri,4.7,62.0,"IT services, SAN, Analytical",No,0.0,Remote,"['It Services', 'San', 'Analytical']"
Screen-Magic - Data Analyst - Founder's Office (4-10 yrs),Screen-Magic Mobile Media Private Limited,4-10 Yrs,4.0,10.0,Not Disclosed,0.0,0.0,Pune,30.0,iimjobs,3.8,26.0,"Analytics, Data Analytics, Business Intelligence",No,0.0,Pune,"['Analytics', 'Data Analytics', 'Business Intelligence']"
Aryng - Senior Data Analyst - Visualization Tools (4-8 yrs),Aryng LLC,4-8 Yrs,4.0,8.0,Not Disclosed,0.0,0.0,Mumbai,20.0,hirist,4.4,3.0,"Data Analyst, Data Analytics, MySQL",No,0.0,Mumbai,"['Data Analyst', 'Data Analytics', 'Mysql']"
Medical Data Analyst Level I,ZignaAI,1-4 Yrs,1.0,4.0,Not Disclosed,0.0,0.0,Hyderabad / Secunderabad,30.0,Naukri,4.8,4.0,"Healthcare, Billing, Analytical",No,0.0,Hyderabad,"['Healthcare', 'Billing', 'Analytical']"
Operations Head,Genique Management,2-7 Yrs,2.0,7.0,Not Disclosed,0.0,0.0,"Karnataka, Andhra Pradesh, Maharastra
													+2 more",30.0,Naukri,3.9,11.0,"Program Management, Operations Manager, Excel",No,0.0,Karnataka,"['Program Management', 'Operations Manager', 'Excel']"
Business and Data Analyst,Accura Weldrods Kovai Pvt Ltd,1-3 Yrs,1.0,3.0,₹ 3 - 7L/yr,300000.0,700000.0,Coimbatore,1.0,Naukri,3.3,4.0,"Dax Queries, Power Bi Reports, Business Intelligence",Yes,500000.0,Coimbatore,"['Dax Queries', 'Power Bi Reports', 'Business Intelligence']"
"Product Data Analyst(ACES, PIES)",Fenyes Engineered Technology Pvt Ltd,4-6 Yrs,4.0,6.0,Not Disclosed,0.0,0.0,Bangalore / Bengaluru,4.0,Naukri,3.7,3.0,"PIES, Data Management, Data Extraction",No,0.0,Bengaluru,"['Pies', 'Data Management', 'Data Extraction']"
Sr. Data Analyst,PureSpectrum,3-6 Yrs,3.0,6.0,Not Disclosed,0.0,0.0,Hyderabad / Secunderabad,6.0,Naukri,3.3,5.0,"Health insurance, Data validation, Employee engagement",No,0.0,Hyderabad,"['Health Insurance', 'Data Validation', 'Employee Engagement']"
Data Analyst,Kazam,1-3 Yrs,1.0,3.0,Not Disclosed,0.0,0.0,Bangalore / Bengaluru,24.0,Naukri,3.3,15.0,"Computer science, Stakeholder Engagement, Coding",No,0.0,Bengaluru,"['Computer Science', 'Stakeholder Engagement', 'Coding']"
Business Data Analyst,Netxcell Ltd,3-8 Yrs,3.0,8.0,Not Disclosed,0.0,0.0,Vijayawada,365.0,Naukri,3.6,90.0,"Computer science, C, Business Data Analyst",No,0.0,Vijayawada,"['Computer Science', 'C', 'Business Data Analyst']"
Data Analyst,Reubro International,4-6 Yrs,4.0,6.0,Not Disclosed,0.0,0.0,Cochin/Ernakulam/Kochi,2555.0,Naukri,5.0,6.0,"documentation, data management, data mining",No,0.0,Cochin,"['Documentation', 'Data Management', 'Data Mining']"
Business Data Analyst,Netxcell Ltd,3-8 Yrs,3.0,8.0,Not Disclosed,0.0,0.0,Vijayawada,365.0,Naukri,3.6,90.0,"Business Analyst, Business Data Analyst, Manager Technology",No,0.0,Vijayawada,"['Business Analyst', 'Business Data Analyst', 'Manager Technology']"
Data Analyst,Reubro International,4-6 Yrs,4.0,6.0,Not Disclosed,0.0,0.0,Cochin/Ernakulam/Kochi,2920.0,Naukri,5.0,6.0,"documentation, data management, data mining",No,0.0,Cochin,"['Documentation', 'Data Management', 'Data Mining']"
Data Analyst,Reubro International,4-6 Yrs,4.0,6.0,Not Disclosed,0.0,0.0,"Cochin/Ernakulam/Kochi, Kochi",2920.0,Naukri,5.0,6.0,"documentation, data management, data mining",No,0.0,Cochin,"['Documentation', 'Data Management', 'Data Mining']"
Business Data Analyst,Netxcell Ltd,3-8 Yrs,3.0,8.0,Not Disclosed,0.0,0.0,Vijayawada,365.0,Naukri,3.6,90.0,"Computer science, C, Business Data Analyst",No,0.0,Vijayawada,"['Computer Science', 'C', 'Business Data Analyst']"
Data Analyst -M&T,Accolite Software India Pvt Ltd,5-7 Yrs,5.0,7.0,Not Disclosed,0.0,0.0,Bangalore / Bengaluru,365.0,Naukri,3.4,593.0,"SQL, Analytical, MATLAB",No,0.0,Bengaluru,"['Sql', 'Analytical', 'Matlab']"
Data Analyst,Diya Systems (Mangalore) Pvt. Ltd.,4-9 Yrs,4.0,9.0,Not Disclosed,0.0,0.0,Mangaluru,1095.0,Naukri,3.5,289.0,"SQL, Technical support, Application development",No,0.0,Mangaluru,"['Sql', 'Technical Support', 'Application Development']"
HealthPlix - Data Analyst - Tableau/Power BI (1-5 yrs),HealthPlix Technologies Pvt Ltd,1-5 Yrs,1.0,5.0,Not Disclosed,0.0,0.0,Bangalore / Bengaluru,60.0,hirist,3.3,127.0,"Tableau, MySQL, SQL",No,0.0,Bengaluru,"['Tableau', 'Mysql', 'Sql']"
PharmaScroll - Data Analyst (8-10 yrs),Pharmascroll,8-10 Yrs,8.0,10.0,Not Disclosed,0.0,0.0,Bangalore / Bengaluru,26.0,hirist,3.8,7.0,"SQL, Data Analyst, Data Analytics",No,0.0,Bengaluru,"['Sql', 'Data Analyst', 'Data Analytics']"
TransOrg Analytics - Data Scientist - R/Python/SQL (3-6 yrs),TransOrg Analytics,3-6 Yrs,3.0,6.0,Not Disclosed,0.0,0.0,"Delhi ncr, Mumbai, Bangalore / Bengaluru
													+1 more",19.0,hirist,2.8,28.0,"Data Scientist, Data Science, Python",No,0.0,Delhi ncr,"['Data Scientist', 'Data Science', 'Python']"
Revolo Infotech - Data Analyst (2-4 yrs),Revolo Infotech,Not Specified,0.0,0.0,Not Disclosed,0.0,0.0,Not Specified,60.0,hirist,4.9,9.0,Not Specified,No,0.0,Not Specified,[]
Data Analyst (2-4 yrs),Revolo Infotech,Not Specified,0.0,0.0,Not Disclosed,0.0,0.0,Not Specified,60.0,hirist,4.9,9.0,Not Specified,No,0.0,Not Specified,[]
Data Analyst Intern,Idatalytics,0-1 Yrs,0.0,1.0,Not Disclosed,0.0,0.0,Cochin/Ernakulam/Kochi,30.0,Naukri,3.7,8.0,"Presentation Skills, Excel, Statistical Tools",No,0.0,Cochin,"['Presentation Skills', 'Excel', 'Statistical Tools']"
Global Marketing Data Analyst (3-5 yrs),e-Hireo global solutions,3-5 Yrs,3.0,5.0,Not Disclosed,0.0,0.0,Bangalore / Bengaluru,12.0,iimjobs,3.2,8.0,"Analytics, Web Analytics, Data Analytics",No,0.0,Bengaluru,"['Analytics', 'Web Analytics', 'Data Analytics']"
Lead Data Analyst - Economics,The Economist Newspaper Limited,3-7 Yrs,3.0,7.0,Not Disclosed,0.0,0.0,Gurgaon / Gurugram,30.0,Naukri,4.0,15.0,"Data analysis, SQL, Manager Quality Assurance",No,0.0,Gurugram,"['Data Analysis', 'Sql', 'Manager Quality Assurance']"
Data Analyst,PradeepIT,5-7 Yrs,5.0,7.0,Not Disclosed,0.0,0.0,Bangalore / Bengaluru,90.0,Naukri,4.8,49.0,"SAP, Adobe, Automation",No,0.0,Bengaluru,"['Sap', 'Adobe', 'Automation']"
Data Analyst,PradeepIT,1-3 Yrs,1.0,3.0,Not Disclosed,0.0,0.0,Bangalore / Bengaluru,90.0,Naukri,4.8,49.0,"SAP, CRM, Troubleshooting",No,0.0,Bengaluru,"['Sap', 'Crm', 'Troubleshooting']"
Data Analyst,PradeepIT,5-7 Yrs,5.0,7.0,Not Disclosed,0.0,0.0,Bangalore / Bengaluru,90.0,Naukri,4.8,49.0,"Data Analyst, Informatica, Data quality",No,0.0,Bengaluru,"['Data Analyst', 'Informatica', 'Data Quality']"
Data Analyst,PradeepIT,1-3 Yrs,1.0,3.0,Not Disclosed,0.0,0.0,Bangalore / Bengaluru,90.0,Naukri,4.8,49.0,"SAP, Silicon, Adobe",No,0.0,Bengaluru,"['Sap', 'Silicon', 'Adobe']"
Data Analyst,Apollo Tele health Services,3-8 Yrs,3.0,8.0,Not Disclosed,0.0,0.0,Hyderabad / Secunderabad,90.0,Naukri,3.8,110.0,"MySQL, Python, Data Analyst",No,0.0,Hyderabad,"['Mysql', 'Python', 'Data Analyst']"
Network Engineer,Digital Vidya,4-7 Yrs,4.0,7.0,Not Disclosed,0.0,0.0,Gurgaon / Gurugram,365.0,Naukri,4.2,20.0,"Networking, Troubleshooting, Data analysis",No,0.0,Gurugram,"['Networking', 'Troubleshooting', 'Data Analysis']"
Data Analyst,PradeepIT,1-3 Yrs,1.0,3.0,Not Disclosed,0.0,0.0,Bangalore / Bengaluru,90.0,Naukri,4.8,49.0,"SAP, Silicon, Adobe",No,0.0,Bengaluru,"['Sap', 'Silicon', 'Adobe']"
Data Analyst,PradeepIT,5-7 Yrs,5.0,7.0,Not Disclosed,0.0,0.0,Bangalore / Bengaluru,90.0,Naukri,4.8,49.0,"SAP, Adobe, Automation",No,0.0,Bengaluru,"['Sap', 'Adobe', 'Automation']"
Data Analyst,PradeepIT,1-3 Yrs,1.0,3.0,Not Disclosed,0.0,0.0,Bangalore / Bengaluru,90.0,Naukri,4.8,49.0,"SAP, CRM, Troubleshooting",No,0.0,Bengaluru,"['Sap', 'Crm', 'Troubleshooting']"
Data Analyst,PradeepIT,5-7 Yrs,5.0,7.0,Not Disclosed,0.0,0.0,Bangalore / Bengaluru,90.0,Naukri,4.8,49.0,"Data Analyst, Informatica, Data quality",No,0.0,Bengaluru,"['Data Analyst', 'Informatica', 'Data Quality']"
Data Analyst,Incanus Technologies,1-6 Yrs,1.0,6.0,₹ 5 - 15L/yr,500000.0,1500000.0,"Pune, Delhi/Ncr, Bangalore / Bengaluru",27.0,Naukri,3.8,7.0,"Excel, Python, SQL",Yes,1000000.0,Pune,"['Excel', 'Python', 'Sql']"
Nivoda - Marketing & Sales Data Analyst (6-9 yrs),Nivoda,6-9 Yrs,6.0,9.0,Not Disclosed,0.0,0.0,Mumbai,30.0,iimjobs,3.9,16.0,"Analytics, Marketing Analytics, Sales Analytics",No,0.0,Mumbai,"['Analytics', 'Marketing Analytics', 'Sales Analytics']"
Data Analyst,Northstar Pathology Lab,1-6 Yrs,1.0,6.0,Not Disclosed,0.0,0.0,Ahmedabad,9.0,Naukri,3.5,4.0,Data Analyst,No,0.0,Ahmedabad,['Data Analyst']
MIS Manager ( Senior Data Analyst ),Quantum Asset Management Company Private Limited,7-9 Yrs,7.0,9.0,Not Disclosed,0.0,0.0,Mumbai,120.0,Naukri,3.9,30.0,"MIS, SQL, Logistics",No,0.0,Mumbai,"['Mis', 'Sql', 'Logistics']"
Data Analyst,Albea,5-7 Yrs,5.0,7.0,Not Disclosed,0.0,0.0,Panaji/Panjim,120.0,Naukri,3.7,19.0,"Pharma, Costing, Packaging",No,0.0,Panaji,"['Pharma', 'Costing', 'Packaging']"
Data Analyst,Albea,5-7 Yrs,5.0,7.0,Not Disclosed,0.0,0.0,Panaji/Panjim,120.0,Naukri,3.7,19.0,"Pharma, Costing, Packaging",No,0.0,Panaji,"['Pharma', 'Costing', 'Packaging']"
Data Analyst - SAS/Python (4-9 yrs),HuQuo Consulting Pvt. Ltd.,4-9 Yrs,4.0,9.0,Not Disclosed,0.0,0.0,"Delhi ncr, Gurgaon / Gurugram",30.0,hirist,3.8,14.0,"SAS, Python, Data Analyst",No,0.0,Delhi ncr,"['Sas', 'Python', 'Data Analyst']"
Microstrategy Developer - Reporting Analytics & Dashboards (4-7 yrs),genxhire,4-7 Yrs,4.0,7.0,Not Disclosed,0.0,0.0,Pune,30.0,hirist,3.5,51.0,"Microstrategy, Business Intelligence, Data Analyst",No,0.0,Pune,"['Microstrategy', 'Business Intelligence', 'Data Analyst']"
Associate Data Analyst,SKIDOS,1-2 Yrs,1.0,2.0,Not Disclosed,0.0,0.0,New Delhi,30.0,Naukri,3.9,14.0,"SQL, Python, Associate Data Analyst",No,0.0,Delhi,"['Sql', 'Python', 'Associate Data Analyst']"
Data Analyst,VGMinds TechStudios Pvt Ltd,1-4 Yrs,1.0,4.0,Not Disclosed,0.0,0.0,Bangalore / Bengaluru,25.0,Naukri,5.0,2.0,Data Analyst,No,0.0,Bengaluru,['Data Analyst']
Data Analyst (2-15 yrs),Symbiosis Management Consultants Pvt Ltd,2-15 Yrs,2.0,15.0,Not Disclosed,0.0,0.0,Mumbai,30.0,iimjobs,4.8,5.0,"Analytics, Data Analytics, Python",No,0.0,Mumbai,"['Analytics', 'Data Analytics', 'Python']"
Senior Data Analyst,VIACOM 18 MEDIA PRIVATE LIMITED,4-7 Yrs,4.0,7.0,Not Disclosed,0.0,0.0,"Mumbai, Bangalore / Bengaluru",120.0,Naukri,3.7,74.0,"Statistical programming, Telecom, Bfsi",No,0.0,Mumbai,"['Statistical Programming', 'Telecom', 'Bfsi']"
Data Analyst II,VIACOM 18 MEDIA PRIVATE LIMITED,2-4 Yrs,2.0,4.0,Not Disclosed,0.0,0.0,"Mumbai, Bangalore / Bengaluru",120.0,Naukri,3.7,74.0,"Statistical programming, Telecom, Bfsi",No,0.0,Mumbai,"['Statistical Programming', 'Telecom', 'Bfsi']"
Staff Data Analyst - JioCinema,VIACOM 18 MEDIA PRIVATE LIMITED,7-10 Yrs,7.0,10.0,Not Disclosed,0.0,0.0,"Mumbai, Bangalore / Bengaluru",120.0,Naukri,3.7,74.0,"Telecom, Bfsi, Analytical",No,0.0,Mumbai,"['Telecom', 'Bfsi', 'Analytical']"
Data Analyst- ML/Data Science,Intello Labs,2-4 Yrs,2.0,4.0,₹ 8 - 16L/yr,800000.0,1600000.0,Gurgaon/Gurugram,1460.0,bigshyft,3.7,91.0,"R, Hive, MATLAB",Yes,1200000.0,Gurugram,"['R', 'Hive', 'Matlab']"
SAP Cloud Business Analyst / Tester / Data Analyst,Fort Technologies,2-5 Yrs,2.0,5.0,Not Disclosed,0.0,0.0,"Chennai, Pune, New Delhi
													+4 more",5.0,Naukri,3.5,3.0,"System testing, Data analysis, SAP",No,0.0,Chennai,"['System Testing', 'Data Analysis', 'Sap']"
Junior Data Analyst,LumenData Solutions India Pvt Ltd,1-3 Yrs,1.0,3.0,Not Disclosed,0.0,0.0,Bangalore / Bengaluru,30.0,Naukri,3.8,12.0,"Data analysis, SQL, Data processing",No,0.0,Bengaluru,"['Data Analysis', 'Sql', 'Data Processing']"
Tableau Developer - Reporting Analytics (5-8 yrs),TIGI HR Solution Pvt. Ltd.,5-8 Yrs,5.0,8.0,Not Disclosed,0.0,0.0,Bangalore / Bengaluru,60.0,hirist,4.1,18.0,"Tableau, Data Analytics, Data Analyst",No,0.0,Bengaluru,"['Tableau', 'Data Analytics', 'Data Analyst']"
SQL Developer / Data Analyst - Fresher,Breakwalls Technologies,0-3 Yrs,0.0,3.0,Not Disclosed,0.0,0.0,Bangalore / Bengaluru,4.0,Naukri,3.8,2.0,"SQL Server Development, Excel, Tsql Development",No,0.0,Bengaluru,"['Sql Server Development', 'Excel', 'Tsql Development']"
Data Analyst,Circle K Stores Inc,2-5 Yrs,2.0,5.0,Not Disclosed,0.0,0.0,Gurgaon / Gurugram,30.0,Naukri,4.0,22.0,"data engineering, data analysis, user stories",No,0.0,Gurugram,"['Data Engineering', 'Data Analysis', 'User Stories']"
Data Analyst,TechUp Labs,1-4 Yrs,1.0,4.0,Not Disclosed,0.0,0.0,Remote,30.0,Naukri,4.0,12.0,"Python, Data modeling, Selenium",No,0.0,Remote,"['Python', 'Data Modeling', 'Selenium']"
Data Analyst,Capillary Technologies India Pvt. Ltd.,2-5 Yrs,2.0,5.0,Not Disclosed,0.0,0.0,Bangalore / Bengaluru,90.0,Naukri,3.5,173.0,"SQL, Automation, Python",No,0.0,Bengaluru,"['Sql', 'Automation', 'Python']"
Associate Data Analyst,"comScore, Inc.",2-7 Yrs,2.0,7.0,Not Disclosed,0.0,0.0,Pune,120.0,Naukri,3.7,34.0,"metadata, Provident fund, Linux",No,0.0,Pune,"['Metadata', 'Provident Fund', 'Linux']"
Data Analyst,Simplilearn Solutions,1-3 Yrs,1.0,3.0,₹ 4.2 - 10L/yr (AmbitionBox estimate),420000.0,1000000.0,Bangalore / Bengaluru,120.0,Naukri,3.2,612.0,"Project management, Analytics, Product engineering",Yes,710000.0,Bengaluru,"['Project Management', 'Analytics', 'Product Engineering']"
Senior Data Analyst,Simplilearn Solutions,2-4 Yrs,2.0,4.0,Not Disclosed,0.0,0.0,Bangalore / Bengaluru,120.0,Naukri,3.2,612.0,"Project management, Analytics, SQL",No,0.0,Bengaluru,"['Project Management', 'Analytics', 'Sql']"
BI Developer,Lighthouse Info Systems Pvt. Ltd.,1-3 Yrs,1.0,3.0,Not Disclosed,0.0,0.0,Nagpur,730.0,Naukri,3.8,55.0,"Business intelligence, Analytics, data visualization",No,0.0,Nagpur,"['Business Intelligence', 'Analytics', 'Data Visualization']"
Data Analyst,Capillary Technologies India Pvt. Ltd.,2-5 Yrs,2.0,5.0,Not Disclosed,0.0,0.0,Bangalore / Bengaluru,90.0,Naukri,3.5,173.0,"SQL, Automation, Python",No,0.0,Bengaluru,"['Sql', 'Automation', 'Python']"
Senior Data Analyst,Simplilearn Solutions,2-4 Yrs,2.0,4.0,Not Disclosed,0.0,0.0,Bangalore / Bengaluru,120.0,Naukri,3.2,612.0,"Project management, Analytics, SQL",No,0.0,Bengaluru,"['Project Management', 'Analytics', 'Sql']"
Sr. Data Analyst,XenonStack Private Ltd,3-4 Yrs,3.0,4.0,Not Disclosed,0.0,0.0,Mohali,300.0,Naukri,3.6,178.0,"Analytical, Consulting, SQL",No,0.0,Mohali,"['Analytical', 'Consulting', 'Sql']"
Reference Data Analyst,ICE DATA SERVICES INDIA PRIVATE LIMITED,0-2 Yrs,0.0,2.0,Not Disclosed,0.0,0.0,Hyderabad/Secunderabad,240.0,First Naukri,3.2,100.0,"Excel, VBA, MS Office",No,0.0,Hyderabad,"['Excel', 'Vba', 'Ms Office']"
Frontend Developer,Heart It Out,1-3 Yrs,1.0,3.0,Not Disclosed,0.0,0.0,Remote,300.0,Naukri,4.6,66.0,"Internship, Data Analyst",No,0.0,Remote,"['Internship', 'Data Analyst']"
Data Analyst,Fabzen Technologies Pvt. Ltd.,3-8 Yrs,3.0,8.0,Not Disclosed,0.0,0.0,Pune,365.0,Naukri,4.6,69.0,"Analytical skills, tableau, Machine learning",No,0.0,Pune,"['Analytical Skills', 'Tableau', 'Machine Learning']"
Data Analyst,DecisionTree Analytics and Services Private Limited,1-3 Yrs,1.0,3.0,Not Disclosed,0.0,0.0,Gurgaon / Gurugram,1460.0,Naukri,4.2,17.0,"SQL, Data warehousing, Data Analyst",No,0.0,Gurugram,"['Sql', 'Data Warehousing', 'Data Analyst']"
Data Analyst,DecisionTree Analytics and Services Private Limited,1-3 Yrs,1.0,3.0,Not Disclosed,0.0,0.0,Gurgaon / Gurugram,1460.0,Naukri,4.2,17.0,"PHP, MySQL, Informatica",No,0.0,Gurugram,"['Php', 'Mysql', 'Informatica']"
Data Analyst,Heart It Out,1-3 Yrs,1.0,3.0,Not Disclosed,0.0,0.0,Remote,300.0,Naukri,4.6,66.0,"Internship, Data Analyst, MySQL",No,0.0,Remote,"['Internship', 'Data Analyst', 'Mysql']"
Human Resources Data Analyst II,Mold-Masters Limited,2-4 Yrs,2.0,4.0,Not Disclosed,0.0,0.0,Coimbatore,60.0,Naukri,3.8,39.0,"Analytics, Automation, Continuous improvement",No,0.0,Coimbatore,"['Analytics', 'Automation', 'Continuous Improvement']"
Technical Consultant,Andor Tech (India) Pvt Ltd,5-10 Yrs,5.0,10.0,Not Disclosed,0.0,0.0,Bangalore / Bengaluru,150.0,Naukri,3.8,44.0,"Automation, Python, Agile",No,0.0,Bengaluru,"['Automation', 'Python', 'Agile']"
Data Analyst,Andor Tech (India) Pvt Ltd,5-9 Yrs,5.0,9.0,Not Disclosed,0.0,0.0,Bangalore / Bengaluru,270.0,Naukri,3.8,44.0,"SQL, Agile, Software design",No,0.0,Bengaluru,"['Sql', 'Agile', 'Software Design']"
Business Analyst - Entry-Ops,Andor Tech (India) Pvt Ltd,4-8 Yrs,4.0,8.0,Not Disclosed,0.0,0.0,Bangalore / Bengaluru,270.0,Naukri,3.8,44.0,"Data analysis, SQL, Adobe",No,0.0,Bengaluru,"['Data Analysis', 'Sql', 'Adobe']"
Data Analyst,SourceFuse Technologies (India) Pvt Ltd.,6-11 Yrs,6.0,11.0,Not Disclosed,0.0,0.0,Remote,120.0,Naukri,3.6,92.0,"IT services, Computer science, Data analysis",No,0.0,Remote,"['It Services', 'Computer Science', 'Data Analysis']"
Senior Data Analyst,Robosoft Technologies Pvt. Ltd,3-6 Yrs,3.0,6.0,Not Disclosed,0.0,0.0,"Mumbai, Udupi, Bangalore / Bengaluru",150.0,Naukri,3.4,246.0,"Computer science, Business analysis, Information security",No,0.0,Mumbai,"['Computer Science', 'Business Analysis', 'Information Security']"
Data Analyst,Mobikwik,3-5 Yrs,3.0,5.0,₹ 3 - 8L/yr (AmbitionBox estimate),300000.0,800000.0,Gurgaon/Gurugram,1095.0,bigshyft,3.4,255.0,"SQL, Hive, Tableau",Yes,550000.0,Gurugram,"['Sql', 'Hive', 'Tableau']"
Senior Data Analyst - Boutique Strategy Research Firm (2-4 yrs),Unnati,2-4 Yrs,2.0,4.0,Not Disclosed,0.0,0.0,New Delhi,60.0,iimjobs,4.1,74.0,"Data Analytics, Analytics, Statistics",No,0.0,Delhi,"['Data Analytics', 'Analytics', 'Statistics']"
Data Analyst - Hadoop/Big Data Platform (9-12 yrs),TD NEWTON,9-12 Yrs,9.0,12.0,Not Disclosed,0.0,0.0,Mumbai,30.0,hirist,2.7,33.0,"Data Analyst, Data Analytics, Data Profiling",No,0.0,Mumbai,"['Data Analyst', 'Data Analytics', 'Data Profiling']"
Network Engineer,Essenware Private Limted,2-4 Yrs,2.0,4.0,Not Disclosed,0.0,0.0,"Chennai, Pune, New Delhi
													+4 more",30.0,Naukri,4.7,4.0,"Data analysis, Automation, Analytical",No,0.0,Chennai,"['Data Analysis', 'Automation', 'Analytical']"
Data Analyst,Kishore Tech Solutions Overseas Pvt Ltd,1-4 Yrs,1.0,4.0,Not Disclosed,0.0,0.0,Bangalore / Bengaluru,60.0,Naukri,5.0,6.0,"Analyst, Analytical, Programming",No,0.0,Bengaluru,"['Analyst', 'Analytical', 'Programming']"
Data Analyst - Web Analytics (4-7 yrs),Hitya Global,4-7 Yrs,4.0,7.0,Not Disclosed,0.0,0.0,Navi Mumbai,7.0,hirist,5.0,1.0,"Data Analyst, Data Analytics, Google Analytics",No,0.0,Navi Mumbai,"['Data Analyst', 'Data Analytics', 'Google Analytics']"
Data Analyst - IT (4-10 yrs),Resource Tree Global Services,4-10 Yrs,4.0,10.0,Not Disclosed,0.0,0.0,"Mumbai, Bangalore / Bengaluru, Hyderabad / Secunderabad
													+3 more",7.0,iimjobs,5.0,1.0,"Data Analytics, Analytics, Data Visualization",No,0.0,Mumbai,"['Data Analytics', 'Analytics', 'Data Visualization']"
Power BI Lead - Data Analytics (7-9 yrs),Nice Software Solutions Pvt. Ltd,7-9 Yrs,7.0,9.0,Not Disclosed,0.0,0.0,Bangalore / Bengaluru,60.0,hirist,3.5,59.0,"Power BI, Data Analytics, BI Reporting",No,0.0,Bengaluru,"['Power Bi', 'Data Analytics', 'Bi Reporting']"
Data Analyst,Genxlead Solutions Pvt Ltd,1-4 Yrs,1.0,4.0,Not Disclosed,0.0,0.0,Chennai,120.0,Naukri,3.9,32.0,"Data analysis, Machine learning, Email marketing",No,0.0,Chennai,"['Data Analysis', 'Machine Learning', 'Email Marketing']"
DecisionTree - Power BI Developer - ETL Tools (5-8 yrs),Decision Tree Analytics,5-8 Yrs,5.0,8.0,Not Disclosed,0.0,0.0,Gurgaon / Gurugram,30.0,hirist,4.4,7.0,"BI/DW, Power BI, DAX Power BI",No,0.0,Gurugram,"['Bi/Dw', 'Power Bi', 'Dax Power Bi']"
Machine Learning Data Analyst,Adventure India Journey Private Ltd.,5-10 Yrs,5.0,10.0,Not Disclosed,0.0,0.0,New Delhi,20.0,Naukri,4.5,2.0,"Exploratory Data Analysis, Artificial Intelligence, Natural Language Processing",No,0.0,Delhi,"['Exploratory Data Analysis', 'Artificial Intelligence', 'Natural Language Processing']"
Data Analyst,Aryng,1-3 Yrs,1.0,3.0,Not Disclosed,0.0,0.0,Gurgaon / Gurugram,30.0,Naukri,4.4,3.0,"data analytics, data analysis, data science",No,0.0,Gurugram,"['Data Analytics', 'Data Analysis', 'Data Science']"
Data Analyst,Aryng,1-3 Yrs,1.0,3.0,Not Disclosed,0.0,0.0,Chennai,30.0,Naukri,4.4,3.0,"python, ux, data analytics",No,0.0,Chennai,"['Python', 'Ux', 'Data Analytics']"
Data Analyst,Aryng,4-7 Yrs,4.0,7.0,Not Disclosed,0.0,0.0,New Delhi,30.0,Naukri,4.4,3.0,"Hypothesis testing, cloud, Presto",No,0.0,Delhi,"['Hypothesis Testing', 'Cloud', 'Presto']"
AM/Manager- Financial Data Analyst,DMI FINANCE PRIVATE LIMITED,3-4 Yrs,3.0,4.0,₹ 6 - 6.05L/yr (AmbitionBox estimate),600000.0,605000.0,New Delhi,120.0,Naukri,3.6,71.0,"MIS, Fund raising, Financial statements",Yes,602500.0,Delhi,"['Mis', 'Fund Raising', 'Financial Statements']"
Engineer - Data Analyst,BUSINESSNEXT,1-3 Yrs,1.0,3.0,Not Disclosed,0.0,0.0,Mumbai,150.0,Naukri,3.3,346.0,"Data Analyst, Data migration, Machine learning",No,0.0,Mumbai,"['Data Analyst', 'Data Migration', 'Machine Learning']"
Data Analyst,Lobotus Technology Private Limited,3-5 Yrs,3.0,5.0,Not Disclosed,0.0,0.0,Bangalore / Bengaluru,2190.0,Naukri,4.0,17.0,"Data processing, VLOOKUP, Internet surfing",No,0.0,Bengaluru,"['Data Processing', 'Vlookup', 'Internet Surfing']"
Associate - Web Developer and Data Analyst,iForest,5-8 Yrs,5.0,8.0,Not Disclosed,0.0,0.0,Noida,9.0,Naukri,3.2,4.0,"python, css, data analysis",No,0.0,Noida,"['Python', 'Css', 'Data Analysis']"
Data Analyst - SQL/Python (4-20 yrs),td newton and associates,4-20 Yrs,4.0,20.0,Not Disclosed,0.0,0.0,Pune,30.0,hirist,2.7,33.0,"Data Analyst, Data Analytics, SQL",No,0.0,Pune,"['Data Analyst', 'Data Analytics', 'Sql']"
Data Analyst - SQL/Tableau (3-5 yrs),Cortex Consulting Pvt. Ltd.,3-5 Yrs,3.0,5.0,Not Disclosed,0.0,0.0,Bangalore / Bengaluru,60.0,hirist,3.1,16.0,"Data Analyst, Data Analytics, SQL",No,0.0,Bengaluru,"['Data Analyst', 'Data Analytics', 'Sql']"
Data Analyst,Aryng,1-3 Yrs,1.0,3.0,Not Disclosed,0.0,0.0,Bangalore / Bengaluru,30.0,Naukri,4.4,3.0,"data analysis, data science, Data management",No,0.0,Bengaluru,"['Data Analysis', 'Data Science', 'Data Management']"
Data Analyst,Aryng,4-9 Yrs,4.0,9.0,Not Disclosed,0.0,0.0,Mumbai,30.0,Naukri,4.4,3.0,"Presto, A/B Testing, hypothesis testing",No,0.0,Mumbai,"['Presto', 'A/B Testing', 'Hypothesis Testing']"
Data Analyst,Aryng,1-3 Yrs,1.0,3.0,Not Disclosed,0.0,0.0,Hyderabad / Secunderabad,30.0,Naukri,4.4,3.0,"ux, data analytics, data analysis",No,0.0,Hyderabad,"['Ux', 'Data Analytics', 'Data Analysis']"
Data Analyst,"Cloudflare, Inc.",5-9 Yrs,5.0,9.0,Not Disclosed,0.0,0.0,Remote,4.0,Naukri,3.9,0.0,"Customer management, Manager Quality Assurance, Networking",No,0.0,Remote,"['Customer Management', 'Manager Quality Assurance', 'Networking']"
Lead Consultant - Digital Transformation (15-20 yrs),Job Seeks 4U Consultancy Services,15-20 Yrs,15.0,20.0,Not Disclosed,0.0,0.0,Bangalore / Bengaluru,21.0,hirist,3.4,5.0,"Data Analytics, Data Analyst, Python",No,0.0,Bengaluru,"['Data Analytics', 'Data Analyst', 'Python']"
LenDenClub - Team Lead - Analytics & Data Science (5-10 yrs),LenDenClub,5-10 Yrs,5.0,10.0,Not Disclosed,0.0,0.0,Mumbai,60.0,hirist,3.2,69.0,"Data Analyst, Data Analytics, Data Science",No,0.0,Mumbai,"['Data Analyst', 'Data Analytics', 'Data Science']"
Data Analyst,Comscore Technologies,2-4 Yrs,2.0,4.0,Not Disclosed,0.0,0.0,Pune,24.0,Naukri,4.6,2.0,"SAS, Database Queries, SQL Queries",No,0.0,Pune,"['Sas', 'Database Queries', 'Sql Queries']"
Commercial Analyst / Data Analyst,Printo Document Services Pvt. Ltd,1-4 Yrs,1.0,4.0,Not Disclosed,0.0,0.0,"Chennai, Pune, New Delhi
													+4 more",240.0,Naukri,3.5,93.0,"Logistics, Data analysis, Commercial Analyst",No,0.0,Chennai,"['Logistics', 'Data Analysis', 'Commercial Analyst']"
Data Analyst - Imaginarium,Imaginarium India Pvt Ltd,2-5 Yrs,2.0,5.0,₹ 6 - 10L/yr (AmbitionBox estimate),600000.0,1000000.0,Mumbai,365.0,Naukri,3.7,34.0,"Data analysis, Interpersonal skills, Investor relations",Yes,800000.0,Mumbai,"['Data Analysis', 'Interpersonal Skills', 'Investor Relations']"
Osfin.ai - Data Analyst (2-6 yrs),Osfin.ai,2-6 Yrs,2.0,6.0,Not Disclosed,0.0,0.0,Bangalore / Bengaluru,30.0,iimjobs,3.8,5.0,"Analytics, Data Analytics, SQL",No,0.0,Bengaluru,"['Analytics', 'Data Analytics', 'Sql']"
Sr. Data Analyst,Jio Tesseract,4-6 Yrs,4.0,6.0,Not Disclosed,0.0,0.0,"Navi Mumbai, Mumbai",5.0,Naukri,1.7,57.0,"Data analysis, Data management, Analytical",No,0.0,Navi Mumbai,"['Data Analysis', 'Data Management', 'Analytical']"
Data Analyst - R/Python (5-7 yrs),Quantumbricks,Not Specified,0.0,0.0,Not Disclosed,0.0,0.0,Not Specified,12.0,hirist,5.0,1.0,Not Specified,No,0.0,Not Specified,[]
SpectraMedix - BI Analyst - Tableau (3-8 yrs),SpectraMedix India,3-8 Yrs,3.0,8.0,Not Disclosed,0.0,0.0,Delhi ncr,90.0,hirist,3.8,23.0,"Tableau, Business Analyst, Data Analyst",No,0.0,Delhi ncr,"['Tableau', 'Business Analyst', 'Data Analyst']"
Data Analyst,Avaali Solutions Pvt Ltd,2-7 Yrs,2.0,7.0,Not Disclosed,0.0,0.0,Bangalore / Bengaluru,210.0,Naukri,3.7,33.0,"Analytics, SQL, Consulting",No,0.0,Bengaluru,"['Analytics', 'Sql', 'Consulting']"
Site Data Analyst,Apraava Energy,4-7 Yrs,4.0,7.0,Not Disclosed,0.0,0.0,"Vadodara, Ahmedabad, Rajkot
													+2 more",330.0,Naukri,4.5,41.0,"Auditing, SCM, Monitoring",No,0.0,Vadodara,"['Auditing', 'Scm', 'Monitoring']"
Data Mapping,NISC Exports Services (p) Ltd,2-6 Yrs,2.0,6.0,Not Disclosed,0.0,0.0,Hyderabad / Secunderabad,365.0,Naukri,3.5,62.0,"Manager Quality Control, XML, Publishing",No,0.0,Hyderabad,"['Manager Quality Control', 'Xml', 'Publishing']"
NewsBytes - Data Analyst - Big Data/Machine Learning (1-3 yrs),NewsBytes,Not Specified,0.0,0.0,Not Disclosed,0.0,0.0,Not Specified,10.0,hirist,2.4,11.0,Not Specified,No,0.0,Not Specified,[]
Business Data Analyst (6-8 yrs),Yo HR Consultancy,6-8 Yrs,6.0,8.0,Not Disclosed,0.0,0.0,Bangalore / Bengaluru,13.0,hirist,5.0,1.0,"Business System Analyst, Business Analyst, Data Analyst",No,0.0,Bengaluru,"['Business System Analyst', 'Business Analyst', 'Data Analyst']"
"Data Analyst, II",Antuit Inc.,2-5 Yrs,2.0,5.0,Not Disclosed,0.0,0.0,Bangalore / Bengaluru,30.0,Naukri,2.2,13.0,"Analytical, Customer service, SQL",No,0.0,Bengaluru,"['Analytical', 'Customer Service', 'Sql']"
Employee Data Analyst,Tableau Software,4-6 Yrs,4.0,6.0,Not Disclosed,0.0,0.0,Hyderabad / Secunderabad,9.0,Naukri,1.1,2.0,"global operations, Root cause analysis, human capital",No,0.0,Hyderabad,"['Global Operations', 'Root Cause Analysis', 'Human Capital']"
Data Analyst,Globalme Localization,2-7 Yrs,2.0,7.0,Not Disclosed,0.0,0.0,Remote,365.0,Naukri,3.7,26.0,"Data Analyst, Data analysis, SQL",No,0.0,Remote,"['Data Analyst', 'Data Analysis', 'Sql']"
Sr. Data Analyst,Weather Risk Management Services Ltd,1-4 Yrs,1.0,4.0,Not Disclosed,0.0,0.0,Gurgaon / Gurugram,365.0,Naukri,3.4,75.0,"Automation, Data validation, Analytical",No,0.0,Gurugram,"['Automation', 'Data Validation', 'Analytical']"
Senior Data Analyst,Jupiter,3-6 Yrs,3.0,6.0,₹ 11 - 22.5L/yr,1100000.0,2250000.0,Bengaluru/Bangalore,19710.0,bigshyft,3.4,67.0,"SQL, Python, Tableau",Yes,1675000.0,Bengaluru,"['Sql', 'Python', 'Tableau']"
Senior Manager - Renewals Data Analyst - Life Insurance (9-10 yrs),TalenSys,Not Specified,0.0,0.0,Not Disclosed,0.0,0.0,Not Specified,14.0,iimjobs,5.0,1.0,Not Specified,No,0.0,Not Specified,[]
Marketing Data Analyst,Marrina decisions,2-5 Yrs,2.0,5.0,Not Disclosed,0.0,0.0,Remote,26.0,Naukri,4.0,3.0,"Data analysis, Project management, Process improvement",No,0.0,Remote,"['Data Analysis', 'Project Management', 'Process Improvement']"
Data Analyst,Akhil Systems,3-5 Yrs,3.0,5.0,Not Disclosed,0.0,0.0,Gurgaon / Gurugram,120.0,Naukri,3.6,24.0,"SQL, Python, Business intelligence",No,0.0,Gurugram,"['Sql', 'Python', 'Business Intelligence']"
Data Analyst,CAMSDATA Technologies India Pvt Ltd,2-8 Yrs,2.0,8.0,Not Disclosed,0.0,0.0,Bangalore / Bengaluru,365.0,Naukri,3.5,45.0,"SQL, Python, MIS",No,0.0,Bengaluru,"['Sql', 'Python', 'Mis']"
Internal Audit Data Analyst,Stripe,5-7 Yrs,5.0,7.0,Not Disclosed,0.0,0.0,Bangalore / Bengaluru,90.0,Naukri,3.6,18.0,"Analytics, SQL, Auditing",No,0.0,Bengaluru,"['Analytics', 'Sql', 'Auditing']"
Data Analyst - Operations,Apna Recruiter,1-2 Yrs,1.0,2.0,₹ 13 - 10L/yr (AmbitionBox estimate),1300000.0,1000000.0,Bangalore / Bengaluru,150.0,Naukri,3.2,145.0,"CRM, Data analysis, SQL",Yes,1150000.0,Bengaluru,"['Crm', 'Data Analysis', 'Sql']"
Senior Data Analytics Engineer - Hadoop/Scala (3-5 yrs),QAAgility Technologies,3-5 Yrs,3.0,5.0,Not Disclosed,0.0,0.0,Pune,60.0,hirist,3.8,5.0,"Data Analytics, Data Analyst, Data Infrastructure",No,0.0,Pune,"['Data Analytics', 'Data Analyst', 'Data Infrastructure']"
Data Analyst,NOVISYNC SOLUTIONS INDIA PRIVATE LIMITED,3-4 Yrs,3.0,4.0,Not Disclosed,0.0,0.0,Visakhapatnam,30.0,Naukri,4.7,4.0,"Data Analyst, Customer service, Backend",No,0.0,Visakhapatnam,"['Data Analyst', 'Customer Service', 'Backend']"
Data Analysis Consultant (2-7 yrs),ANAKIN SKYWALKER PRIVATE LIMITED,2-7 Yrs,2.0,7.0,Not Disclosed,0.0,0.0,Bangalore / Bengaluru,12.0,hirist,2.5,10.0,"Data Analyst, Data Analytics, Business Analyst",No,0.0,Bengaluru,"['Data Analyst', 'Data Analytics', 'Business Analyst']"
Data Analyst,MIndstix Software Labs Pvt,3-8 Yrs,3.0,8.0,Not Disclosed,0.0,0.0,Pune,90.0,Naukri,3.4,63.0,"SQL, SAN, Data structures",No,0.0,Pune,"['Sql', 'San', 'Data Structures']"
Data Analyst,"KPI Partners, Inc.",5-10 Yrs,5.0,10.0,Not Disclosed,0.0,0.0,"Chennai, Pune, New Delhi
													+4 more",300.0,Naukri,3.3,103.0,"Analytical skills, Data analysis, Excel",No,0.0,Chennai,"['Analytical Skills', 'Data Analysis', 'Excel']"
Data Analyst,Antarctica Global,1-4 Yrs,1.0,4.0,Not Disclosed,0.0,0.0,Mumbai,180.0,Naukri,4.4,24.0,"Analytical, Windows, Data analysis",No,0.0,Mumbai,"['Analytical', 'Windows', 'Data Analysis']"
Data Analyst,"KPI Partners, Inc.",5-10 Yrs,5.0,10.0,Not Disclosed,0.0,0.0,"Chennai, Pune, New Delhi
													+4 more",300.0,Naukri,3.3,103.0,"Analytical skills, Data analysis, Excel",No,0.0,Chennai,"['Analytical Skills', 'Data Analysis', 'Excel']"
Senior Data Analyst,Tata nexarc,3-6 Yrs,3.0,6.0,Not Disclosed,0.0,0.0,"Mumbai, Bangalore / Bengaluru",365.0,Naukri,3.1,210.0,"Analytical, OLAP, Manager Quality Control",No,0.0,Mumbai,"['Analytical', 'Olap', 'Manager Quality Control']"
Data Analyst,Innovation Incubator Advisory Pvt. Ltd.,1-2 Yrs,1.0,2.0,Not Disclosed,0.0,0.0,Remote,365.0,Naukri,4.1,10.0,"Data modeling, Data Analyst, Statistics",No,0.0,Remote,"['Data Modeling', 'Data Analyst', 'Statistics']"
Data Governance Analyst - Informatica (3-6 yrs),Info Origin Inc,3-6 Yrs,3.0,6.0,Not Disclosed,0.0,0.0,Bangalore / Bengaluru,60.0,hirist,4.2,11.0,"Data Governance, Data Analyst, Informatica",No,0.0,Bengaluru,"['Data Governance', 'Data Analyst', 'Informatica']"
Data Analyst,Scalelot Technologies,2-7 Yrs,2.0,7.0,Not Disclosed,0.0,0.0,Surat,30.0,Naukri,3.6,5.0,Data Analyst,No,0.0,Surat,['Data Analyst']
Data Analyst,Samhita Integrated Solutions,2-4 Yrs,2.0,4.0,Not Disclosed,0.0,0.0,"New Delhi, Mumbai",60.0,Naukri,4.1,15.0,"Troubleshooting, Data analysis, SQL",No,0.0,Delhi,"['Troubleshooting', 'Data Analysis', 'Sql']"
Sales Data Analyst,T7E Aftermarket Connect Pvt. Ltd.,3-8 Yrs,3.0,8.0,Not Disclosed,0.0,0.0,Mumbai,60.0,Naukri,4.1,48.0,"Data Analyst, Sales operations, MS Access",No,0.0,Mumbai,"['Data Analyst', 'Sales Operations', 'Ms Access']"
BI Data Analyst,Saltmine,2-4 Yrs,2.0,4.0,Not Disclosed,0.0,0.0,Bangalore / Bengaluru,30.0,Naukri,4.7,3.0,"Data Analyst, SQL, Business intelligence",No,0.0,Bengaluru,"['Data Analyst', 'Sql', 'Business Intelligence']"
Lead - Data Analyst and Research Team,AppZen,2-5 Yrs,2.0,5.0,₹ 3.5 - 4L/yr (AmbitionBox estimate),350000.0,400000.0,Pune,120.0,Naukri,3.9,14.0,"Analytical, Data quality, lead data analyst",Yes,375000.0,Pune,"['Analytical', 'Data Quality', 'Lead Data Analyst']"
Data Analyst,Tekfriday Processing Solutions Pvt Ltd.,0-2 Yrs,0.0,2.0,Not Disclosed,0.0,0.0,Hyderabad/Secunderabad,365.0,First Naukri,4.0,79.0,"MySQL, Data Analysis, Data Visualization",No,0.0,Hyderabad,"['Mysql', 'Data Analysis', 'Data Visualization']"
Lead - Data Analyst and Research Team,AppZen,2-5 Yrs,2.0,5.0,₹ 3.5 - 4L/yr (AmbitionBox estimate),350000.0,400000.0,Pune,120.0,Naukri,3.9,14.0,"Analytical, Data quality, lead data analyst",Yes,375000.0,Pune,"['Analytical', 'Data Quality', 'Lead Data Analyst']"
Python Developer - Artificial Intelligence (2-4 yrs),Crossover,2-4 Yrs,2.0,4.0,Not Disclosed,0.0,0.0,"Mumbai, Jaipur, Rajasthan",30.0,hirist,3.3,26.0,"Python, Data Science, Data Analyst",No,0.0,Mumbai,"['Python', 'Data Science', 'Data Analyst']"
Data Analyst II,REED ELSEVIER INDIA (a part of RELX India Pvt Ltd),3-6 Yrs,3.0,6.0,Not Disclosed,0.0,0.0,Bangalore / Bengaluru,60.0,Naukri,3.7,91.0,"Analytics, Data analysis, Healthcare",No,0.0,Bengaluru,"['Analytics', 'Data Analysis', 'Healthcare']"
Sales Operations Data Analyst,"Cloudflare, Inc.",0-4 Yrs,0.0,4.0,Not Disclosed,0.0,0.0,Remote,13.0,Naukri,3.9,0.0,"Data analysis, Operational excellence, Data management",No,0.0,Remote,"['Data Analysis', 'Operational Excellence', 'Data Management']"
Data Analyst - Tableau/Power BI (2-5 yrs),T D Newton,2-5 Yrs,2.0,5.0,Not Disclosed,0.0,0.0,"Hyderabad / Secunderabad, Gujarat, Chandigarh
													+5 more",30.0,hirist,2.7,33.0,"Data Visualization, Power BI, Tableau",No,0.0,Hyderabad,"['Data Visualization', 'Power Bi', 'Tableau']"
VDOT Data Analyst 2,Hankersystems India,0-1 Yrs,0.0,1.0,Not Disclosed,0.0,0.0,Richmond,16.0,Naukri,3.3,3.0,"adhoc analysis, Data analysis, Power BI",No,0.0,Richmond,"['Adhoc Analysis', 'Data Analysis', 'Power Bi']"
Senior Data Analyst,Deliveroo,3-6 Yrs,3.0,6.0,Not Disclosed,0.0,0.0,"Chennai, Pune, New Delhi
													+4 more",30.0,Naukri,3.3,18.0,"Healthcare, SQL, Analytical",No,0.0,Chennai,"['Healthcare', 'Sql', 'Analytical']"
E - commerce Data Analyst,Shine Business Solutions,2-7 Yrs,2.0,7.0,Not Disclosed,0.0,0.0,Cochin/Ernakulam/Kochi,270.0,Naukri,3.9,11.0,"Data Analyst, Python, Consulting",No,0.0,Cochin,"['Data Analyst', 'Python', 'Consulting']"
Sr Data Analyst / Power BI Developer,smartSense Consulting Solutions,2-4 Yrs,2.0,4.0,Not Disclosed,0.0,0.0,Gandhinagar,730.0,Naukri,4.4,6.0,"Data Warehousing, Sql, Business Intelligence",No,0.0,Gandhinagar,"['Data Warehousing', 'Sql', 'Business Intelligence']"
Data Analyst,BTree Systems,5-10 Yrs,5.0,10.0,Not Disclosed,0.0,0.0,Chennai,240.0,Naukri,4.9,9.0,"IT training, Data Analyst, Training",No,0.0,Chennai,"['It Training', 'Data Analyst', 'Training']"
E - commerce Data Analyst,Shine Business Solutions,2-7 Yrs,2.0,7.0,Not Disclosed,0.0,0.0,Cochin/Ernakulam/Kochi,270.0,Naukri,3.9,11.0,"Data Analyst, Python, Consulting",No,0.0,Cochin,"['Data Analyst', 'Python', 'Consulting']"
Data Analyst,SSPL,2-7 Yrs,2.0,7.0,Not Disclosed,0.0,0.0,"New Delhi, Mumbai",365.0,Naukri,4.0,72.0,"SQL, Cognos, ERP",No,0.0,Delhi,"['Sql', 'Cognos', 'Erp']"
Data analyst,Purpos Planet,1-5 Yrs,1.0,5.0,Not Disclosed,0.0,0.0,New Delhi,365.0,Naukri,4.6,13.0,"MIS, FMCG, Sales analysis",No,0.0,Delhi,"['Mis', 'Fmcg', 'Sales Analysis']"
Data Analyst,"CityInfo Services Pvt. Ltd.,",15-18 Yrs,15.0,18.0,Not Disclosed,0.0,0.0,Bangalore / Bengaluru,730.0,Naukri,4.3,26.0,"Excel, Analytical, Consulting",No,0.0,Bengaluru,"['Excel', 'Analytical', 'Consulting']"
Sr Data Analyst / Power BI Developer,smartSense Consulting Solutions,2-4 Yrs,2.0,4.0,Not Disclosed,0.0,0.0,Gandhinagar,730.0,Naukri,4.4,6.0,"Data Warehousing, Sql, Business Intelligence",No,0.0,Gandhinagar,"['Data Warehousing', 'Sql', 'Business Intelligence']"
Netradyne - Staff Data Analyst - Machine Learning (5-8 yrs),Netradyne Technologies India Pvt Ltd,5-8 Yrs,5.0,8.0,Not Disclosed,0.0,0.0,Bangalore / Bengaluru,60.0,hirist,3.6,37.0,"Data Analyst, Machine Learning, SQL",No,0.0,Bengaluru,"['Data Analyst', 'Machine Learning', 'Sql']"
Sales Data Analyst,British Safety Council,3-5 Yrs,3.0,5.0,Not Disclosed,0.0,0.0,Mumbai,17.0,Naukri,2.9,5.0,"Data Visualization, Advanced Excel, Reporting And Analytics",No,0.0,Mumbai,"['Data Visualization', 'Advanced Excel', 'Reporting And Analytics']"
Data Analyst - SQL/Python (6-10 yrs),Forward eye technologies,6-10 Yrs,6.0,10.0,Not Disclosed,0.0,0.0,"Chennai, Noida",30.0,hirist,4.7,3.0,"Data Analyst, Data Analytics, Snowflake DB",No,0.0,Chennai,"['Data Analyst', 'Data Analytics', 'Snowflake Db']"
Data Analyst - Customer Experience,Flutter International,1-4 Yrs,1.0,4.0,Not Disclosed,0.0,0.0,Gurgaon / Gurugram,10.0,Naukri,4.0,1.0,"Operations Analyst, Senior Executive, Data Analyst",No,0.0,Gurugram,"['Operations Analyst', 'Senior Executive', 'Data Analyst']"
SmartConnect Technologies - Data Analyst - Tableau/Power BI (3-4 yrs),SmartConnectt Technologies,3-4 Yrs,3.0,4.0,Not Disclosed,0.0,0.0,Mumbai,60.0,hirist,2.9,69.0,"Predictive Analytics, Data Analyst, SQL",No,0.0,Mumbai,"['Predictive Analytics', 'Data Analyst', 'Sql']"
Data Analyst Engineer,Ethos Life,0-3 Yrs,0.0,3.0,Not Disclosed,0.0,0.0,Bangalore / Bengaluru,27.0,Naukri,2.9,8.0,"SAN, Data structures, Data analysis",No,0.0,Bengaluru,"['San', 'Data Structures', 'Data Analysis']"
Data Analyst,PATH,1-4 Yrs,1.0,4.0,Not Disclosed,0.0,0.0,New Delhi,150.0,Naukri,4.0,92.0,"Manager Quality Assurance, Monitoring, Payroll",No,0.0,Delhi,"['Manager Quality Assurance', 'Monitoring', 'Payroll']"
Data Analyst,NEXTGEN PROPERTY ADVISER PRIVATE LIMITED.,3-4 Yrs,3.0,4.0,Not Disclosed,0.0,0.0,Hyderabad / Secunderabad,90.0,Naukri,4.7,8.0,"Process improvement, Data mining, PHP",No,0.0,Hyderabad,"['Process Improvement', 'Data Mining', 'Php']"
Senior Data Analyst,SaaS Labs,2-4 Yrs,2.0,4.0,Not Disclosed,0.0,0.0,"Noida, New Delhi",1095.0,bigshyft,4.4,22.0,"Tableau, Data Analytics, Power BI",No,0.0,Noida,"['Tableau', 'Data Analytics', 'Power Bi']"
Lead - Data Analyst (8-12 yrs),KPB Consultants,8-12 Yrs,8.0,12.0,Not Disclosed,0.0,0.0,Bangalore / Bengaluru,11.0,iimjobs,4.0,1.0,"Data Analytics, Analytics, Python",No,0.0,Bengaluru,"['Data Analytics', 'Analytics', 'Python']"
eCommerce Data Analyst,Six10ventures,2-6 Yrs,2.0,6.0,Not Disclosed,0.0,0.0,Home based,23.0,Naukri,5.0,1.0,"Communication Skills, Presentation Skills, Report Generation",No,0.0,Home based,"['Communication Skills', 'Presentation Skills', 'Report Generation']"
Data Visualization Expert - Tableau/Power BI (5-7 yrs),Cortex Consulting Pvt. Ltd.,5-7 Yrs,5.0,7.0,Not Disclosed,0.0,0.0,Bangalore / Bengaluru,60.0,hirist,3.1,16.0,"Data Visualization, Data Analytics, Data Analyst",No,0.0,Bengaluru,"['Data Visualization', 'Data Analytics', 'Data Analyst']"
Data Scientist/Analyst - Data Mining & Statistical Analytics (2-10 yrs),Prime Infosoft,2-10 Yrs,2.0,10.0,Not Disclosed,0.0,0.0,Remote,24.0,hirist,5.0,1.0,"Data Scientist, Data Analytics, Data Analyst",No,0.0,Remote,"['Data Scientist', 'Data Analytics', 'Data Analyst']"
Senior Marketing Data Analyst,WeGo,5-7 Yrs,5.0,7.0,Not Disclosed,0.0,0.0,Bangalore / Bengaluru,210.0,Naukri,3.9,9.0,"Data analysis, SQL, Analytical",No,0.0,Bengaluru,"['Data Analysis', 'Sql', 'Analytical']"
Senior Data Analyst - Tableau,Beinex Consulting,2-4 Yrs,2.0,4.0,Not Disclosed,0.0,0.0,Cochin/Ernakulam/Kochi,90.0,Naukri,3.4,23.0,"Senior Data Analyst, tableau",No,0.0,Cochin,"['Senior Data Analyst', 'Tableau']"
Data Analyst - Power BI,Beinex Consulting,1-3 Yrs,1.0,3.0,Not Disclosed,0.0,0.0,Cochin/Ernakulam/Kochi,90.0,Naukri,3.4,23.0,"Data Analyst, power bi",No,0.0,Cochin,"['Data Analyst', 'Power Bi']"
Senior Data Analyst,Beinex Consulting,3-5 Yrs,3.0,5.0,Not Disclosed,0.0,0.0,Cochin/Ernakulam/Kochi,90.0,Naukri,3.4,23.0,"Senior Data Analyst, java",No,0.0,Cochin,"['Senior Data Analyst', 'Java']"
Senior Data Analyst,Qventus,5-6 Yrs,5.0,6.0,Not Disclosed,0.0,0.0,Noida,12.0,Naukri,4.0,1.0,"Senior Analyst, Data modeling, Coding",No,0.0,Noida,"['Senior Analyst', 'Data Modeling', 'Coding']"
Data Analyst with Advanced Tableau,TECHNIX TECHNOLOGY,3-5 Yrs,3.0,5.0,Not Disclosed,0.0,0.0,Bangalore / Bengaluru,60.0,Naukri,4.8,8.0,"Data analysis, SQL, Analytical",No,0.0,Bengaluru,"['Data Analysis', 'Sql', 'Analytical']"
Senior Data Analyst,northern tool,10-12 Yrs,10.0,12.0,Not Disclosed,0.0,0.0,Hyderabad / Secunderabad,30.0,Naukri,3.2,14.0,"Customer support, Analytics, Data analysis",No,0.0,Hyderabad,"['Customer Support', 'Analytics', 'Data Analysis']"
Business Data Analyst,Syncpoint360,5-8 Yrs,5.0,8.0,₹ 9 - 18L/yr,900000.0,1800000.0,Coimbatore,1.0,Naukri,3.0,1.0,"Aws Data Lake, Airflow, Power Bi",Yes,1350000.0,Coimbatore,"['Aws Data Lake', 'Airflow', 'Power Bi']"
Data Analyst,Grab,2-6 Yrs,2.0,6.0,Not Disclosed,0.0,0.0,Mumbai,150.0,Naukri,4.0,70.0,"Automation, Business intelligence, Analytics",No,0.0,Mumbai,"['Automation', 'Business Intelligence', 'Analytics']"
Data Analyst,Digital Glyde,0-3 Yrs,0.0,3.0,Not Disclosed,0.0,0.0,"Chennai, Pune, New Delhi
													+4 more",30.0,Naukri,3.8,6.0,"Data analysis, SQL, Analytical",No,0.0,Chennai,"['Data Analysis', 'Sql', 'Analytical']"
Data Analyst / Senior Data Analyst,STATXO,3-8 Yrs,3.0,8.0,Not Disclosed,0.0,0.0,Gurgaon / Gurugram,730.0,Naukri,4.8,9.0,"Telecom, Analytics, Procurement",No,0.0,Gurugram,"['Telecom', 'Analytics', 'Procurement']"
Data Analyst / Senior Data Analyst,STATXO,3-8 Yrs,3.0,8.0,Not Disclosed,0.0,0.0,Gurgaon / Gurugram,730.0,Naukri,4.8,9.0,"Telecom, Analytics, Procurement",No,0.0,Gurugram,"['Telecom', 'Analytics', 'Procurement']"
Data Analyst with Advanced Tableau,Technix india (p) limited,3-8 Yrs,3.0,8.0,Not Disclosed,0.0,0.0,Bangalore / Bengaluru,365.0,Naukri,4.8,8.0,"Data analytics, CRM, Data analysis",No,0.0,Bengaluru,"['Data Analytics', 'Crm', 'Data Analysis']"
Data Analyst / Bioinformatic Analyst,Prayoga Lifesciences Inc,1-5 Yrs,1.0,5.0,Not Disclosed,0.0,0.0,Bangalore / Bengaluru,30.0,Naukri,4.7,3.0,"Flow cytometry, Data Analyst",No,0.0,Bengaluru,"['Flow Cytometry', 'Data Analyst']"
Senior Data Analyst,Anchanto SaaS Technology,8-13 Yrs,8.0,13.0,Not Disclosed,0.0,0.0,Pune,30.0,Naukri,2.7,51.0,"Business intelligence, tableau, SQL",No,0.0,Pune,"['Business Intelligence', 'Tableau', 'Sql']"
Corporate Business Analyst - Intelligence,ITC WORLDWIDE,2-5 Yrs,2.0,5.0,Not Disclosed,0.0,0.0,Bangalore / Bengaluru,60.0,Naukri,4.8,4.0,"Data Analyst, Python, Coding",No,0.0,Bengaluru,"['Data Analyst', 'Python', 'Coding']"
Corporate Business Analyst - Intelligence,ITC WORLDWIDE,2-5 Yrs,2.0,5.0,Not Disclosed,0.0,0.0,Pune,60.0,Naukri,4.8,4.0,"Data Analyst, Coding, Staffing",No,0.0,Pune,"['Data Analyst', 'Coding', 'Staffing']"
Data Analyst,Freedom From Diabetes Pvt. Ltd.,1-4 Yrs,1.0,4.0,Not Disclosed,0.0,0.0,Pune,90.0,Naukri,3.3,24.0,"Data analysis, SAS, SPSS",No,0.0,Pune,"['Data Analysis', 'Sas', 'Spss']"
DIGITAL DATA ANALYST INTERN,DG7,0-1 Yrs,0.0,1.0,Not Disclosed,0.0,0.0,"Mumbai, Vasai-Virar",300.0,Naukri,4.1,22.0,"Customer support, CRM, Analytics",No,0.0,Mumbai,"['Customer Support', 'Crm', 'Analytics']"
Sr . Data Analyst,DemandMatrix,5-8 Yrs,5.0,8.0,Not Disclosed,0.0,0.0,Pune,1095.0,Naukri,3.9,7.0,"SQL, Linux, XML",No,0.0,Pune,"['Sql', 'Linux', 'Xml']"
Data Analyst,Ipseity Group,1-3 Yrs,1.0,3.0,Not Disclosed,0.0,0.0,Bhopal,1095.0,Naukri,4.2,18.0,"Training, Data analysis, Excel",No,0.0,Bhopal,"['Training', 'Data Analysis', 'Excel']"
Sales Executive,DG7,2-4 Yrs,2.0,4.0,Not Disclosed,0.0,0.0,Mumbai,1825.0,Naukri,4.1,22.0,"Sales Executive, Data Analyst",No,0.0,Mumbai,"['Sales Executive', 'Data Analyst']"
Senior Data Analyst - Python/SQL/Azure Data Factory (3-5 yrs),se,3-5 Yrs,3.0,5.0,Not Disclosed,0.0,0.0,Mumbai,30.0,hirist,3.2,4.0,"Data Analyst, Data Analytics, Python",No,0.0,Mumbai,"['Data Analyst', 'Data Analytics', 'Python']"
FP&A Data Analyst,"Open-Silicon, Inc.",2-5 Yrs,2.0,5.0,Not Disclosed,0.0,0.0,"Pune, Bangalore / Bengaluru",90.0,Naukri,4.4,4.0,"Financial reporting, SAP, Financial planning",No,0.0,Pune,"['Financial Reporting', 'Sap', 'Financial Planning']"
Senior Data Analyst (L5),Global Pharma Tek,7-9 Yrs,7.0,9.0,Not Disclosed,0.0,0.0,Bangalore / Bengaluru,210.0,Naukri,3.3,21.0,"Data Analyst, Consulting, Python",No,0.0,Bengaluru,"['Data Analyst', 'Consulting', 'Python']"
Data Analyst,Global Pharma Tek,3-5 Yrs,3.0,5.0,Not Disclosed,0.0,0.0,Bangalore / Bengaluru,210.0,Naukri,3.3,21.0,"Data Analyst, Consulting, Python",No,0.0,Bengaluru,"['Data Analyst', 'Consulting', 'Python']"
Data Analyst,Global Pharma Tek,5-7 Yrs,5.0,7.0,Not Disclosed,0.0,0.0,Bangalore / Bengaluru,210.0,Naukri,3.3,21.0,"Data Analyst, Consulting, Python",No,0.0,Bengaluru,"['Data Analyst', 'Consulting', 'Python']"
PHP Developer,Essence Software Solution,0-4 Yrs,0.0,4.0,Not Disclosed,0.0,0.0,Gurgaon / Gurugram,365.0,Naukri,4.6,7.0,C,No,0.0,Gurugram,['C']
Business Data Analyst,N Sight Consulting Group,3-4 Yrs,3.0,4.0,Not Disclosed,0.0,0.0,Gurgaon / Gurugram,26.0,Naukri,3.0,4.0,"Excel Powerpoint, Analytical Skills, Data Interpretation",No,0.0,Gurugram,"['Excel Powerpoint', 'Analytical Skills', 'Data Interpretation']"
Data Analyst - Business Intelligence (4-6 yrs),"Saaki, Argus and Averil Consulting",4-6 Yrs,4.0,6.0,Not Disclosed,0.0,0.0,"Bangalore / Bengaluru, Chennai, Gurgaon / Gurugram",30.0,hirist,3.9,6.0,"Data Analytics, Data Analyst, SQL Server",No,0.0,Bengaluru,"['Data Analytics', 'Data Analyst', 'Sql Server']"
Report Designer/Developer,Pinion Services,1-8 Yrs,1.0,8.0,Not Disclosed,0.0,0.0,"Hyderabad / Secunderabad, Visakhapatnam",365.0,Naukri,4.3,11.0,"SQL, SSRS, Data modeling",No,0.0,Hyderabad,"['Sql', 'Ssrs', 'Data Modeling']"
Business Systems/Data Analyst,Pinion Services,1-8 Yrs,1.0,8.0,Not Disclosed,0.0,0.0,"Hyderabad / Secunderabad, Visakhapatnam",365.0,Naukri,4.3,11.0,"SQL, Informatica, SSRS",No,0.0,Hyderabad,"['Sql', 'Informatica', 'Ssrs']"
Data Analyst,Q-DAT IT SOLUTIONS PVT. LTD.,2-5 Yrs,2.0,5.0,₹ 1.15 - 2.5L/yr (AmbitionBox estimate),115000.0,250000.0,Bangalore / Bengaluru,1825.0,Naukri,4.2,12.0,"MS Office, Analytical, Advanced",Yes,182500.0,Bengaluru,"['Ms Office', 'Analytical', 'Advanced']"
Data Analyst,Derivium Tradition,0-2 Yrs,0.0,2.0,Not Disclosed,0.0,0.0,Mumbai,24.0,Naukri,3.3,2.0,"Communication Skills, IQ, SQL Queries",No,0.0,Mumbai,"['Communication Skills', 'Iq', 'Sql Queries']"
Data Analyst,Magzter Digital Private Limited,2-7 Yrs,2.0,7.0,Not Disclosed,0.0,0.0,Chennai,365.0,Naukri,3.2,20.0,"SQL, Python, Troubleshooting",No,0.0,Chennai,"['Sql', 'Python', 'Troubleshooting']"
Data Analyst,Legalwiz,1-3 Yrs,1.0,3.0,Not Disclosed,0.0,0.0,Ahmedabad,365.0,Naukri,4.5,7.0,"Coding, Data mining, Business intelligence",No,0.0,Ahmedabad,"['Coding', 'Data Mining', 'Business Intelligence']"
Insurance Data Analyst,XDuce,2-3 Yrs,2.0,3.0,Not Disclosed,0.0,0.0,Ahmedabad,730.0,Naukri,3.2,22.0,"Underwriting, Claims, Data analysis",No,0.0,Ahmedabad,"['Underwriting', 'Claims', 'Data Analysis']"
Data Analyst,Innovative Techhub Private Limited,2-5 Yrs,2.0,5.0,Not Disclosed,0.0,0.0,Pune,365.0,Naukri,4.3,14.0,"Python, Data modeling, Stored procedures",No,0.0,Pune,"['Python', 'Data Modeling', 'Stored Procedures']"
Sr. Analyst,Wissda Inc,3-7 Yrs,3.0,7.0,Not Disclosed,0.0,0.0,Bangalore / Bengaluru,330.0,Naukri,4.4,9.0,"Business Analyst, Project management, Consulting",No,0.0,Bengaluru,"['Business Analyst', 'Project Management', 'Consulting']"
Data Analyst,Epaylater,3-6 Yrs,3.0,6.0,Not Disclosed,0.0,0.0,Mumbai,365.0,Naukri,3.8,52.0,"MIS, Analytics, SQL",No,0.0,Mumbai,"['Mis', 'Analytics', 'Sql']"
RBHU Analytics - Data Analyst Trainee - R/Python,RBHU ETG Private Limited,0-2 Yrs,0.0,2.0,Not Disclosed,0.0,0.0,Mumbai,27.0,Naukri,2.9,4.0,"Data Science, R, Power BI",No,0.0,Mumbai,"['Data Science', 'R', 'Power Bi']"
DATA ANALYST,Scaleup Mission,3-4 Yrs,3.0,4.0,Not Disclosed,0.0,0.0,Bangalore / Bengaluru,30.0,Naukri,4.3,3.0,"Business strategy, Data Analyst, Operations management",No,0.0,Bengaluru,"['Business Strategy', 'Data Analyst', 'Operations Management']"
CRM Data Analyst,Screen-Magic,1-4 Yrs,1.0,4.0,Not Disclosed,0.0,0.0,Pune,90.0,Naukri,3.8,26.0,"Team management, CRM, Data management",No,0.0,Pune,"['Team Management', 'Crm', 'Data Management']"
Data Analyst-SR,A T L A S Systems Pvt LTD,3-8 Yrs,3.0,8.0,Not Disclosed,0.0,0.0,Chennai,365.0,Naukri,2.9,38.0,"SQL, Process improvement, HTTP",No,0.0,Chennai,"['Sql', 'Process Improvement', 'Http']"
Data Analyst - Power BI/Tableau (5-7 yrs),RiskInsight Consulting Pvt Ltd,5-7 Yrs,5.0,7.0,Not Disclosed,0.0,0.0,Chennai,30.0,hirist,3.9,4.0,"Data Analyst, Data Analytics, RDBMS",No,0.0,Chennai,"['Data Analyst', 'Data Analytics', 'Rdbms']"
Technical Consultant - Tableau,Tableau Software,3-6 Yrs,3.0,6.0,Not Disclosed,0.0,0.0,"Pune, Bangalore / Bengaluru, Gurgaon / Gurugram
													+2 more",30.0,Naukri,1.1,2.0,"tableau, Data modeling, Agile development",No,0.0,Pune,"['Tableau', 'Data Modeling', 'Agile Development']"
Data Analyst,Anju Software,1-5 Yrs,1.0,5.0,Not Disclosed,0.0,0.0,Pune,150.0,Naukri,4.7,7.0,"Healthcare, SQL, Process improvement",No,0.0,Pune,"['Healthcare', 'Sql', 'Process Improvement']"
Data Analyst - DS (Quantum),m360 Research,5-7 Yrs,5.0,7.0,Not Disclosed,0.0,0.0,Bangalore / Bengaluru,210.0,Naukri,4.1,17.0,"Data validation, ISO, Healthcare",No,0.0,Bengaluru,"['Data Validation', 'Iso', 'Healthcare']"
Power BI Developer,Bitscape Infotech Pvt. Ltd,2-5 Yrs,2.0,5.0,Not Disclosed,0.0,0.0,Ahmedabad,1095.0,Naukri,3.9,31.0,"SQL, SSIS, Data modeling",No,0.0,Ahmedabad,"['Sql', 'Ssis', 'Data Modeling']"
Voice and Accent Trainer - Diya Systems,GlowTouch Technologies,2-5 Yrs,2.0,5.0,Not Disclosed,0.0,0.0,Mangaluru,1460.0,Naukri,3.5,88.0,"Monitoring, Training, Customer experience",No,0.0,Mangaluru,"['Monitoring', 'Training', 'Customer Experience']"
Data Analyst,GlowTouch Technologies,4-9 Yrs,4.0,9.0,Not Disclosed,0.0,0.0,Mangaluru,1460.0,Naukri,3.5,88.0,"Technical support, ITES, SQL",No,0.0,Mangaluru,"['Technical Support', 'Ites', 'Sql']"
data analyst,infoveave,1-3 Yrs,1.0,3.0,₹ 4.5 - 8.5L/yr (AmbitionBox estimate),450000.0,850000.0,Bangalore / Bengaluru,365.0,Naukri,3.8,20.0,"Data validation, Usage, Data analysis",Yes,650000.0,Bengaluru,"['Data Validation', 'Usage', 'Data Analysis']"
Data Analyst,Fashion TV India,1-4 Yrs,1.0,4.0,Not Disclosed,0.0,0.0,Mumbai,300.0,Naukri,3.4,179.0,"CRM, Supply chain management, Data analysis",No,0.0,Mumbai,"['Crm', 'Supply Chain Management', 'Data Analysis']"
Senior data analyst,Fashion TV India,5-6 Yrs,5.0,6.0,Not Disclosed,0.0,0.0,Mumbai,300.0,Naukri,3.4,179.0,"CRM, Sales operations, Supply chain management",No,0.0,Mumbai,"['Crm', 'Sales Operations', 'Supply Chain Management']"
Presales Data Analyst,DiLytics,3-10 Yrs,3.0,10.0,Not Disclosed,0.0,0.0,Hyderabad / Secunderabad,210.0,Naukri,4.3,11.0,"Data Analyst, RFP, IT services",No,0.0,Hyderabad,"['Data Analyst', 'Rfp', 'It Services']"
Sr. Quality Analyst - Data,Assimilate Solutions,4-9 Yrs,4.0,9.0,Not Disclosed,0.0,0.0,"Noida, Gurgaon / Gurugram",730.0,Naukri,3.3,741.0,"BPO, Manager Quality Assurance, ETL testing",No,0.0,Noida,"['Bpo', 'Manager Quality Assurance', 'Etl Testing']"
Sr. Data Analyst,Assimilate Solutions,5-10 Yrs,5.0,10.0,Not Disclosed,0.0,0.0,"Noida, Gurgaon / Gurugram",730.0,Naukri,3.3,741.0,"BPO, Excel, Coding",No,0.0,Noida,"['Bpo', 'Excel', 'Coding']"
MAF Group - Lead Data Analyst - Snowflake/Azure Data Factory (3-8 yrs),MAF Group,Not Specified,0.0,0.0,Not Disclosed,0.0,0.0,Not Specified,30.0,hirist,5.0,1.0,Not Specified,No,0.0,Not Specified,[]
Senior Business Analyst (2-5 yrs),Zyoin group,2-5 Yrs,2.0,5.0,Not Disclosed,0.0,0.0,Bangalore / Bengaluru,27.0,hirist,4.0,1.0,"Business Analyst, Data Analyst, Data Visualization",No,0.0,Bengaluru,"['Business Analyst', 'Data Analyst', 'Data Visualization']"
IT Training Center,Excel PTP,4-9 Yrs,4.0,9.0,Not Disclosed,0.0,0.0,Ahmedabad,1095.0,Naukri,5.0,2.0,"Market research, Email marketing, Social media",No,0.0,Ahmedabad,"['Market Research', 'Email Marketing', 'Social Media']"
Data Visualization (Microsoft Power BI),Wim Plast,2-3 Yrs,2.0,3.0,Not Disclosed,0.0,0.0,Mumbai,730.0,Naukri,3.7,36.0,"Data collection, power bi, Data Analyst",No,0.0,Mumbai,"['Data Collection', 'Power Bi', 'Data Analyst']"
Data Analyst (Microsoft Power BI),Wim Plast,3-7 Yrs,3.0,7.0,Not Disclosed,0.0,0.0,Mumbai,330.0,Naukri,3.7,36.0,"microsoft, power bi, Data Analyst",No,0.0,Mumbai,"['Microsoft', 'Power Bi', 'Data Analyst']"
Data Analyst Intern,Wadhwani AI,0-1 Yrs,0.0,1.0,Not Disclosed,0.0,0.0,Mumbai,60.0,Naukri,3.1,18.0,"Healthcare, Analytical, Data management",No,0.0,Mumbai,"['Healthcare', 'Analytical', 'Data Management']"
Aezion - Senior Data Architect - Data Modeling (8-20 yrs),Aezion.Inc,8-20 Yrs,8.0,20.0,Not Disclosed,0.0,0.0,"Bangalore / Bengaluru, Mysuru / Mysore, Coimbatore",30.0,hirist,5.0,1.0,"Data Architect, Data Modeling, SQL",No,0.0,Bengaluru,"['Data Architect', 'Data Modeling', 'Sql']"
Senior Data Analyst,Ajackus Consulting,4-9 Yrs,4.0,9.0,Not Disclosed,0.0,0.0,India,28.0,Naukri,4.0,1.0,"Google Data Studio, Power Bi, MySQL",No,0.0,India,"['Google Data Studio', 'Power Bi', 'Mysql']"
Data Analyst,Airvin Skills,Not Specified,0.0,0.0,Not Disclosed,0.0,0.0,Not Specified,22.0,Naukri,2.2,5.0,Not Specified,No,0.0,Not Specified,[]
Data Science Engineer - Machine Learning/NLP (5-10 yrs),Consulting Pandits,5-10 Yrs,5.0,10.0,Not Disclosed,0.0,0.0,Pune,60.0,hirist,5.0,2.0,"Data Science, Data Scientist, Machine Learning",No,0.0,Pune,"['Data Science', 'Data Scientist', 'Machine Learning']"
Data Analyst,Nurturing Green Retail Pvt. Ltd,4-9 Yrs,4.0,9.0,Not Disclosed,0.0,0.0,Noida,365.0,Naukri,3.8,25.0,"Macros, Data mining, Data collection",No,0.0,Noida,"['Macros', 'Data Mining', 'Data Collection']"
Data Analyst,Cointab,1-3 Yrs,1.0,3.0,Not Disclosed,0.0,0.0,"Mumbai, Maldah / Malda",365.0,Naukri,4.1,14.0,C,No,0.0,Mumbai,['C']
MIS & Data Analysts,Innovative IT Initiatives,3-8 Yrs,3.0,8.0,Not Disclosed,0.0,0.0,Mohali,365.0,Naukri,3.6,30.0,"MIS, MS Access, Monitoring",No,0.0,Mohali,"['Mis', 'Ms Access', 'Monitoring']"
Staff Business and Data Analyst - Power BI Developer,Service Now Planet,2-6 Yrs,2.0,6.0,Not Disclosed,0.0,0.0,Hyderabad / Secunderabad,30.0,Naukri,5.0,1.0,"SQL, Agile, Scrum",No,0.0,Hyderabad,"['Sql', 'Agile', 'Scrum']"
Data Analyst,Eagle Forgings,0-1 Yrs,0.0,1.0,₹ 1.25 - 2L/yr,125000.0,200000.0,Noida,30.0,Naukri,2.5,6.0,Digital Marketing,Yes,162500.0,Noida,['Digital Marketing']
Haleon - Data Analyst (4-8 yrs),Haleon,4-8 Yrs,4.0,8.0,Not Disclosed,0.0,0.0,Gurgaon / Gurugram,60.0,iimjobs,3.5,68.0,"Analytics, Data Analytics, Consulting - Healthcare",No,0.0,Gurugram,"['Analytics', 'Data Analytics', 'Consulting - Healthcare']"
Data Analyst,InOpen Technologies,1-3 Yrs,1.0,3.0,Not Disclosed,0.0,0.0,Hyderabad / Secunderabad,25.0,Naukri,2.9,2.0,"metadata, python, data analysis",No,0.0,Hyderabad,"['Metadata', 'Python', 'Data Analysis']"
Oracle HCM Data Analyst,AVTECH Software Services,1-7 Yrs,1.0,7.0,Not Disclosed,0.0,0.0,Remote,60.0,Naukri,4.5,4.0,"Data Analyst, Oracle, Data structures",No,0.0,Remote,"['Data Analyst', 'Oracle', 'Data Structures']"
Lead Data Analyst/Scientist Python Appzlogic,Appzlogic Mobility Solutions Pvt Ltd,6-8 Yrs,6.0,8.0,Not Disclosed,0.0,0.0,Noida,300.0,Naukri,3.8,26.0,"lead data analyst, Python, Coding",No,0.0,Noida,"['Lead Data Analyst', 'Python', 'Coding']"
Consultant - Data Analyst,RGA,0-1 Yrs,0.0,1.0,Not Disclosed,0.0,0.0,Mumbai,365.0,Naukri,4.4,8.0,"Reconciliation, SAS, Underwriting",No,0.0,Mumbai,"['Reconciliation', 'Sas', 'Underwriting']"
Data Analyst,Response Informatics,1-4 Yrs,1.0,4.0,Not Disclosed,0.0,0.0,Hyderabad / Secunderabad,365.0,Naukri,3.9,19.0,"SQL, Actuarial, Continuous improvement",No,0.0,Hyderabad,"['Sql', 'Actuarial', 'Continuous Improvement']"
"Data Analyst, Reinsurance Administration",RGA,2-4 Yrs,2.0,4.0,Not Disclosed,0.0,0.0,Mumbai,90.0,Naukri,4.4,8.0,"Underwriting, Claims, Actuarial",No,0.0,Mumbai,"['Underwriting', 'Claims', 'Actuarial']"
Data Analyst,Response Informatics,5-10 Yrs,5.0,10.0,Not Disclosed,0.0,0.0,"Chennai, Pune, New Delhi
													+4 more",90.0,Naukri,3.9,19.0,"Microstrategy, data visualization, Data analytics",No,0.0,Chennai,"['Microstrategy', 'Data Visualization', 'Data Analytics']"
Data Analyst - Python/Power BI (1-3 yrs),Info Origin Inc,1-3 Yrs,1.0,3.0,Not Disclosed,0.0,0.0,Bangalore / Bengaluru,90.0,hirist,4.2,11.0,"Data Analyst, Data Analytics, Python",No,0.0,Bengaluru,"['Data Analyst', 'Data Analytics', 'Python']"
Scrum Master,Appzlogic Mobility Solutions Pvt Ltd,10-20 Yrs,10.0,20.0,Not Disclosed,0.0,0.0,Noida,300.0,Naukri,3.8,26.0,"Workflow, Scrum, JIRA",No,0.0,Noida,"['Workflow', 'Scrum', 'Jira']"
Senior Data Analyst,RGA,2-4 Yrs,2.0,4.0,Not Disclosed,0.0,0.0,Mumbai,730.0,Naukri,4.4,8.0,"Data Management, Finance, Data Quality",No,0.0,Mumbai,"['Data Management', 'Finance', 'Data Quality']"
GIS Data Analyst,Carifer Technologies Private Limited,1-3 Yrs,1.0,3.0,Not Disclosed,0.0,0.0,Erode,365.0,Naukri,4.4,8.0,"MS Office, Consulting, SAN",No,0.0,Erode,"['Ms Office', 'Consulting', 'San']"
Data Analyst,Intuitive Apps,6-11 Yrs,6.0,11.0,Not Disclosed,0.0,0.0,Gurgaon / Gurugram,240.0,Naukri,5.0,4.0,"Data analysis, UML, Cognos",No,0.0,Gurugram,"['Data Analysis', 'Uml', 'Cognos']"
Senior Business Data Analyst,NthInsight Technologies,3-8 Yrs,3.0,8.0,Not Disclosed,0.0,0.0,Bangalore / Bengaluru,30.0,Naukri,4.0,1.0,"Business Data Analyst, Analytics, Usage",No,0.0,Bengaluru,"['Business Data Analyst', 'Analytics', 'Usage']"
Senior Data Analyst,Paradigm Inc,2-5 Yrs,2.0,5.0,Not Disclosed,0.0,0.0,Remote,30.0,Naukri,4.0,1.0,"Clinical research, Pharma, Analytical",No,0.0,Remote,"['Clinical Research', 'Pharma', 'Analytical']"
Health Care Data Analyst / BA,Y&L Consulting,8-13 Yrs,8.0,13.0,₹ 12 - 22L/yr,1200000.0,2200000.0,Hyderabad / Secunderabad,30.0,Naukri,3.9,0.0,"data analysis, Power BI, SAS",Yes,1700000.0,Hyderabad,"['Data Analysis', 'Power Bi', 'Sas']"
Data Analyst SAS,Intileo Technologies,8-13 Yrs,8.0,13.0,Not Disclosed,0.0,0.0,"Bangalore / Bengaluru, Kolkata",0.0,Naukri,3.9,0.0,"Base SAS, Risk data, Pyspark",No,0.0,Bengaluru,"['Base Sas', 'Risk Data', 'Pyspark']"
Data Analyst - US MNC (analytics),Aspyra Hr Services,3-8 Yrs,3.0,8.0,₹ 15 - 30L/yr,1500000.0,3000000.0,"Pune, Bangalore / Bengaluru",0.0,Naukri,3.9,0.0,"Business Intelligence, hql, Business Analytics",Yes,2250000.0,Pune,"['Business Intelligence', 'Hql', 'Business Analytics']"
Data Analyst,Aliqan Services,7-10 Yrs,7.0,10.0,₹ 22.5 - 35L/yr,2250000.0,3500000.0,"Pune, Mumbai",10.0,Naukri,3.9,0.0,"Procurement, Data Loader, Fieldglass",Yes,2875000.0,Pune,"['Procurement', 'Data Loader', 'Fieldglass']"
Data Analyst- Biostatistics- cancer,Odigoshub,8-12 Yrs,8.0,12.0,₹ 13 - 20L/yr,1300000.0,2000000.0,Navi Mumbai,1.0,Naukri,3.9,0.0,"Pivot Table, R platform, Data Analytics",Yes,1650000.0,Navi Mumbai,"['Pivot Table', 'R Platform', 'Data Analytics']"
Business Analyst & Data Analyst Data Science Only Freshers Can Apply,Techgimini,0-1 Yrs,0.0,1.0,₹ 4.75 - 7L/yr,475000.0,700000.0,Pune,1.0,Naukri,3.9,0.0,"Crm Systems, ERP, System Analysis",Yes,587500.0,Pune,"['Crm Systems', 'Erp', 'System Analysis']"
Data Analyst - Power BI,Gramener IT Services,5-10 Yrs,5.0,10.0,Not Disclosed,0.0,0.0,Hyderabad / Secunderabad,300.0,Naukri,3.5,6.0,"SAP, GCP, CMIS",No,0.0,Hyderabad,"['Sap', 'Gcp', 'Cmis']"
Data Analyst - Power BI,Gramener IT Services,5-10 Yrs,5.0,10.0,Not Disclosed,0.0,0.0,"Bangalore / Bengaluru, Coimbatore, Hyderabad / Secunderabad",300.0,Naukri,3.5,6.0,"Web designing, Web development, Usability testing",No,0.0,Bengaluru,"['Web Designing', 'Web Development', 'Usability Testing']"
Data Analyst - Power BI,Gramener IT Services,5-9 Yrs,5.0,9.0,Not Disclosed,0.0,0.0,"Bangalore / Bengaluru, Coimbatore, Hyderabad / Secunderabad",300.0,Naukri,3.5,6.0,"Application development, MIN",No,0.0,Bengaluru,"['Application Development', 'Min']"
APIC & DataPower Developer,Gramener IT Services,4-9 Yrs,4.0,9.0,Not Disclosed,0.0,0.0,"Chennai, Hyderabad / Secunderabad",365.0,Naukri,3.5,6.0,"Data modeling, Excel, SQL queries",No,0.0,Chennai,"['Data Modeling', 'Excel', 'Sql Queries']"
Data Analyst,iXie Gaming,2-4 Yrs,2.0,4.0,Not Disclosed,0.0,0.0,Hyderabad / Secunderabad,180.0,Naukri,4.0,14.0,"SQL, Monitoring, Python",No,0.0,Hyderabad,"['Sql', 'Monitoring', 'Python']"
Data Analyst,iXie Gaming,2-4 Yrs,2.0,4.0,Not Disclosed,0.0,0.0,Hyderabad / Secunderabad,180.0,Naukri,4.0,14.0,"Data Analyst, SQL, CRM",No,0.0,Hyderabad,"['Data Analyst', 'Sql', 'Crm']"
Data Analyst,iXie Gaming,2-7 Yrs,2.0,7.0,Not Disclosed,0.0,0.0,Hyderabad / Secunderabad,180.0,Naukri,4.0,14.0,"Data Analyst, SQL, CRM",No,0.0,Hyderabad,"['Data Analyst', 'Sql', 'Crm']"
Data Analyst - Tableau,iXie Gaming,4-9 Yrs,4.0,9.0,Not Disclosed,0.0,0.0,Chennai,180.0,Naukri,4.0,14.0,"SAN, SAS, SOC",No,0.0,Chennai,"['San', 'Sas', 'Soc']"
Data Analyst,iXie Gaming,4-9 Yrs,4.0,9.0,Not Disclosed,0.0,0.0,Chennai,150.0,Naukri,4.0,14.0,"SQL, CRM, Python",No,0.0,Chennai,"['Sql', 'Crm', 'Python']"
Data Analyst,iXie Gaming,4-9 Yrs,4.0,9.0,Not Disclosed,0.0,0.0,Bangalore / Bengaluru,180.0,Naukri,4.0,14.0,"Data Analyst, CRM, Python",No,0.0,Bengaluru,"['Data Analyst', 'Crm', 'Python']"
Data Analyst,iXie Gaming,5-10 Yrs,5.0,10.0,Not Disclosed,0.0,0.0,Hyderabad / Secunderabad,180.0,Naukri,4.0,14.0,"Data Analyst, SQL, CRM",No,0.0,Hyderabad,"['Data Analyst', 'Sql', 'Crm']"
Data Analyst,iXie Gaming,4-9 Yrs,4.0,9.0,Not Disclosed,0.0,0.0,Chennai,180.0,Naukri,4.0,14.0,"IT services, Computer science, tableau",No,0.0,Chennai,"['It Services', 'Computer Science', 'Tableau']"
Data Analyst,iXie Gaming,1-3 Yrs,1.0,3.0,Not Disclosed,0.0,0.0,Bangalore / Bengaluru,240.0,Naukri,4.0,14.0,"CRM, SAN, SOC",No,0.0,Bengaluru,"['Crm', 'San', 'Soc']"
Data Analyst - R/Python (3-7 yrs),RapidBraiins,3-7 Yrs,3.0,7.0,Not Disclosed,0.0,0.0,Remote,2.0,hirist,3.9,0.0,"Data Analyst, Data Analytics, R",No,0.0,Remote,"['Data Analyst', 'Data Analytics', 'R']"
Senior Data Analyst! Salary 60k,Indu Kumari,7-12 Yrs,7.0,12.0,₹ 3 - 6.5L/yr,300000.0,650000.0,Palwal,2.0,Naukri,3.9,0.0,"Google Data Studio, Google Analytics, Google scripts",Yes,475000.0,Palwal,"['Google Data Studio', 'Google Analytics', 'Google Scripts']"
Data Analyst (fresher) - magarpatta Pune - immediate joiner,Insight Consultancy Services,Not Specified,0.0,0.0,Not Disclosed,0.0,0.0,Not Specified,2.0,Naukri,3.9,0.0,Not Specified,No,0.0,Not Specified,[]
Data Analyst,Gamenation,1-5 Yrs,1.0,5.0,₹ 2 - 4.5L/yr,200000.0,450000.0,Chennai,2.0,Naukri,1.0,1.0,"Communication Skills, Data Integrity, Report Development",Yes,325000.0,Chennai,"['Communication Skills', 'Data Integrity', 'Report Development']"
Global Compensation Analyst,Jumpcloud,4-5 Yrs,4.0,5.0,Not Disclosed,0.0,0.0,"Pune, New Delhi, Mumbai
													+2 more",30.0,Naukri,3.6,4.0,"compensation analyst, HRIS, Data Analyst",No,0.0,Pune,"['Compensation Analyst', 'Hris', 'Data Analyst']"
Data Analyst,Shell Infotech,5-10 Yrs,5.0,10.0,₹ 25 - 27.5L/yr,2500000.0,2750000.0,Bangalore Rural,2.0,Naukri,3.9,0.0,"Risk data, Basel, SAS",Yes,2625000.0,Bengaluru,"['Risk Data', 'Basel', 'Sas']"
People Analytics Data Analyst,MetaforgeIT solutions,4-6 Yrs,4.0,6.0,₹ 12 - 14L/yr,1200000.0,1400000.0,Hyderabad / Secunderabad,2.0,Naukri,3.9,0.0,"Analytical Skills, Data Extraction, WorkDay",Yes,1300000.0,Hyderabad,"['Analytical Skills', 'Data Extraction', 'Workday']"
Con - Data Analyst ( Python + SQL - must ),Pylon Management Consulting,2-4 Yrs,2.0,4.0,₹ 3.6 - 16.1L/yr (AmbitionBox estimate),360000.0,1610000.0000000002,Bangalore Rural,2.0,Naukri,3.9,0.0,"power BI reporting, Excel, tableau reporting",Yes,985000.0,Bengaluru,"['Power Bi Reporting', 'Excel', 'Tableau Reporting']"
Data Analyst (Tableau/BI/CRMA),Databricks,4-9 Yrs,4.0,9.0,Not Disclosed,0.0,0.0,Bangalore / Bengaluru,60.0,Naukri,2.6,11.0,"SAN, Data analysis, Data modeling",No,0.0,Bengaluru,"['San', 'Data Analysis', 'Data Modeling']"
Data Analyst with an Insurance Company,The Recruiters,1-3 Yrs,1.0,3.0,₹ 7 - 10L/yr,700000.0,1000000.0,Kolkata,2.0,Naukri,3.9,0.0,"Power Bi, Data Analysis, Advanced Excel",Yes,850000.0,Kolkata,"['Power Bi', 'Data Analysis', 'Advanced Excel']"
Senior Data Analyst,Quation Solutions Pvt Ltd,4-9 Yrs,4.0,9.0,Not Disclosed,0.0,0.0,Chennai,30.0,Naukri,4.4,2.0,"SQL, HTML, Business analysis",No,0.0,Chennai,"['Sql', 'Html', 'Business Analysis']"
Wayfair - Lead Analyst - SQL/Python (4-8 yrs),Wayfair,4-8 Yrs,4.0,8.0,Not Disclosed,0.0,0.0,Bangalore / Bengaluru,60.0,hirist,4.0,12.0,"SQL, Hive, Spark",No,0.0,Bengaluru,"['Sql', 'Hive', 'Spark']"
Data Modeller/Data Analyst (5-12 yrs),VIDPRO CONSULTANCY SERVICES,5-12 Yrs,5.0,12.0,Not Disclosed,0.0,0.0,"Bangalore / Bengaluru, Kolkata, Chennai
													+2 more",3.0,hirist,3.9,0.0,"Data Warehousing, Data Modeling, Data Visualization",No,0.0,Bengaluru,"['Data Warehousing', 'Data Modeling', 'Data Visualization']"
Data Analyst/Senior Data Analyst/Data Scientist - Bank (2-8 yrs),Steps,2-8 Yrs,2.0,8.0,Not Disclosed,0.0,0.0,Mumbai,3.0,iimjobs,3.9,0.0,"Data Analytics, Analytics, Data Scientist",No,0.0,Mumbai,"['Data Analytics', 'Analytics', 'Data Scientist']"
Data Integration Analyst - Talend/ETL (2-4 yrs),TalentXo,2-4 Yrs,2.0,4.0,Not Disclosed,0.0,0.0,Bangalore / Bengaluru,60.0,hirist,2.9,20.0,"Data Integration, Data Analyst, ETL",No,0.0,Bengaluru,"['Data Integration', 'Data Analyst', 'Etl']"
Data Analyst - NBFC (7-15 yrs),The BIG Advantage,7-15 Yrs,7.0,15.0,Not Disclosed,0.0,0.0,Mumbai,3.0,iimjobs,3.9,0.0,"Data Analytics, Analytics, Data Science",No,0.0,Mumbai,"['Data Analytics', 'Analytics', 'Data Science']"
Data Analyst || Immediate Joiner,Hiresquad Resources,4-9 Yrs,4.0,9.0,₹ 4 - 8.5L/yr,400000.0,850000.0,"Chennai, Bangalore / Bengaluru",3.0,Naukri,3.9,0.0,"Power Bi, Alteryx, Tableau",Yes,625000.0,Chennai,"['Power Bi', 'Alteryx', 'Tableau']"
Data Analyst,Xoom Inc,3-6 Yrs,3.0,6.0,Not Disclosed,0.0,0.0,Hyderabad / Secunderabad,3.0,Naukri,3.9,0.0,"Computer science, Data analysis, Machine learning",No,0.0,Hyderabad,"['Computer Science', 'Data Analysis', 'Machine Learning']"
Data Analyst,BOMBAY PLAY PRIVATE LIMITED,0-3 Yrs,0.0,3.0,Not Disclosed,0.0,0.0,Bangalore / Bengaluru,150.0,Naukri,4.5,6.0,C,No,0.0,Bengaluru,['C']
Marketing Data Analyst,Headspin Technologies Private Limited,2-4 Yrs,2.0,4.0,Not Disclosed,0.0,0.0,Remote,300.0,Naukri,4.0,12.0,"Data Analyst, CRM, Data analysis",No,0.0,Remote,"['Data Analyst', 'Crm', 'Data Analysis']"
Data Analyst,Herijobs,3-5 Yrs,3.0,5.0,₹ 2.5 - 3.75L/yr,250000.0,375000.0,Surat,3.0,Naukri,3.9,0.0,"Pivot Table, VLOOKUP, Data Analysis",Yes,312500.0,Surat,"['Pivot Table', 'Vlookup', 'Data Analysis']"
Data Scientist/ Data Analyst,Keenedge Hr Solutions,8-10 Yrs,8.0,10.0,₹ 25 - 30L/yr,2500000.0,3000000.0,New Delhi,3.0,Naukri,3.9,0.0,"Tensorflow, Power Bi, Aws Cloud",Yes,2750000.0,Delhi,"['Tensorflow', 'Power Bi', 'Aws Cloud']"
Data Analyst,Hiresquad Resources,4-9 Yrs,4.0,9.0,₹ 7 - 17L/yr,700000.0,1700000.0,"Chennai, Bangalore / Bengaluru",3.0,Naukri,3.9,0.0,"Power BI, Tableau, SQL",Yes,1200000.0,Chennai,"['Power Bi', 'Tableau', 'Sql']"
Data Analyst - Sales,Enticement Infrastructure,4-8 Yrs,4.0,8.0,₹ 5 - 8.5L/yr,500000.0,850000.0,Noida,3.0,Naukri,3.9,0.0,"Sales Mis, MS Access, MIS",Yes,675000.0,Noida,"['Sales Mis', 'Ms Access', 'Mis']"
Tableau Developer - Business Intelligence (3-5 yrs),D Square Consulting Service,3-5 Yrs,3.0,5.0,Not Disclosed,0.0,0.0,"Mumbai, Pune",4.0,hirist,1.0,1.0,"Tableau, Qlikview, Power BI",No,0.0,Mumbai,"['Tableau', 'Qlikview', 'Power Bi']"
Tableau Developer - Business Intelligence (3-5 yrs),D Square Consulting Service,3-5 Yrs,3.0,5.0,Not Disclosed,0.0,0.0,"Mumbai, Pune",4.0,hirist,1.0,1.0,"Tableau, Qlikview, Power BI",No,0.0,Mumbai,"['Tableau', 'Qlikview', 'Power Bi']"
Data Analyst || Data Scientist,Allegis Global Solutions (india),4-9 Yrs,4.0,9.0,₹ 0.9 - 44L/yr (AmbitionBox estimate),90000.0,4400000.0,"Bangalore / Bengaluru, Hyderabad / Secunderabad, Kolkata",4.0,Naukri,3.9,0.0,"sas, GCP, Alteryx",Yes,2245000.0,Bengaluru,"['Sas', 'Gcp', 'Alteryx']"
Data Analyst,KR3 Information Systems,5-10 Yrs,5.0,10.0,Not Disclosed,0.0,0.0,Noida,4.0,Naukri,3.9,0.0,"Tableau dashboard, SQL Queries, Tableau",No,0.0,Noida,"['Tableau Dashboard', 'Sql Queries', 'Tableau']"
Reliability Data Analyst,PinnacleART,1-6 Yrs,1.0,6.0,Not Disclosed,0.0,0.0,Hyderabad / Secunderabad,4.0,Naukri,3.9,0.0,"Mining, Technical writing, Fixed assets",No,0.0,Hyderabad,"['Mining', 'Technical Writing', 'Fixed Assets']"
Big Data Analyst,500 Apps,1-4 Yrs,1.0,4.0,₹ 6.5 - 12L/yr,650000.0,1200000.0,"Chennai, Pune, Delhi/Ncr
													+5 more",4.0,Naukri,1.0,1.0,"Big Data Analytics, Big Data Testing, Big Data",Yes,925000.0,Chennai,"['Big Data Analytics', 'Big Data Testing', 'Big Data']"
Data Analyst,Meadowsweet Organics Llp,0-5 Yrs,0.0,5.0,₹ 5 - 12L/yr,500000.0,1200000.0,"Pune, Bangalore / Bengaluru, Hyderabad / Secunderabad",4.0,Naukri,3.9,0.0,"Project Management, Data Cleaning and Preparation, Data Management",Yes,850000.0,Pune,"['Project Management', 'Data Cleaning And Preparation', 'Data Management']"
Data Analyst - ABS Investment Research,MG GLOBAL,1-3 Yrs,1.0,3.0,Not Disclosed,0.0,0.0,Mumbai,30.0,Naukri,3.6,4.0,"Customer service, Auditing, Loans",No,0.0,Mumbai,"['Customer Service', 'Auditing', 'Loans']"
Urgent | Data analyst- Goregaon,Topgear Consultants,4-9 Yrs,4.0,9.0,₹ 4.5 - 9.5L/yr,450000.0,950000.0,"Thane, Goregaon, Mumbai",4.0,Naukri,3.9,0.0,"Data Intelligence, SAS, Power Bi",Yes,700000.0,Thane,"['Data Intelligence', 'Sas', 'Power Bi']"
Data Analyst,Orion Edutech,2-3 Yrs,2.0,3.0,₹ 2 - 3L/yr,200000.0,300000.0,Kolkata,4.0,Naukri,3.9,0.0,"Client Coordination, Data Management, Advanced Excel",Yes,250000.0,Kolkata,"['Client Coordination', 'Data Management', 'Advanced Excel']"
Senior Data Analyst,Vision Unlimited,1-6 Yrs,1.0,6.0,₹ 3 - 6L/yr,300000.0,600000.0,"Mohali, Chandigarh",4.0,Naukri,3.9,0.0,"Business Analytics, Data Analysis, Advanced Excel",Yes,450000.0,Mohali,"['Business Analytics', 'Data Analysis', 'Advanced Excel']"
Technical Data Analyst,American InfoSource Business Solutions Pvt Ltd,1-3 Yrs,1.0,3.0,Not Disclosed,0.0,0.0,Vadodara,120.0,Naukri,3.4,47.0,"Financial services, SQL, Python",No,0.0,Vadodara,"['Financial Services', 'Sql', 'Python']"
Clinical Data Analyst & Auditing Specialist,ZignaAI,5-10 Yrs,5.0,10.0,Not Disclosed,0.0,0.0,Hyderabad / Secunderabad,270.0,Naukri,4.8,4.0,"Clinical Data Analyst, Auditing, Billing",No,0.0,Hyderabad,"['Clinical Data Analyst', 'Auditing', 'Billing']"
Medical Data Analyst,ARDEM Data Services Private Limited,1-3 Yrs,1.0,3.0,Not Disclosed,0.0,0.0,Lucknow,300.0,Naukri,3.3,116.0,"Data entry, Healthcare, Process improvement",No,0.0,Lucknow,"['Data Entry', 'Healthcare', 'Process Improvement']"
Data Modelling Developer,Redgrape Business Services,1-3 Yrs,1.0,3.0,Not Disclosed,0.0,0.0,Chennai,365.0,Naukri,3.8,15.0,"Data Analyst, Outbound, Telemarketing",No,0.0,Chennai,"['Data Analyst', 'Outbound', 'Telemarketing']"
Data Analyst,HEXONICA,3-5 Yrs,3.0,5.0,Not Disclosed,0.0,0.0,Pune,1460.0,Naukri,4.3,7.0,"SQL, Troubleshooting, Data modeling",No,0.0,Pune,"['Sql', 'Troubleshooting', 'Data Modeling']"
Data Analyst - Python/SQL Server (2-5 yrs),Huquo,2-5 Yrs,2.0,5.0,Not Disclosed,0.0,0.0,Gurgaon / Gurugram,60.0,hirist,3.8,14.0,"SQL Server, Data Analyst, Data Analytics",No,0.0,Gurugram,"['Sql Server', 'Data Analyst', 'Data Analytics']"
Data Analyst Intern,Mylaorganics,0-1 Yrs,0.0,1.0,Not Disclosed,0.0,0.0,Hyderabad / Secunderabad,5.0,Naukri,3.9,0.0,"Communication Skills, computer, Spoken English",No,0.0,Hyderabad,"['Communication Skills', 'Computer', 'Spoken English']"
Senior Business Analyst/Data Analyst,Live Connections,5-9 Yrs,5.0,9.0,Not Disclosed,0.0,0.0,Hyderabad / Secunderabad,5.0,Naukri,3.9,0.0,"Powerpoint, SQL",No,0.0,Hyderabad,"['Powerpoint', 'Sql']"
Data Analyst,Yuva Hr Services,3-4 Yrs,3.0,4.0,₹ 5 - 8L/yr,500000.0,800000.0,Kolkata,5.0,Naukri,3.9,0.0,"SQL Server Analysis Services, SQL Server Development, SQL Server Reporting Services",Yes,650000.0,Kolkata,"['Sql Server Analysis Services', 'Sql Server Development', 'Sql Server Reporting Services']"
R&D Process Data Engineer / Data Analyst (  Female ONLY  @ Oragadam ),Adonis Recruitment Consultants,3-8 Yrs,3.0,8.0,₹ 8 - 12L/yr,800000.0,1200000.0,"Oragadam, Chennai, Sriperumbudur",5.0,Naukri,3.9,0.0,"Mathematics, Data Analyst, Statistics",Yes,1000000.0,Oragadam,"['Mathematics', 'Data Analyst', 'Statistics']"
Assistant Manager (Data Analyst / Corporate Strategy) - Bangalore,Workoid Consultants.,2-7 Yrs,2.0,7.0,₹ 9 - 11L/yr,900000.0,1100000.0,Bangalore / Bengaluru,5.0,Naukri,3.9,0.0,"Corporate Strategy, Business Strategy, Business Analyst",Yes,1000000.0,Bengaluru,"['Corporate Strategy', 'Business Strategy', 'Business Analyst']"
"Data Analytics - Python, SQL  3+ years - Mumbai",Crescendo Global Leadership Hiring India Private L Imited,3-8 Yrs,3.0,8.0,Not Disclosed,0.0,0.0,Mumbai,5.0,Naukri,3.9,0.0,"Fintech, Bfsi, DASHBOARDING",No,0.0,Mumbai,"['Fintech', 'Bfsi', 'Dashboarding']"
Tariff Analyst - SQL/Python (2-4 yrs),TechTiv Software Solutions,2-4 Yrs,2.0,4.0,Not Disclosed,0.0,0.0,Pune,6.0,hirist,3.9,0.0,"Data Analyst, Data Analytics, Macros",No,0.0,Pune,"['Data Analyst', 'Data Analytics', 'Macros']"
Tableau Developer - Data Visualization (4-6 yrs),TechTiv Software Solutions,4-6 Yrs,4.0,6.0,Not Disclosed,0.0,0.0,"Mumbai, Pune",6.0,hirist,3.9,0.0,"Tableau, Data Analyst, Data Analytics",No,0.0,Mumbai,"['Tableau', 'Data Analyst', 'Data Analytics']"
HR Analytics,LEVARAGE BUSINESS SOLUTIONS,4-8 Yrs,4.0,8.0,₹ 2.52 - 48L/yr (AmbitionBox estimate),252000.0,4800000.0,Bangalore / Bengaluru,6.0,Naukri,3.9,0.0,"Excel, People Analytics, PowerBI",Yes,2526000.0,Bengaluru,"['Excel', 'People Analytics', 'Powerbi']"
Business Data Analyst,Aram Logistics Solutions,3-7 Yrs,3.0,7.0,Not Disclosed,0.0,0.0,Coimbatore,6.0,Naukri,3.9,0.0,"Power Bi, SAS, Data Cleansing",No,0.0,Coimbatore,"['Power Bi', 'Sas', 'Data Cleansing']"
Data Analyst/Processing Specialist,Prakhar Software Solutions,2-5 Yrs,2.0,5.0,Not Disclosed,0.0,0.0,New Delhi,180.0,Naukri,3.3,54.0,"Data Analyst, Data analysis, Manager Quality Assurance",No,0.0,Delhi,"['Data Analyst', 'Data Analysis', 'Manager Quality Assurance']"
Data Analyst,Prakhar Software Solutions,2-4 Yrs,2.0,4.0,Not Disclosed,0.0,0.0,New Delhi,240.0,Naukri,3.3,54.0,"Manager Quality Assurance, Data analysis, Analytical",No,0.0,Delhi,"['Manager Quality Assurance', 'Data Analysis', 'Analytical']"
"BI Data Analyst, Pan India",Lingaro Group,2-5 Yrs,2.0,5.0,Not Disclosed,0.0,0.0,Remote,730.0,Naukri,4.2,8.0,Data Analyst,No,0.0,Remote,['Data Analyst']
BA Data Analyst,Ditstek Innovation Pvt. Ltd.,8-10 Yrs,8.0,10.0,Not Disclosed,0.0,0.0,Mohali,6.0,Naukri,3.9,0.0,"analytics reporting, Azure, data analysis",No,0.0,Mohali,"['Analytics Reporting', 'Azure', 'Data Analysis']"
Senior Data Analyst | Celonis | Mumbai | MNC | Direct Payroll |,Innovation Consulting Services,4-7 Yrs,4.0,7.0,₹ 18 - 22.5L/yr,1800000.0,2250000.0,Mumbai,6.0,Naukri,3.9,0.0,"Visualizing, Celonis, Integration",Yes,2025000.0,Mumbai,"['Visualizing', 'Celonis', 'Integration']"
Assistant Manager (Data Analyst) - Kolkata,Workoid Consultants.,2-7 Yrs,2.0,7.0,₹ 9 - 11L/yr,900000.0,1100000.0,Kolkata,6.0,Naukri,3.9,0.0,"Corporate Strategy, Business Strategy, Business Analyst",Yes,1000000.0,Kolkata,"['Corporate Strategy', 'Business Strategy', 'Business Analyst']"
Jr. Data Analyst,Allime Tech Solutions,4-6 Yrs,4.0,6.0,Not Disclosed,0.0,0.0,Chennai,6.0,Naukri,3.9,0.0,"Performance tuning, Data analysis, metadata",No,0.0,Chennai,"['Performance Tuning', 'Data Analysis', 'Metadata']"
Data Analyst - US Banking (4-8 yrs),Resourcetree,4-8 Yrs,4.0,8.0,Not Disclosed,0.0,0.0,"Mumbai, Bangalore / Bengaluru, Hyderabad / Secunderabad
													+3 more",7.0,iimjobs,3.9,0.0,"Analytics, Data Analytics, Data Management",No,0.0,Mumbai,"['Analytics', 'Data Analytics', 'Data Management']"
Data Analyst - Insurance (2-6 yrs),Serving Skill,2-6 Yrs,2.0,6.0,Not Disclosed,0.0,0.0,Mumbai,7.0,iimjobs,3.9,0.0,"Analytics, Data Analytics, Consulting - BFSI",No,0.0,Mumbai,"['Analytics', 'Data Analytics', 'Consulting - Bfsi']"
Senior Data Analyst - Tableau/Power BI (5-7 yrs),TalentXo,5-7 Yrs,5.0,7.0,Not Disclosed,0.0,0.0,"Bangalore / Bengaluru, Hyderabad / Secunderabad",60.0,hirist,2.9,20.0,"Data Analyst, SQL, MySQL",No,0.0,Bengaluru,"['Data Analyst', 'Sql', 'Mysql']"
Data Analyst,Xyle,0-1 Yrs,0.0,1.0,₹ 4 - 4.5L/yr,400000.0,450000.0,Gurgaon / Gurugram,7.0,Naukri,3.9,0.0,"Google Sheets, Communication Skills, MS Excel",Yes,425000.0,Gurugram,"['Google Sheets', 'Communication Skills', 'Ms Excel']"
BI Data Analyst - AVK,Avk tech solutions,5-10 Yrs,5.0,10.0,Not Disclosed,0.0,0.0,Hyderabad / Secunderabad,120.0,Naukri,4.7,4.0,"SQL, Python, Data analysis",No,0.0,Hyderabad,"['Sql', 'Python', 'Data Analysis']"
Data Analyst Intern (UnPaid),Saveo,0-1 Yrs,0.0,1.0,Not Disclosed,0.0,0.0,Bangalore / Bengaluru,120.0,Naukri,3.3,57.0,"Procurement, Manager Quality Assurance, Supply chain",No,0.0,Bengaluru,"['Procurement', 'Manager Quality Assurance', 'Supply Chain']"
Data Analyst,Essenware Private Limted,1-3 Yrs,1.0,3.0,Not Disclosed,0.0,0.0,Bangalore / Bengaluru,240.0,Naukri,4.7,4.0,"Data analysis, Statistical analysis, data science",No,0.0,Bengaluru,"['Data Analysis', 'Statistical Analysis', 'Data Science']"
Lead Data Analyst - Associate Tech Specialist,Essenware Private Limted,2-4 Yrs,2.0,4.0,Not Disclosed,0.0,0.0,Pune,270.0,Naukri,4.7,4.0,"Business process, Basic, Statistical analysis",No,0.0,Pune,"['Business Process', 'Basic', 'Statistical Analysis']"
Data Analyst,Myyogateacher.com,2-2 Yrs,2.0,2.0,Not Disclosed,0.0,0.0,Bangalore / Bengaluru,330.0,Naukri,4.7,4.0,"SQL, Javascript, XML",No,0.0,Bengaluru,"['Sql', 'Javascript', 'Xml']"
SQL Data Analyst,Essenware Private Limted,7-12 Yrs,7.0,12.0,Not Disclosed,0.0,0.0,Hyderabad / Secunderabad,365.0,Naukri,4.7,4.0,"Data analysis, Payroll, Excel",No,0.0,Hyderabad,"['Data Analysis', 'Payroll', 'Excel']"
Data Analyst,Essenware Private Limted,1-3 Yrs,1.0,3.0,Not Disclosed,0.0,0.0,Hyderabad / Secunderabad,365.0,Naukri,4.7,4.0,"Support Analyst, Data Analyst",No,0.0,Hyderabad,"['Support Analyst', 'Data Analyst']"
Data Analyst,Essenware Private Limted,1-3 Yrs,1.0,3.0,Not Disclosed,0.0,0.0,Mumbai,365.0,Naukri,4.7,4.0,"Support Analyst, Data Analyst",No,0.0,Mumbai,"['Support Analyst', 'Data Analyst']"
Sr. Data Analyst,Essenware Private Limted,8-9 Yrs,8.0,9.0,Not Disclosed,0.0,0.0,Hyderabad / Secunderabad,365.0,Naukri,4.7,4.0,"Performance tuning, Outbound, Data conversion",No,0.0,Hyderabad,"['Performance Tuning', 'Outbound', 'Data Conversion']"
Data Analyst,Essenware Private Limted,1-3 Yrs,1.0,3.0,Not Disclosed,0.0,0.0,Hyderabad / Secunderabad,365.0,Naukri,4.7,4.0,"Coding, Data modeling, spark",No,0.0,Hyderabad,"['Coding', 'Data Modeling', 'Spark']"
Data Analyst,CINDREBAY SCHOOL OF FASHION & INTERIOR DESIGN,1-4 Yrs,1.0,4.0,Not Disclosed,0.0,0.0,"Thiruvananthapuram, Lucknow, Indore
													+10 more",730.0,Naukri,3.8,16.0,"Data Analytics, Data Analysis, Data Collection Systems",No,0.0,Thiruvananthapuram,"['Data Analytics', 'Data Analysis', 'Data Collection Systems']"
Data Scientist,Myyogateacher.com,3-3 Yrs,3.0,3.0,Not Disclosed,0.0,0.0,Bangalore / Bengaluru,330.0,Naukri,4.7,4.0,"Data Analyst, SAS, Data processing",No,0.0,Bengaluru,"['Data Analyst', 'Sas', 'Data Processing']"
Sr. Data Analyst,Essenware Private Limted,2-4 Yrs,2.0,4.0,Not Disclosed,0.0,0.0,Bangalore / Bengaluru,365.0,Naukri,4.7,4.0,"automation framework, Telecom, Automation testing",No,0.0,Bengaluru,"['Automation Framework', 'Telecom', 'Automation Testing']"
Data Analyst,Essenware Private Limted,1-3 Yrs,1.0,3.0,Not Disclosed,0.0,0.0,Hyderabad / Secunderabad,365.0,Naukri,4.7,4.0,"Coding, Data modeling, spark",No,0.0,Hyderabad,"['Coding', 'Data Modeling', 'Spark']"
Data Analyst,CINDREBAY SCHOOL OF FASHION & INTERIOR DESIGN,1-4 Yrs,1.0,4.0,Not Disclosed,0.0,0.0,"Thiruvananthapuram, Lucknow, Indore
													+10 more",730.0,Naukri,3.8,16.0,"Data Analytics, Data Analysis, Data Collection Systems",No,0.0,Thiruvananthapuram,"['Data Analytics', 'Data Analysis', 'Data Collection Systems']"
Akaike Technologies - Senior Data Analyst (2-4 yrs),Akaike Technologies,2-4 Yrs,2.0,4.0,Not Disclosed,0.0,0.0,Bangalore / Bengaluru,30.0,hirist,3.8,3.0,"Data Analyst, Data Analytics, Product Analyst",No,0.0,Bengaluru,"['Data Analyst', 'Data Analytics', 'Product Analyst']"
Data Analyst - Business Intelligence (3-5 yrs),hCapital Business Consulting Private Limited,3-5 Yrs,3.0,5.0,Not Disclosed,0.0,0.0,"Mumbai, Bangalore / Bengaluru",60.0,hirist,3.3,29.0,"Data Analyst, Data Analytics, Azure",No,0.0,Mumbai,"['Data Analyst', 'Data Analytics', 'Azure']"
Data Analyst,Qualtop Solutions,2-3 Yrs,2.0,3.0,Not Disclosed,0.0,0.0,"Faridabad, Delhi/Ncr, Gurgaon / Gurugram",8.0,Naukri,3.9,0.0,"Data Transformation, Data Quality, Data Manipulation",No,0.0,Faridabad,"['Data Transformation', 'Data Quality', 'Data Manipulation']"
Data Analyst,Qualtop,2-3 Yrs,2.0,3.0,Not Disclosed,0.0,0.0,"Faridabad, Delhi/Ncr, Gurgaon / Gurugram",8.0,Naukri,3.9,0.0,"Data Transformation, Data Quality, Data Manipulation",No,0.0,Faridabad,"['Data Transformation', 'Data Quality', 'Data Manipulation']"
Data Analyst Employee Benefits Accounting,MG GLOBAL,1-4 Yrs,1.0,4.0,Not Disclosed,0.0,0.0,Mumbai,30.0,Naukri,3.6,4.0,"Payroll, Automation, Business transformation",No,0.0,Mumbai,"['Payroll', 'Automation', 'Business Transformation']"
Hiring For Business Analyst  Consultant _Females Only _ Permanent WFH,Orcapod Consulting Services,5-9 Yrs,5.0,9.0,₹ 2 - 3.25L/yr,200000.0,325000.0,India,8.0,Naukri,3.9,0.0,"business Analyst, Excel Spreadsheets, Google Sheets",Yes,262500.0,India,"['Business Analyst', 'Excel Spreadsheets', 'Google Sheets']"
Data Analyst/ Business Analyst - Chemical MNC - Mumbai,Purechase India,5-10 Yrs,5.0,10.0,₹ 12 - 18L/yr,1200000.0,1800000.0,"Mumbai suburbs, Mumbai",9.0,Naukri,3.9,0.0,"Data Research, Business Research, Business Analytics",Yes,1500000.0,Mumbai suburbs,"['Data Research', 'Business Research', 'Business Analytics']"
MIS Manager / DATA Analyst,Job Search,8-12 Yrs,8.0,12.0,₹ 8 - 12L/yr,800000.0,1200000.0,Mumbai,9.0,Naukri,3.9,0.0,"Real Estate Management, In4velocity ERP, MIS Operations",Yes,1000000.0,Mumbai,"['Real Estate Management', 'In4Velocity Erp', 'Mis Operations']"
Data Analyst / GCP Engineer,4Bell Technology,2-7 Yrs,2.0,7.0,₹ 2 - 7L/yr (AmbitionBox estimate),200000.0,700000.0,"Pune, Mumbai",9.0,Naukri,3.9,0.0,"T-SQL, Microsoft SSIS, Web API",Yes,450000.0,Pune,"['T-Sql', 'Microsoft Ssis', 'Web Api']"
Performance/Data Analyst-Listed Solar Energy Industry -Gurgaon,Hcapital,4-9 Yrs,4.0,9.0,₹ 22.5 - 25L/yr,2250000.0,2500000.0,Gurgaon / Gurugram,9.0,Naukri,3.9,0.0,"Performance Evaluation, Data Analysis, Data Analyst",Yes,2375000.0,Gurugram,"['Performance Evaluation', 'Data Analysis', 'Data Analyst']"
Data Management Executive; Location - Kinshasa DR Congo,Exponent Jobs,5-10 Yrs,5.0,10.0,₹ 6.5 - 8.5L/yr,650000.0,850000.0,Kinshasa,9.0,Naukri,3.9,0.0,"Google Data Studio, Google Sheets, MS Excel",Yes,750000.0,Kinshasa,"['Google Data Studio', 'Google Sheets', 'Ms Excel']"
Data Analyst,IDESLABS PRIVATE LIMITED,3-6 Yrs,3.0,6.0,Not Disclosed,0.0,0.0,Hyderabad / Secunderabad,270.0,Naukri,2.9,11.0,"data cleansing, Report generation, metadata",No,0.0,Hyderabad,"['Data Cleansing', 'Report Generation', 'Metadata']"
Sr. Data Analyst,IDESLABS PRIVATE LIMITED,8-9 Yrs,8.0,9.0,Not Disclosed,0.0,0.0,Hyderabad / Secunderabad,300.0,Naukri,2.9,11.0,"Performance tuning, Outbound, Data conversion",No,0.0,Hyderabad,"['Performance Tuning', 'Outbound', 'Data Conversion']"
Data Analyst,EMINENTURE PRIVATE LIMITED,1-4 Yrs,1.0,4.0,Not Disclosed,0.0,0.0,New Delhi,180.0,Naukri,2.5,22.0,"Outbound, VBA, VLOOKUP",No,0.0,Delhi,"['Outbound', 'Vba', 'Vlookup']"
Senior Data Analyst,Prevalent AI India Private Limited,4-9 Yrs,4.0,9.0,Not Disclosed,0.0,0.0,Cochin/Ernakulam/Kochi,300.0,Naukri,3.9,10.0,"Data analysis, SQL, Data mining",No,0.0,Cochin,"['Data Analysis', 'Sql', 'Data Mining']"
Senior Data Analyst,sRide Carpool,3-8 Yrs,3.0,8.0,Not Disclosed,0.0,0.0,"Chennai, Pune, New Delhi
													+3 more",730.0,Naukri,4.0,9.0,"SQL, HTML, Business intelligence",No,0.0,Chennai,"['Sql', 'Html', 'Business Intelligence']"
Data Analyst,hashtag infosystem,3-6 Yrs,3.0,6.0,Not Disclosed,0.0,0.0,Surat,120.0,Naukri,3.9,11.0,"advanced excel, communication skills, power bi",No,0.0,Surat,"['Advanced Excel', 'Communication Skills', 'Power Bi']"
Medical Data Abstractor,Multi Recruit,3-8 Yrs,3.0,8.0,₹ 10 - 12L/yr,1000000.0,1200000.0,Bangalore / Bengaluru,9.0,Naukri,3.9,0.0,"Medical Coding Analyst, Medical Data Analyst, Clinical Data Analyst",Yes,1100000.0,Bengaluru,"['Medical Coding Analyst', 'Medical Data Analyst', 'Clinical Data Analyst']"
Data Analyst,HTD Careers,Not Specified,0.0,0.0,₹ 3.25 - 8L/yr,325000.0,800000.0,Bangalore / Bengaluru,9.0,Naukri,3.9,0.0,"R, Power Bi, SAS",Yes,562500.0,Bengaluru,"['R', 'Power Bi', 'Sas']"
Alteryx Developer,Bsri Solutions,4-9 Yrs,4.0,9.0,₹ 10 - 17L/yr,1000000.0,1700000.0,Chennai,9.0,Naukri,3.9,0.0,"Data Wrangling, Alteryx, Hadoop",Yes,1350000.0,Chennai,"['Data Wrangling', 'Alteryx', 'Hadoop']"
Data Analyst (Preferably BFSI),Team Recruiters,4-7 Yrs,4.0,7.0,₹ 8 - 10L/yr,800000.0,1000000.0,Navi Mumbai,9.0,Naukri,3.9,0.0,"AdWords, Google Analytics, Data Studio",Yes,900000.0,Navi Mumbai,"['Adwords', 'Google Analytics', 'Data Studio']"
Walk-in Fresher's For -MIS /Data Analyst/Specialist/Leading IT Client.,Wisdom Bridge Consultants,0-5 Yrs,0.0,5.0,₹ 3.25 - 5L/yr,325000.0,500000.0,"Bangarapet, Bagepalli, Malur
													+6 more",9.0,Naukri,3.9,0.0,"Data Validation, MIS Preparation, Power Bi",Yes,412500.0,Bangarapet,"['Data Validation', 'Mis Preparation', 'Power Bi']"
Data Analyst - US MNC (analytics),Aspyra Hr Services,3-8 Yrs,3.0,8.0,₹ 15 - 30L/yr,1500000.0,3000000.0,"Pune, Bangalore / Bengaluru, Hyderabad / Secunderabad",9.0,Naukri,3.9,0.0,"Business Intelligence, hql, Business Analytics",Yes,2250000.0,Pune,"['Business Intelligence', 'Hql', 'Business Analytics']"
Walk-in Fresher's For -MIS /Data Analyst/Specialist/Leading IT Client.,Wisdom Bridge Consultants,0-5 Yrs,0.0,5.0,₹ 3.25 - 5L/yr,325000.0,500000.0,"Hosur, Nelamangala, Hosakote
													+6 more",9.0,Naukri,3.9,0.0,"Data Validation, MIS Preparation, Power Bi",Yes,412500.0,Hosur,"['Data Validation', 'Mis Preparation', 'Power Bi']"
Sales Data Analyst/ Business Strategist || Mumbai || Urgent Hiring,Globner Consulting,3-8 Yrs,3.0,8.0,₹ 7.5 - 15L/yr,750000.0,1500000.0,Mumbai,9.0,Naukri,3.9,0.0,"Sales Analysis, Gtm Strategy, Go-to-market Strategy",Yes,1125000.0,Mumbai,"['Sales Analysis', 'Gtm Strategy', 'Go-To-Market Strategy']"
Power BI Developer - Data Analytics (3-6 yrs),RapidBraiins,3-6 Yrs,3.0,6.0,Not Disclosed,0.0,0.0,Pune,10.0,hirist,3.9,0.0,"Power BI, DAX Power BI, Data Analytics",No,0.0,Pune,"['Power Bi', 'Dax Power Bi', 'Data Analytics']"
Senior Data Analyst (3-5 yrs),Zyoin Group,3-5 Yrs,3.0,5.0,Not Disclosed,0.0,0.0,Bangalore / Bengaluru,30.0,iimjobs,4.0,1.0,"Data Analytics, Analytics, SQL",No,0.0,Bengaluru,"['Data Analytics', 'Analytics', 'Sql']"
Email Marketing Executive,Giri Consultancy,1-5 Yrs,1.0,5.0,₹ 1 - 7.5L/yr (AmbitionBox estimate),100000.0,750000.0,"Delhi/Ncr, Noida",10.0,Naukri,3.9,0.0,"email marketer, lead generation, email marketing executive",Yes,425000.0,Delhi,"['Email Marketer', 'Lead Generation', 'Email Marketing Executive']"
Data Analyst - Manufacturing - Delhi / NCR,Symbiosis Management Consultants,2-7 Yrs,2.0,7.0,₹ 0.1 - 60L/yr (AmbitionBox estimate),10000.0,6000000.0,Delhi/Ncr,10.0,Naukri,3.9,0.0,"Artificial Intelligence, Data Visualization, Machine Learning",Yes,3005000.0,Delhi,"['Artificial Intelligence', 'Data Visualization', 'Machine Learning']"
Data Analyst// Bangalore//Chennai,Hiresquad Resources,4-9 Yrs,4.0,9.0,₹ 6 - 16L/yr,600000.0,1600000.0,"Chennai, Bangalore / Bengaluru",10.0,Naukri,3.9,0.0,"Power Bi, Data Analyst, Tableau",Yes,1100000.0,Chennai,"['Power Bi', 'Data Analyst', 'Tableau']"
Data Analyst // Portfolio Management // Assets Management Company //,VANGUARD HR ASSOCIATES PRIVATE LIMITED,2-4 Yrs,2.0,4.0,Not Disclosed,0.0,0.0,Mumbai,10.0,Naukri,3.9,0.0,"excel, data analysis, liquidity",No,0.0,Mumbai,"['Excel', 'Data Analysis', 'Liquidity']"
Business / Data Analyst,Applied Research Works India Pvt Ltd,3-8 Yrs,3.0,8.0,Not Disclosed,0.0,0.0,Kolkata,365.0,Naukri,3.4,17.0,"Project management, Data analysis, Process improvement",No,0.0,Kolkata,"['Project Management', 'Data Analysis', 'Process Improvement']"
Data Analyst,Travel Centric Technology,2-7 Yrs,2.0,7.0,Not Disclosed,0.0,0.0,Bangalore / Bengaluru,730.0,Naukri,4.3,2.0,"Data analysis, SQL, Data collection",No,0.0,Bengaluru,"['Data Analysis', 'Sql', 'Data Collection']"
Business Data Analyst,"IQuest Solutions Corp, USA",4-6 Yrs,4.0,6.0,Not Disclosed,0.0,0.0,Hyderabad / Secunderabad,270.0,Naukri,5.0,3.0,"tableau, Business Data Analyst, SQL",No,0.0,Hyderabad,"['Tableau', 'Business Data Analyst', 'Sql']"
Sr. Specialist Data Analyst,"IQuest Solutions Corp, USA",4-6 Yrs,4.0,6.0,Not Disclosed,0.0,0.0,Hyderabad / Secunderabad,270.0,Naukri,5.0,3.0,"Computer science, Business objects, Data validation",No,0.0,Hyderabad,"['Computer Science', 'Business Objects', 'Data Validation']"
Power BI Developer - Business Intelligence (3-7 yrs),ProPMO Services Private Limited,3-7 Yrs,3.0,7.0,Not Disclosed,0.0,0.0,Bangalore / Bengaluru,11.0,hirist,3.9,0.0,"Data Visualization, Power BI, Data Analytics",No,0.0,Bengaluru,"['Data Visualization', 'Power Bi', 'Data Analytics']"
Data Analyst - Business Intelligence (2-4 yrs),ProPMO Services Private Limited,2-4 Yrs,2.0,4.0,Not Disclosed,0.0,0.0,"Pune, Navi Mumbai, Thane",11.0,hirist,3.9,0.0,"Data Analyst, Tableau, Business Intelligence",No,0.0,Pune,"['Data Analyst', 'Tableau', 'Business Intelligence']"
Data Scientist / Data Analyst / Statistician,Connecttel,6-10 Yrs,6.0,10.0,₹ 5 - 40L/yr (AmbitionBox estimate),500000.0,4000000.0,Hyderabad / Secunderabad,11.0,Naukri,3.9,0.0,"Six Sigma, Design of Experiments, SPC",Yes,2250000.0,Hyderabad,"['Six Sigma', 'Design Of Experiments', 'Spc']"
Data Analyst (Web Analytics),Pylon Management Consulting,4-6 Yrs,4.0,6.0,₹ 1.8 - 20L/yr (AmbitionBox estimate),180000.0,2000000.0,Bangalore / Bengaluru,11.0,Naukri,3.9,0.0,"Google Analytics, Adobe Launch, Data Analysis",Yes,1090000.0,Bengaluru,"['Google Analytics', 'Adobe Launch', 'Data Analysis']"
Data Analyst (Male Or Female),Goodwill Management Services,1-2 Yrs,1.0,2.0,₹ 2.5 - 3L/yr,250000.0,300000.0,Tamil nadu,11.0,Naukri,3.9,0.0,"MS Excel, Data analysis, data analytics",Yes,275000.0,Tamil nadu,"['Ms Excel', 'Data Analysis', 'Data Analytics']"
Data Analyst,Hiresquad Resources,3-8 Yrs,3.0,8.0,₹ 5 - 15L/yr,500000.0,1500000.0,"Chennai, Bangalore / Bengaluru",11.0,Naukri,3.9,0.0,"Power Bi, Tableau, SQL",Yes,1000000.0,Chennai,"['Power Bi', 'Tableau', 'Sql']"
"Data Analyst - Python, PySpark",Careernet Technologies,6-11 Yrs,6.0,11.0,₹ 0.205 - 11.5L/yr (AmbitionBox estimate),20500.0,1150000.0,"Pune, Bangalore / Bengaluru",11.0,Naukri,3.9,0.0,"Pyspark, Python, SQL",Yes,585250.0,Pune,"['Pyspark', 'Python', 'Sql']"
Data Analyst - Advance Excel,Mahasurya Ventures And Co.,3-6 Yrs,3.0,6.0,₹ 4 - 6L/yr,400000.0,600000.0,Pune,11.0,Naukri,3.9,0.0,"Data Management, Data Analysis, MIS and Insights",Yes,500000.0,Pune,"['Data Management', 'Data Analysis', 'Mis And Insights']"
Data Analyst,coursefinder.ai,2-5 Yrs,2.0,5.0,Not Disclosed,0.0,0.0,Nagpur,30.0,Naukri,2.5,2.0,"Analytical skills, Report generation, Data analysis",No,0.0,Nagpur,"['Analytical Skills', 'Report Generation', 'Data Analysis']"
Data Analyst - Power BI/Tableau (2-3 yrs),Gama Advisory Services LLP,2-3 Yrs,2.0,3.0,Not Disclosed,0.0,0.0,Remote,12.0,hirist,3.9,0.0,"Data Analyst, Data Analytics, Power BI",No,0.0,Remote,"['Data Analyst', 'Data Analytics', 'Power Bi']"
Lead Data Analyst - US MNC (analytics),Aspyra Hr Services,5-10 Yrs,5.0,10.0,₹ 20 - 35L/yr,2000000.0,3500000.0,Bangalore / Bengaluru,12.0,Naukri,3.9,0.0,"Business Intelligence, hql, Business Analytics",Yes,2750000.0,Bengaluru,"['Business Intelligence', 'Hql', 'Business Analytics']"
Data Analyst - US MNC (analytics),Aspyra Hr Services,3-8 Yrs,3.0,8.0,₹ 15 - 30L/yr,1500000.0,3000000.0,Bangalore / Bengaluru,12.0,Naukri,3.9,0.0,"Business Intelligence, hql, Business Analytics",Yes,2250000.0,Bengaluru,"['Business Intelligence', 'Hql', 'Business Analytics']"
Lead Insight Data Analyst ( Tableau + SQL+ Python ): 5+ Yrs: Delhi/NCR,Rectus Talent,5-10 Yrs,5.0,10.0,₹ 0.35 - 55L/yr (AmbitionBox estimate),35000.0,5500000.0,Delhi/Ncr,12.0,Naukri,3.9,0.0,"Data Transformation, Data Manipulation, Data Analysis",Yes,2767500.0,Delhi,"['Data Transformation', 'Data Manipulation', 'Data Analysis']"
GIS - Geographical Information System,Unnati Digital Solutions,3-8 Yrs,3.0,8.0,Not Disclosed,0.0,0.0,"Navi Mumbai, Thane, Mumbai",12.0,Naukri,3.9,0.0,"Gis operation, Gis mapping, Gis data analyst",No,0.0,Navi Mumbai,"['Gis Operation', 'Gis Mapping', 'Gis Data Analyst']"
Data Analyst Executive (EHS)- Gurugram (Haryana),Corporate Destination,3-5 Yrs,3.0,5.0,₹ 3 - 5L/yr,300000.0,500000.0,Gurgaon / Gurugram,12.0,Naukri,3.9,0.0,"Environment Health Safety, Report Preparation, Data Analysis",Yes,400000.0,Gurugram,"['Environment Health Safety', 'Report Preparation', 'Data Analysis']"
Data Analyst,Myrsa Technology Solutions,1-4 Yrs,1.0,4.0,Not Disclosed,0.0,0.0,Thane,1095.0,Naukri,3.3,20.0,"Computer science, Prototype, Analytical",No,0.0,Thane,"['Computer Science', 'Prototype', 'Analytical']"
Data Analyst - Portfolio Management/Acquisition (Credit Risk),Outsized South Africa (pty) Ltd,6-10 Yrs,6.0,10.0,₹ 2 - 42L/yr (AmbitionBox estimate),200000.0,4200000.0,Mumbai,12.0,Naukri,3.9,0.0,"Portfolio Management, SAS, Hadoop",Yes,2200000.0,Mumbai,"['Portfolio Management', 'Sas', 'Hadoop']"
Snowflake Engineer,Vishanz Business Services,7-12 Yrs,7.0,12.0,₹ 14.4 - 30L/yr (AmbitionBox estimate),1440000.0,3000000.0,"Chennai, Pune, Bangalore / Bengaluru
													+3 more",12.0,Naukri,3.9,0.0,"Airflow, S3, To extract",Yes,2220000.0,Chennai,"['Airflow', 'S3', 'To Extract']"
Data Analyst Trainer,Techskills Institute,5-10 Yrs,5.0,10.0,Not Disclosed,0.0,0.0,Sydney,12.0,Naukri,3.9,0.0,"Power Bi, Tableau, Data Analytics",No,0.0,Sydney,"['Power Bi', 'Tableau', 'Data Analytics']"
BI/Data Analyst - Power BI/Qlikview (2-5 yrs),ProPMO Services Private Limited,2-5 Yrs,2.0,5.0,Not Disclosed,0.0,0.0,"Bangalore / Bengaluru, Chennai, Gurgaon / Gurugram",13.0,hirist,3.9,0.0,"Business Intelligence, Data Analyst, Data Analytics",No,0.0,Bengaluru,"['Business Intelligence', 'Data Analyst', 'Data Analytics']"
Data Scientist - Python/Big Data (3-8 yrs),"Georgia IT, Inc.",3-8 Yrs,3.0,8.0,Not Disclosed,0.0,0.0,Remote,13.0,hirist,3.9,0.0,"Data Scientist, Data Analyst, Data Analytics",No,0.0,Remote,"['Data Scientist', 'Data Analyst', 'Data Analytics']"
HR Data Analyst - NBFC,B2N Management Consulting (p) Ltd,5-8 Yrs,5.0,8.0,₹ 8 - 12L/yr,800000.0,1200000.0,Chennai,13.0,Naukri,3.9,0.0,"MS Excel, Power Bi, Tableau Reporting",Yes,1000000.0,Chennai,"['Ms Excel', 'Power Bi', 'Tableau Reporting']"
Data Analyst or MIS Executive,Persolkelly India,3-7 Yrs,3.0,7.0,₹ 0.6 - 0.8L/yr,60000.0,80000.0,Gurgaon / Gurugram,13.0,Naukri,3.9,0.0,"Tableau, Dashboards, Data Analytics",Yes,70000.0,Gurugram,"['Tableau', 'Dashboards', 'Data Analytics']"
Data Analyst,Vision India Services,2-4 Yrs,2.0,4.0,₹ 5 - 7L/yr,500000.0,700000.0,Gurgaon / Gurugram,13.0,Naukri,3.9,0.0,"Report Generation, Power Bi, Collaboration",Yes,600000.0,Gurugram,"['Report Generation', 'Power Bi', 'Collaboration']"
Data Analyst,Owfis Jobpe Technologies,1-3 Yrs,1.0,3.0,₹ 7 - 9L/yr,700000.0,900000.0,"Chennai, Pune, Delhi/Ncr
													+5 more",13.0,Naukri,1.0,1.0,"Data Quality, Data Enrichment, Data Manipulation",Yes,800000.0,Chennai,"['Data Quality', 'Data Enrichment', 'Data Manipulation']"
Data Analyst - IT Service Based - Chennai/Bangalore,GenNext India Private Limited,2-6 Yrs,2.0,6.0,₹ 10 - 16L/yr,1000000.0,1600000.0,"Chennai, Bangalore Rural",13.0,Naukri,3.9,0.0,"Develop, Implementing, Data Analytics",Yes,1300000.0,Chennai,"['Develop', 'Implementing', 'Data Analytics']"
Senior Database Engineer - SQL Server,Arkoz,5-8 Yrs,5.0,8.0,Not Disclosed,0.0,0.0,Chennai,13.0,Naukri,3.9,0.0,"Snowflake SnowPro, NoSQL, PostgreSQL",No,0.0,Chennai,"['Snowflake Snowpro', 'Nosql', 'Postgresql']"
Data Analyst,Marketscope,5-10 Yrs,5.0,10.0,₹ 2 - 28L/yr (AmbitionBox estimate),200000.0,2800000.0,Bangalore / Bengaluru,13.0,Naukri,3.9,0.0,"python, project management, data analysis",Yes,1500000.0,Bengaluru,"['Python', 'Project Management', 'Data Analysis']"
Data Manager,Manpowergroup Services India,10-12 Yrs,10.0,12.0,₹ 13.9 - 100L/yr (AmbitionBox estimate),1390000.0,10000000.0,Pune,13.0,Naukri,3.9,0.0,"excel, data cleansing, tableau",Yes,5695000.0,Pune,"['Excel', 'Data Cleansing', 'Tableau']"
Data Cleansing Analyst,Manpowergroup Services India,6-8 Yrs,6.0,8.0,₹ 4 - 8L/yr (AmbitionBox estimate),400000.0,800000.0,Pune,13.0,Naukri,3.9,0.0,"SAP BO, excel, Power Bi",Yes,600000.0,Pune,"['Sap Bo', 'Excel', 'Power Bi']"
BPO Openings 4 Ecommerce  Backend Operation CTC  Upto 25k IN Bangalore,Sanctus Hr,1-5 Yrs,1.0,5.0,₹ 1.6 - 3.2L/yr (AmbitionBox estimate),160000.0,320000.0,Bangalore / Bengaluru,13.0,Naukri,3.9,0.0,"BPO, Customer Service, Data Analyst",Yes,240000.0,Bengaluru,"['Bpo', 'Customer Service', 'Data Analyst']"
Data Analyst-Fielding Operations,NAILBITER,0-3 Yrs,0.0,3.0,Not Disclosed,0.0,0.0,Mumbai,270.0,Naukri,3.4,24.0,"MS Office, Market research, Data mining",No,0.0,Mumbai,"['Ms Office', 'Market Research', 'Data Mining']"
Senior Data Analyst Fielding Operations,NAILBITER,3-8 Yrs,3.0,8.0,Not Disclosed,0.0,0.0,Mumbai,365.0,Naukri,3.4,24.0,"MS Office, Market research, Data Analyst",No,0.0,Mumbai,"['Ms Office', 'Market Research', 'Data Analyst']"
Senior Data Analyst Fielding Operations,NAILBITER,3-8 Yrs,3.0,8.0,Not Disclosed,0.0,0.0,Mumbai,365.0,Naukri,3.4,24.0,"MS Office, Market research, Data Analyst",No,0.0,Mumbai,"['Ms Office', 'Market Research', 'Data Analyst']"
DATA ANALYST,Gemini Exports,2-5 Yrs,2.0,5.0,Not Disclosed,0.0,0.0,Mumbai,730.0,Naukri,3.6,15.0,"CRM, Market research, Pharma",No,0.0,Mumbai,"['Crm', 'Market Research', 'Pharma']"
Contract Data Analyst,Enlighta Solutions,2-7 Yrs,2.0,7.0,Not Disclosed,0.0,0.0,Mumbai,1095.0,Naukri,3.5,13.0,"Functional testing, Solution Analyst, Compliance management",No,0.0,Mumbai,"['Functional Testing', 'Solution Analyst', 'Compliance Management']"
Senior Data Analyst - SQL/Python (5-10 yrs),Coeus Multi Services Pvt. Ltd.,5-10 Yrs,5.0,10.0,Not Disclosed,0.0,0.0,"Mumbai, Bangalore / Bengaluru, Hyderabad / Secunderabad
													+3 more",14.0,hirist,3.9,0.0,"Python, SQL, Data Analyst",No,0.0,Mumbai,"['Python', 'Sql', 'Data Analyst']"
Senior Data Analyst,XA Group,3-5 Yrs,3.0,5.0,Not Disclosed,0.0,0.0,Remote,365.0,Naukri,3.4,19.0,"Python, Performance testing, Data analysis",No,0.0,Remote,"['Python', 'Performance Testing', 'Data Analysis']"
Data Analyst Advanced Analytics,Perceptive Analytics,0-3 Yrs,0.0,3.0,Not Disclosed,0.0,0.0,Hyderabad / Secunderabad,730.0,Naukri,4.0,7.0,"CRM, SQL, Analytical",No,0.0,Hyderabad,"['Crm', 'Sql', 'Analytical']"
Data Analyst 2,Xoom Inc,2-4 Yrs,2.0,4.0,Not Disclosed,0.0,0.0,"Chennai, Bangalore / Bengaluru",16.0,Naukri,3.9,0.0,"Automation, Analytical, Finance",No,0.0,Chennai,"['Automation', 'Analytical', 'Finance']"
Senior Data Analyst,Coeusmulti Services,5-10 Yrs,5.0,10.0,₹ 14 - 24L/yr,1400000.0,2400000.0,"Bangalore / Bengaluru, Hyderabad / Secunderabad, Mumbai",16.0,Naukri,3.9,0.0,"Visualization, Net Revenue Management, Azure",Yes,1900000.0,Bengaluru,"['Visualization', 'Net Revenue Management', 'Azure']"
BI Data Analyst,sortimat technology pvt. ltd.,3-8 Yrs,3.0,8.0,Not Disclosed,0.0,0.0,Bangalore / Bengaluru,16.0,Naukri,3.9,0.0,"Procurement, metadata, Web services",No,0.0,Bengaluru,"['Procurement', 'Metadata', 'Web Services']"
Data Analyst,wilatons,0-5 Yrs,0.0,5.0,Not Disclosed,0.0,0.0,"Pune, Bangalore / Bengaluru, Hyderabad / Secunderabad",16.0,Naukri,3.9,0.0,"Data Science, python, data analysis",No,0.0,Pune,"['Data Science', 'Python', 'Data Analysis']"
Data Analyst,IT SCIENT,6-10 Yrs,6.0,10.0,₹ 10 - 20L/yr,1000000.0,2000000.0,"Pune, Bangalore / Bengaluru",16.0,Naukri,3.9,0.0,"Bigquery, SQL",Yes,1500000.0,Pune,"['Bigquery', 'Sql']"
Data Analyst,RELIANCE GAMES,2-5 Yrs,2.0,5.0,Not Disclosed,0.0,0.0,Pune,730.0,Naukri,2.4,16.0,"Data Analysis, Python, R",No,0.0,Pune,"['Data Analysis', 'Python', 'R']"
Data Analyst - R/Python (2-5 yrs),Flairdeck Consulting Pvt. Ltd.,2-5 Yrs,2.0,5.0,Not Disclosed,0.0,0.0,Mumbai,17.0,hirist,3.9,0.0,"Data Analyst, R, Python",No,0.0,Mumbai,"['Data Analyst', 'R', 'Python']"
Senior Data Analyst - Retail (3-6 yrs),Zyoin Group,3-6 Yrs,3.0,6.0,Not Disclosed,0.0,0.0,Bangalore / Bengaluru,30.0,iimjobs,4.0,1.0,"Analytics, Statistics, Data Modeling",No,0.0,Bengaluru,"['Analytics', 'Statistics', 'Data Modeling']"
Data Scientist/Analyst - Python Programming (2-6 yrs),Prime Infosoft,Not Specified,0.0,0.0,Not Disclosed,0.0,0.0,Not Specified,30.0,hirist,5.0,1.0,Not Specified,No,0.0,Not Specified,[]
Data Analyst - Customer Service,Human Potential Consultant,8-13 Yrs,8.0,13.0,₹ 5.1 - 9.2L/yr (AmbitionBox estimate),510000.0,920000.0,Mumbai,17.0,Naukri,3.9,0.0,"Power Bi, Data Management, Data Analysis",Yes,715000.0,Mumbai,"['Power Bi', 'Data Management', 'Data Analysis']"
Data Analyst,Bold Business,3-8 Yrs,3.0,8.0,Not Disclosed,0.0,0.0,Remote,17.0,Naukri,3.9,0.0,"Analytical skills, Industry research, Sales",No,0.0,Remote,"['Analytical Skills', 'Industry Research', 'Sales']"
Data Analyst,GRAVEYTECH CATERING VENTURES PRIVATE LIMITED,1-5 Yrs,1.0,5.0,Not Disclosed,0.0,0.0,"Mumbai, Bangalore / Bengaluru",17.0,Naukri,3.9,0.0,"Power BI, NoSQL databases, MySQL",No,0.0,Mumbai,"['Power Bi', 'Nosql Databases', 'Mysql']"
Manager / AVP - Data Analyst (FATCA),Edge In Asia Recruitment,7-12 Yrs,7.0,12.0,Not Disclosed,0.0,0.0,Bangalore / Bengaluru,17.0,Naukri,3.9,0.0,"Financial Services, Power Bi, CRS",No,0.0,Bengaluru,"['Financial Services', 'Power Bi', 'Crs']"
Data Analyst,Pavan Laxmikant Giri,0-5 Yrs,0.0,5.0,₹ 5.5 - 12L/yr,550000.0,1200000.0,"Pune, Hyderabad / Secunderabad, Mumbai",17.0,Naukri,3.9,0.0,"Data Science, Data Mining, Data Extraction",Yes,875000.0,Pune,"['Data Science', 'Data Mining', 'Data Extraction']"
Data Analyst| 5+ yrs exp| Mumbai,Gryphon Hytech Services,5-9 Yrs,5.0,9.0,₹ 1.8 - 26.5L/yr (AmbitionBox estimate),180000.0,2650000.0,Mumbai,18.0,Naukri,3.9,0.0,"Power Bi, Data Analysis, Tableau",Yes,1415000.0,Mumbai,"['Power Bi', 'Data Analysis', 'Tableau']"
Data Analyst,Outsized South Africa (pty) Ltd,2-5 Yrs,2.0,5.0,₹ 0.24 - 14L/yr (AmbitionBox estimate),24000.0,1400000.0,Mumbai,18.0,Naukri,3.9,0.0,"Data Science, Excel, Financial Services",Yes,712000.0,Mumbai,"['Data Science', 'Excel', 'Financial Services']"
Target - Senior Data Analyst - Data Visualization Tools (5-8 yrs),Hirist.tech,5-8 Yrs,5.0,8.0,Not Disclosed,0.0,0.0,Bangalore / Bengaluru,18.0,hirist,3.9,0.0,"Data Analyst, Data Analytics, DOMO Tool",No,0.0,Bengaluru,"['Data Analyst', 'Data Analytics', 'Domo Tool']"
Manager/AVP/Data Analyst - FATCA (7-15 yrs),Edge In Asia Recruitment Private Limited,7-15 Yrs,7.0,15.0,Not Disclosed,0.0,0.0,Bangalore / Bengaluru,18.0,iimjobs,3.9,0.0,"Data Analytics, Analytics, Data Visualization",No,0.0,Bengaluru,"['Data Analytics', 'Analytics', 'Data Visualization']"
Data Analyst,Value Innovation,5-10 Yrs,5.0,10.0,₹ 10 - 20L/yr,1000000.0,2000000.0,Delhi/Ncr,18.0,Naukri,3.9,0.0,"SSIS Packages, Maintenance of ETL Jobs, Data Management and Analytics",Yes,1500000.0,Delhi,"['Ssis Packages', 'Maintenance Of Etl Jobs', 'Data Management And Analytics']"
Data Analyst Intern,T.E.M.S tech Solutions,Not Specified,0.0,0.0,Not Disclosed,0.0,0.0,Not Specified,18.0,Naukri,3.9,0.0,Not Specified,No,0.0,Not Specified,[]
Data Analyst,Planet Pci Infotech Ltd.,2-5 Yrs,2.0,5.0,₹ 5 - 7L/yr,500000.0,700000.0,Gurgaon / Gurugram,18.0,Naukri,3.9,0.0,"Statistical Modeling, Data Analytics, Python",Yes,600000.0,Gurugram,"['Statistical Modeling', 'Data Analytics', 'Python']"
Senior Data Analyst,Xoom Inc,4-6 Yrs,4.0,6.0,Not Disclosed,0.0,0.0,"Chennai, Bangalore / Bengaluru",18.0,Naukri,3.9,0.0,"Analytical, Finance, Senior Data Analyst",No,0.0,Chennai,"['Analytical', 'Finance', 'Senior Data Analyst']"
Data Analyst - Urgent Opening (Immediate To 15 days joiners only),Value Innovation,5-8 Yrs,5.0,8.0,₹ 0.1 - 13.3L/yr (AmbitionBox estimate),10000.0,1330000.0,"Delhi/Ncr, Gurgaon / Gurugram, Noida",18.0,Naukri,3.9,0.0,"Data models, ETL, SSIS",Yes,670000.0,Delhi,"['Data Models', 'Etl', 'Ssis']"
Data Analysts / HTML Editor,Ace Soft Export,0-4 Yrs,0.0,4.0,Not Disclosed,0.0,0.0,Rajkot,330.0,Naukri,3.8,8.0,"HTML, XML, Adobe Acrobat",No,0.0,Rajkot,"['Html', 'Xml', 'Adobe Acrobat']"
Platform Data Analyst,Saltmine,2-4 Yrs,2.0,4.0,Not Disclosed,0.0,0.0,Bangalore / Bengaluru,120.0,Naukri,4.7,3.0,"Data Analyst, Outsourcing, Procurement",No,0.0,Bengaluru,"['Data Analyst', 'Outsourcing', 'Procurement']"
Product Research & Data Analyst,Russell Investments Pvt Ltd,2-3 Yrs,2.0,3.0,Not Disclosed,0.0,0.0,Mumbai,120.0,Naukri,4.7,3.0,"Asset management, Analytical, Excel",No,0.0,Mumbai,"['Asset Management', 'Analytical', 'Excel']"
Lead Data Analyst,Saltmine,4-7 Yrs,4.0,7.0,Not Disclosed,0.0,0.0,Bangalore / Bengaluru,240.0,Naukri,4.7,3.0,"Analytics, Procurement, Data processing",No,0.0,Bengaluru,"['Analytics', 'Procurement', 'Data Processing']"
Data Analysts / HTML Editor,Ace Soft Export,0-4 Yrs,0.0,4.0,Not Disclosed,0.0,0.0,Rajkot,330.0,Naukri,3.8,8.0,"HTML, XML, Adobe Acrobat",No,0.0,Rajkot,"['Html', 'Xml', 'Adobe Acrobat']"
Data Analyst (ETL Tools),Alpha Analytics Services Pvt Ltd,2-4 Yrs,2.0,4.0,₹ 3 - 4.3L/yr (AmbitionBox estimate),300000.0,430000.0,Pune,1460.0,Naukri,5.0,1.0,"Data Analyst, SQL, Informatica",Yes,365000.0,Pune,"['Data Analyst', 'Sql', 'Informatica']"
Analyst Open End Coding,Alpha Analytics Services Pvt Ltd,4-9 Yrs,4.0,9.0,Not Disclosed,0.0,0.0,Pune,1460.0,Naukri,5.0,1.0,"Coding, Data Analyst, Analytics",No,0.0,Pune,"['Coding', 'Data Analyst', 'Analytics']"
Data Reporting Analyst - Tableau/Alteryx - financial Data,Mastermind Network,4-7 Yrs,4.0,7.0,Not Disclosed,0.0,0.0,Gurgaon / Gurugram,18.0,Naukri,3.9,0.0,"Data Manipulation, Portfolio Analysis, Data Analysis",No,0.0,Gurugram,"['Data Manipulation', 'Portfolio Analysis', 'Data Analysis']"
Data Reporting Analyst - Portfolio Management,Mastermind Network,4-7 Yrs,4.0,7.0,Not Disclosed,0.0,0.0,Gurgaon / Gurugram,18.0,Naukri,3.9,0.0,"Data Manipulation, Portfolio Analysis, Data Analysis",No,0.0,Gurugram,"['Data Manipulation', 'Portfolio Analysis', 'Data Analysis']"
Requirement For Senior Data Analyst in Jaipur,Shadow Placements,5-10 Yrs,5.0,10.0,₹ 8 - 15L/yr,800000.0,1500000.0,"Gurgaon / Gurugram, Noida, Jaipur",19.0,Naukri,3.9,0.0,"Business Intelligence, Data Mining, Data Extraction",Yes,1150000.0,Gurugram,"['Business Intelligence', 'Data Mining', 'Data Extraction']"
Data Analyst - Business Intelligence,Allegis Group,4-8 Yrs,4.0,8.0,Not Disclosed,0.0,0.0,Bangalore Rural,19.0,Naukri,3.9,0.0,"Data Analysis, Tableau, Data Analytics",No,0.0,Bengaluru,"['Data Analysis', 'Tableau', 'Data Analytics']"
Returnee programs -Senior Financial Data Analyst(Moody's),Somani Technologies,1-3 Yrs,1.0,3.0,Not Disclosed,0.0,0.0,Bangalore / Bengaluru,19.0,Naukri,3.9,0.0,"Credit Analysis, Financial data analyst, Financial Analysis",No,0.0,Bengaluru,"['Credit Analysis', 'Financial Data Analyst', 'Financial Analysis']"
Data Analyst,Abhramu Tech Solutions,2-4 Yrs,2.0,4.0,₹ 3.75 - 5L/yr,375000.0,500000.0,Chennai,19.0,Naukri,3.9,0.0,"Data Validation, Power Bi, Data Management",Yes,437500.0,Chennai,"['Data Validation', 'Power Bi', 'Data Management']"
Business / Data Analyst,ElectricPe,5-7 Yrs,5.0,7.0,Not Disclosed,0.0,0.0,Bangalore / Bengaluru,270.0,Naukri,3.1,27.0,"SQL, Python, Business intelligence",No,0.0,Bengaluru,"['Sql', 'Python', 'Business Intelligence']"
Senior Data Analyst,Adventus.io,3-5 Yrs,3.0,5.0,Not Disclosed,0.0,0.0,Pune,300.0,Naukri,3.3,18.0,"SQL, Stakeholder management, Data Analyst",No,0.0,Pune,"['Sql', 'Stakeholder Management', 'Data Analyst']"
Data Analyst,Adventus.io,2-4 Yrs,2.0,4.0,Not Disclosed,0.0,0.0,Pune,365.0,Naukri,3.3,18.0,"Analytics, SQL, Automation",No,0.0,Pune,"['Analytics', 'Sql', 'Automation']"
Data Analyst,Wadhwani AI,2-5 Yrs,2.0,5.0,Not Disclosed,0.0,0.0,Mumbai,365.0,Naukri,3.1,18.0,"SQL, Javascript, XML",No,0.0,Mumbai,"['Sql', 'Javascript', 'Xml']"
DATA ANALYST,Zero Gravity photography,3-8 Yrs,3.0,8.0,Not Disclosed,0.0,0.0,Chennai,365.0,Naukri,3.4,15.0,"Data analysis, Business reporting, Data Analyst",No,0.0,Chennai,"['Data Analysis', 'Business Reporting', 'Data Analyst']"
Data Analyst Associate,ZOBELLO,1-2 Yrs,1.0,2.0,Not Disclosed,0.0,0.0,New Delhi,2190.0,Naukri,5.0,2.0,"Tools, Data analysis, Data mining",No,0.0,Delhi,"['Tools', 'Data Analysis', 'Data Mining']"
Data Analyst Associate,ZOBELLO,1-2 Yrs,1.0,2.0,Not Disclosed,0.0,0.0,New Delhi,2920.0,Naukri,5.0,2.0,"data analysis, data mining, adobe",No,0.0,Delhi,"['Data Analysis', 'Data Mining', 'Adobe']"
Data Analyst Associate,ZOBELLO,1-6 Yrs,1.0,6.0,Not Disclosed,0.0,0.0,"New Delhi, New Delhi",2920.0,Naukri,5.0,2.0,"adobe, spss, microsoft excel",No,0.0,Delhi,"['Adobe', 'Spss', 'Microsoft Excel']"
Shell - Data Scientist - Data Modeling & Analytics (3-7 yrs),Hirist.tech,3-7 Yrs,3.0,7.0,Not Disclosed,0.0,0.0,Bangalore / Bengaluru,20.0,hirist,3.9,0.0,"AWS, Data Modeling, Data Science",No,0.0,Bengaluru,"['Aws', 'Data Modeling', 'Data Science']"
Target - Senior Data Scientist - Supply Chain Domain (4-8 yrs),Hirist.tech,4-8 Yrs,4.0,8.0,Not Disclosed,0.0,0.0,Bangalore / Bengaluru,20.0,hirist,3.9,0.0,"Data Science, Data Scientist, Python",No,0.0,Bengaluru,"['Data Science', 'Data Scientist', 'Python']"
Sr. Data Analyst,Instatalent Recruit Llp,12-21 Yrs,12.0,21.0,Not Disclosed,0.0,0.0,Gurgaon / Gurugram,20.0,Naukri,3.9,0.0,"Power Bi, Data Analysis, Data Visualization",No,0.0,Gurugram,"['Power Bi', 'Data Analysis', 'Data Visualization']"
Data Management - Data Analyst-IT I,Varite,3-6 Yrs,3.0,6.0,₹ 6.5 - 10L/yr (AmbitionBox estimate),650000.0,1000000.0,Bangalore / Bengaluru,20.0,Naukri,3.9,0.0,"Technical services, Data management, SQL database",Yes,825000.0,Bengaluru,"['Technical Services', 'Data Management', 'Sql Database']"
CW Data Analyst III,Varite,0-8 Yrs,0.0,8.0,Not Disclosed,0.0,0.0,Bangalore / Bengaluru,20.0,Naukri,3.9,0.0,"Operations research, Email marketing, Staffing",No,0.0,Bengaluru,"['Operations Research', 'Email Marketing', 'Staffing']"
Data Analyst,Xoom Inc,0-2 Yrs,0.0,2.0,Not Disclosed,0.0,0.0,"Chennai, Bangalore / Bengaluru",20.0,Naukri,3.9,0.0,"Data analysis, Analytical, Manager Technology",No,0.0,Chennai,"['Data Analysis', 'Analytical', 'Manager Technology']"
Business Analyst & Data Analyst (Data Science SQL Python),Techgimini,0-1 Yrs,0.0,1.0,₹ 4.75 - 7.5L/yr,475000.0,750000.0,Pune,20.0,Naukri,3.9,0.0,"Crm Systems, ERP, System Analysis",Yes,612500.0,Pune,"['Crm Systems', 'Erp', 'System Analysis']"
"Fresher, Graduate, Recruitment, HR, MBA, Marketing, Communication",Iplace Consultant,0-2 Yrs,0.0,2.0,₹ 2 - 5L/yr,200000.0,500000.0,"Pune, Delhi/Ncr, Mumbai",20.0,Naukri,3.9,0.0,"BBA, BPO, Calling",Yes,350000.0,Pune,"['Bba', 'Bpo', 'Calling']"
Data Analyst - US MNC (analytics),Aspyra Hr Services,3-8 Yrs,3.0,8.0,₹ 15 - 30L/yr,1500000.0,3000000.0,"Delhi/Ncr, Gurgaon / Gurugram, Noida",20.0,Naukri,3.9,0.0,"Business Intelligence, hql, Business Analytics",Yes,2250000.0,Delhi,"['Business Intelligence', 'Hql', 'Business Analytics']"
Data Analyst,Evify,4-6 Yrs,4.0,6.0,Not Disclosed,0.0,0.0,Surat,120.0,Naukri,4.3,4.0,"sql, python, r",No,0.0,Surat,"['Sql', 'Python', 'R']"
Data Analyst,P. S International HR Consultants,0-4 Yrs,0.0,4.0,Not Disclosed,0.0,0.0,Mumbai,365.0,Naukri,4.6,3.0,"SQL, Networking, Automation",No,0.0,Mumbai,"['Sql', 'Networking', 'Automation']"
Sr. Data Analyst,Bobble App,2-7 Yrs,2.0,7.0,Not Disclosed,0.0,0.0,"Bangalore / Bengaluru, Gurgaon / Gurugram",1460.0,Naukri,3.5,11.0,"Data analysis, SQL, Analytical",No,0.0,Bengaluru,"['Data Analysis', 'Sql', 'Analytical']"
Data Analyst | Lower Parel,Transformatrix Global,2-7 Yrs,2.0,7.0,₹ 15 - 20L/yr,1500000.0,2000000.0,Mumbai,22.0,Naukri,3.9,0.0,"Power Bi, Data Analysis, Big Data",Yes,1750000.0,Mumbai,"['Power Bi', 'Data Analysis', 'Big Data']"
Data Analyst,Rocket Fast Recruiter,10-20 Yrs,10.0,20.0,₹ 90 - 225L/yr,9000000.0,22500000.0,Canada,22.0,Naukri,3.9,0.0,"Data Transformation, Data Enrichment, Data Wrangling",Yes,15750000.0,Canada,"['Data Transformation', 'Data Enrichment', 'Data Wrangling']"
Email Marketing Executive,Giri Consultancy,1-5 Yrs,1.0,5.0,₹ 1 - 7.5L/yr (AmbitionBox estimate),100000.0,750000.0,"Noida, New Delhi",22.0,Naukri,3.9,0.0,"email marketer, Email Marketing, bulk mailer",Yes,425000.0,Noida,"['Email Marketer', 'Email Marketing', 'Bulk Mailer']"
Data Analyst | Mumbai,Hindco Recruitment Consultants,4-9 Yrs,4.0,9.0,₹ 0.13 - 38.85L/yr (AmbitionBox estimate),13000.0,3885000.0,"Navi Mumbai, Thane, Mumbai",22.0,Naukri,3.9,0.0,"Data Transformation, Matplotlib, Data Research",Yes,1949000.0,Navi Mumbai,"['Data Transformation', 'Matplotlib', 'Data Research']"
Data Analyst,Bsharp Sales Enablers,1-3 Yrs,1.0,3.0,Not Disclosed,0.0,0.0,Bangalore / Bengaluru,365.0,Naukri,3.8,6.0,"User management, Data Analyst, Usage",No,0.0,Bengaluru,"['User Management', 'Data Analyst', 'Usage']"
Frontend Data Analyst,Ultimez Technology Pvt Ltd,10-15 Yrs,10.0,15.0,Not Disclosed,0.0,0.0,Remote,365.0,Naukri,3.6,8.0,"Javascript, Web development, Agile",No,0.0,Remote,"['Javascript', 'Web Development', 'Agile']"
Senior Data Analyst - Retail/FMCG (3-6 yrs),Zyoin Group,3-6 Yrs,3.0,6.0,Not Disclosed,0.0,0.0,Bangalore / Bengaluru,30.0,iimjobs,4.0,1.0,"Data Analytics, Analytics, Data Modeling",No,0.0,Bengaluru,"['Data Analytics', 'Analytics', 'Data Modeling']"
Lead Data Analyst - Pricing & Revenue Management (7-10 yrs),CxSearch Global Partners,7-10 Yrs,7.0,10.0,Not Disclosed,0.0,0.0,"Mumbai, Bangalore / Bengaluru",23.0,iimjobs,3.9,0.0,"Analytics, Data Analytics, Python",No,0.0,Mumbai,"['Analytics', 'Data Analytics', 'Python']"
Lead - Data Analyst - Global Logistics Industry (7-11 yrs),Cxsearch Global Partners,7-11 Yrs,7.0,11.0,Not Disclosed,0.0,0.0,Bangalore / Bengaluru,23.0,iimjobs,3.9,0.0,"Analytics, Data Analytics, SQL",No,0.0,Bengaluru,"['Analytics', 'Data Analytics', 'Sql']"
Data Analyst_ MNC Bank_ Bengaluru,Novel Financial Solutions,3-8 Yrs,3.0,8.0,₹ 10 - 20L/yr,1000000.0,2000000.0,"Chennai, Bangalore / Bengaluru",23.0,Naukri,3.9,0.0,"Control Testing Automation, SAS, Shell Scripting",Yes,1500000.0,Chennai,"['Control Testing Automation', 'Sas', 'Shell Scripting']"
Data Analyst,Jobs Desk,2-5 Yrs,2.0,5.0,₹ 3 - 4L/yr,300000.0,400000.0,New Delhi,23.0,Naukri,3.9,0.0,Advanced Excel,Yes,350000.0,Delhi,['Advanced Excel']
Data Analyst,Comaea Consulting,3-8 Yrs,3.0,8.0,₹ 10 - 12L/yr,1000000.0,1200000.0,Mumbai,23.0,Naukri,3.9,0.0,"Business Intelligence, Power Bi, Tableau",Yes,1100000.0,Mumbai,"['Business Intelligence', 'Power Bi', 'Tableau']"
Data Analyst - Python & Pyspark,D2N SOLUTIONS,3-4 Yrs,3.0,4.0,₹ 0.2 - 27L/yr (AmbitionBox estimate),20000.0,2700000.0,New Delhi,23.0,Naukri,3.9,0.0,"HR Generalist, HRBP, Data Analyst",Yes,1360000.0,Delhi,"['Hr Generalist', 'Hrbp', 'Data Analyst']"
Data Analyst - Python & Pyspark,D2N SOLUTIONS,5-10 Yrs,5.0,10.0,Not Disclosed,0.0,0.0,Bangalore Rural,23.0,Naukri,3.9,0.0,"Pyspark, Java, Scala",No,0.0,Bengaluru,"['Pyspark', 'Java', 'Scala']"
Data Analyst - Python & Pyspark,D2N SOLUTIONS,5-10 Yrs,5.0,10.0,Not Disclosed,0.0,0.0,Hyderabad / Secunderabad,23.0,Naukri,3.9,0.0,"Pyspark, Java, Scala",No,0.0,Hyderabad,"['Pyspark', 'Java', 'Scala']"
Sr. Data Analyst,Rudra Research And Analytics Llp,5-6 Yrs,5.0,6.0,₹ 6 - 6.5L/yr,600000.0,650000.0,Pune,23.0,Naukri,3.9,0.0,"Data Validation, Pivot Table, Power Bi",Yes,625000.0,Pune,"['Data Validation', 'Pivot Table', 'Power Bi']"
Data Analyst - Python & Pyspark,D2N SOLUTIONS,5-10 Yrs,5.0,10.0,Not Disclosed,0.0,0.0,Pune,23.0,Naukri,3.9,0.0,"Pyspark, Java, Scala",No,0.0,Pune,"['Pyspark', 'Java', 'Scala']"
DATA Analyst/ Python Scripting/ Pyspark & SQL,D2N SOLUTIONS,6-11 Yrs,6.0,11.0,Not Disclosed,0.0,0.0,Bangalore Rural,23.0,Naukri,3.9,0.0,"Pyspark, Cloud, Bi Tools",No,0.0,Bengaluru,"['Pyspark', 'Cloud', 'Bi Tools']"
Data Analyst - Python & Pyspark,D2N SOLUTIONS,5-10 Yrs,5.0,10.0,Not Disclosed,0.0,0.0,Bangalore Rural,23.0,Naukri,3.9,0.0,"Pyspark, Scala, Data Analysis",No,0.0,Bengaluru,"['Pyspark', 'Scala', 'Data Analysis']"
Data Analyst - Python & Pyspark,D2N SOLUTIONS,5-10 Yrs,5.0,10.0,Not Disclosed,0.0,0.0,Hyderabad / Secunderabad,23.0,Naukri,3.9,0.0,"Pyspark, Java, Scala",No,0.0,Hyderabad,"['Pyspark', 'Java', 'Scala']"
Data  Analyst - Python Scripting / PySpark & SQL,D2N SOLUTIONS,6-11 Yrs,6.0,11.0,₹ 2.95 - 12.1L/yr (AmbitionBox estimate),295000.0,1210000.0,Pune,23.0,Naukri,3.9,0.0,"DWH, Power BI, Python Scripting",Yes,752500.0,Pune,"['Dwh', 'Power Bi', 'Python Scripting']"
Data Analyst - OWS,D2N SOLUTIONS,5-9 Yrs,5.0,9.0,₹ 2.2 - 15L/yr (AmbitionBox estimate),220000.00000000003,1500000.0,Pune,23.0,Naukri,3.9,0.0,"Screening, EDQ, Oracle Watch",Yes,860000.0,Pune,"['Screening', 'Edq', 'Oracle Watch']"
Sr Data Analyst- SQL,ARA Resources,5-10 Yrs,5.0,10.0,₹ 12 - 20L/yr,1200000.0,2000000.0,Bangalore / Bengaluru,23.0,Naukri,3.9,0.0,"QC, Data Analysis, SQL Queries",Yes,1600000.0,Bengaluru,"['Qc', 'Data Analysis', 'Sql Queries']"
Business Analytics,Symbiosis Management Consultants,8-13 Yrs,8.0,13.0,Not Disclosed,0.0,0.0,Mumbai,23.0,Naukri,3.9,0.0,"AZURE, MACHINE LEARNING, CLOUD",No,0.0,Mumbai,"['Azure', 'Machine Learning', 'Cloud']"
MIS / Data Analyst,Kmspl Services,3-8 Yrs,3.0,8.0,₹ 4 - 4.75L/yr,400000.0,475000.0,Bhubaneshwar,23.0,Naukri,3.9,0.0,"MIS, MIS Operations, Data Management",Yes,437500.0,Bhubaneshwar,"['Mis', 'Mis Operations', 'Data Management']"
Data Analyst,Ducker Worldwide Management Consulting Pvt. Ltd,1-3 Yrs,1.0,3.0,Not Disclosed,0.0,0.0,Bangalore / Bengaluru,60.0,Naukri,3.9,5.0,"Consulting, Market research, Analytics",No,0.0,Bengaluru,"['Consulting', 'Market Research', 'Analytics']"
Data Analyst - Azure (5-9 yrs),Talent join,Not Specified,0.0,0.0,Not Disclosed,0.0,0.0,Not Specified,24.0,hirist,3.9,0.0,Not Specified,No,0.0,Not Specified,[]
Looking For Data Analyst (Qualtrics & SAP SuccessFactors),CDI Solutions,3-5 Yrs,3.0,5.0,₹ 1.25 - 37L/yr (AmbitionBox estimate),125000.0,3700000.0,Bangalore / Bengaluru,24.0,Naukri,3.9,0.0,"Excel, business intelligence platforms, Power BI",Yes,1912500.0,Bengaluru,"['Excel', 'Business Intelligence Platforms', 'Power Bi']"
Data analyst,iProPal (ALLPS),1-3 Yrs,1.0,3.0,Not Disclosed,0.0,0.0,Remote,24.0,Naukri,3.9,0.0,"Data analytics, Data Analyst, Internship",No,0.0,Remote,"['Data Analytics', 'Data Analyst', 'Internship']"
Data Analyst,HealthSy,1-3 Yrs,1.0,3.0,Not Disclosed,0.0,0.0,Coimbatore,24.0,Naukri,3.9,0.0,"Backend, Data analysis, Data management",No,0.0,Coimbatore,"['Backend', 'Data Analysis', 'Data Management']"
Sr. Data Analysts,EGO FLOORING PVT. LTD.,2-6 Yrs,2.0,6.0,Not Disclosed,0.0,0.0,India,1460.0,Naukri,3.3,12.0,"Consulting, Industry research, Management",No,0.0,India,"['Consulting', 'Industry Research', 'Management']"
"Sr. Data Analysts,",NAVEDAS TECHNOLOGY SOLUTIONS PRIVATE LIMITED,1-6 Yrs,1.0,6.0,Not Disclosed,0.0,0.0,"Chennai, Pune, New Delhi
													+4 more",1460.0,Naukri,3.8,6.0,"Consulting, Recruitment, Industry research",No,0.0,Chennai,"['Consulting', 'Recruitment', 'Industry Research']"
Need JD Edwards Financial Data Analyst (for 3 year contract),Rankskills Knowledge International,6-11 Yrs,6.0,11.0,Not Disclosed,0.0,0.0,"Doha, Qatar",24.0,Naukri,3.9,0.0,"Visualization, Financial Reporting, Financial Analytics",No,0.0,Doha,"['Visualization', 'Financial Reporting', 'Financial Analytics']"
Business Analyst  In Bpo,Subhadra Jobs Consultancy,6-11 Yrs,6.0,11.0,₹ 4 - 9L/yr,400000.0,900000.0,Bangalore Rural,24.0,Naukri,3.9,0.0,"Excel, Business Analytics, Data Manipulation",Yes,650000.0,Bengaluru,"['Excel', 'Business Analytics', 'Data Manipulation']"
Data Analyst/Senior Data Analyst - Denodo Platform (3-8 yrs),HeadPro Consulting LLP,3-8 Yrs,3.0,8.0,Not Disclosed,0.0,0.0,Bangalore / Bengaluru,60.0,hirist,3.9,0.0,"Data Analyst, Data Visualization, Data Governance",No,0.0,Bengaluru,"['Data Analyst', 'Data Visualization', 'Data Governance']"
Data Analyst,Randstad,1-5 Yrs,1.0,5.0,₹ 0.094 - 37L/yr (AmbitionBox estimate),9400.0,3700000.0,"Mumbai suburbs, Mumbai, Mumbai",25.0,Naukri,3.9,0.0,"Excel, Google Suite, Data Analysis",Yes,1854700.0,Mumbai suburbs,"['Excel', 'Google Suite', 'Data Analysis']"
Senior Executive - Data Analyst,HDI outsourcing Services Private Limited,6-8 Yrs,6.0,8.0,₹ 4 - 6L/yr,400000.0,600000.0,Faridabad,25.0,Naukri,3.9,0.0,"Excel, Data Analysis, MS Office",Yes,500000.0,Faridabad,"['Excel', 'Data Analysis', 'Ms Office']"
Sr. Azure Data Analyst,Fusemachines,3-7 Yrs,3.0,7.0,Not Disclosed,0.0,0.0,Pune,60.0,Naukri,5.0,1.0,"SQL, MySQL, Project management",No,0.0,Pune,"['Sql', 'Mysql', 'Project Management']"
Data analyst trainer,Merida Tech Minds (opc),1-6 Yrs,1.0,6.0,₹ 1 - 1.5L/yr,100000.0,150000.0,Bangalore / Bengaluru,25.0,Naukri,3.9,0.0,"Data Analysis, Teaching skills",Yes,125000.0,Bengaluru,"['Data Analysis', 'Teaching Skills']"
Data Analyst professionals are required,Saino Koyo Consulting,5-10 Yrs,5.0,10.0,₹ 20 - 32.5L/yr,2000000.0,3250000.0,Hyderabad / Secunderabad,25.0,Naukri,3.9,0.0,"Analytical Skills, Excellent Communication In English, Data Analysis",Yes,2625000.0,Hyderabad,"['Analytical Skills', 'Excellent Communication In English', 'Data Analysis']"
Big Data Engineer - AWS Platform (5-10 yrs),TCCS,5-10 Yrs,5.0,10.0,Not Disclosed,0.0,0.0,"Bangalore / Bengaluru, Gurgaon / Gurugram",30.0,hirist,1.8,10.0,"Big Data, AWS, Data Warehousing",No,0.0,Bengaluru,"['Big Data', 'Aws', 'Data Warehousing']"
Urgent Hiring For Digital Marketing Analyst with a Product based MNC,Peoplefy Infosolutions,4-9 Yrs,4.0,9.0,Not Disclosed,0.0,0.0,Pune,25.0,Naukri,3.9,0.0,"Powerbi, Digital Marketing Analyst, Data Analyst",No,0.0,Pune,"['Powerbi', 'Digital Marketing Analyst', 'Data Analyst']"
Business Analyst,Nexpro247,0-5 Yrs,0.0,5.0,Not Disclosed,0.0,0.0,"Chennai, Pune, Mumbai",25.0,Naukri,3.9,0.0,"automation framework, python, analytical",No,0.0,Chennai,"['Automation Framework', 'Python', 'Analytical']"
Data Analyst,Indian Internet Solutions,1-3 Yrs,1.0,3.0,Not Disclosed,0.0,0.0,Aurangabad,30.0,Naukri,2.8,4.0,Data Analyst,No,0.0,Aurangabad,['Data Analyst']
G.M (Sales & Marketing),Damden Properties,10-15 Yrs,10.0,15.0,Not Disclosed,0.0,0.0,Bangalore / Bengaluru,2190.0,Naukri,5.0,2.0,"Customer service, Client servicing, Report generation",No,0.0,Bengaluru,"['Customer Service', 'Client Servicing', 'Report Generation']"
Senior Data Analyst - AWS,Expedite Technology Solutions LLC,2-4 Yrs,2.0,4.0,Not Disclosed,0.0,0.0,Bangalore / Bengaluru,270.0,Naukri,5.0,2.0,"Senior Data Analyst, AWS, Data analysis",No,0.0,Bengaluru,"['Senior Data Analyst', 'Aws', 'Data Analysis']"
Data Analyst,NIG SOFTWARE SOLUTION,3-8 Yrs,3.0,8.0,Not Disclosed,0.0,0.0,Salem,150.0,Naukri,5.0,2.0,"Troubleshooting, Data analysis, Consulting",No,0.0,Salem,"['Troubleshooting', 'Data Analysis', 'Consulting']"
Informatica Data Analyst - Data Quality (6-10 yrs),RapidBraiins,6-10 Yrs,6.0,10.0,Not Disclosed,0.0,0.0,Bangalore / Bengaluru,26.0,hirist,3.9,0.0,"Data Quality, Informatica, Data Analyst",No,0.0,Bengaluru,"['Data Quality', 'Informatica', 'Data Analyst']"
Manager - Data Analyst - MR Firm (7-9 yrs),iTaap,7-9 Yrs,7.0,9.0,Not Disclosed,0.0,0.0,"Mumbai, Gurgaon / Gurugram",60.0,iimjobs,5.0,1.0,"Analytics, Data Analytics, Data Management",No,0.0,Mumbai,"['Analytics', 'Data Analytics', 'Data Management']"
Data Analyst - TSI,BP INCORPORATE INTERNATIONAL.,1-3 Yrs,1.0,3.0,Not Disclosed,0.0,0.0,Pune,26.0,Naukri,3.9,0.0,"SAP, Manager Quality Assurance, Maximo",No,0.0,Pune,"['Sap', 'Manager Quality Assurance', 'Maximo']"
Data Analyst - (For Warehouse OPs) at Andher East.,Job Search,2-7 Yrs,2.0,7.0,₹ 0.16 - 1.45L/yr (AmbitionBox estimate),16000.0,145000.0,Mumbai,26.0,Naukri,3.9,0.0,"Sales Dashboard, Power Bi, Coding",Yes,80500.0,Mumbai,"['Sales Dashboard', 'Power Bi', 'Coding']"
Online Data Analyst-ETL,Resource Infrastructure Management India,6-8 Yrs,6.0,8.0,₹ 8 - 12L/yr,800000.0,1200000.0,Bangalore / Bengaluru,26.0,Naukri,3.9,0.0,"Azure, API, ETL",Yes,1000000.0,Bengaluru,"['Azure', 'Api', 'Etl']"
Data Analyst,Collabera Technologies,5-10 Yrs,5.0,10.0,₹ 2 - 28L/yr (AmbitionBox estimate),200000.0,2800000.0,Bangalore / Bengaluru,26.0,Naukri,3.9,0.0,"SQL Queries, Informatica, Data Warehousing",Yes,1500000.0,Bengaluru,"['Sql Queries', 'Informatica', 'Data Warehousing']"
Warehouse Operations & Data Analysis-MNC into Supply Chain,Nexus Manpower Solutions,3-8 Yrs,3.0,8.0,₹ 6.5 - 8L/yr,650000.0,800000.0,Bangalore / Bengaluru,26.0,Naukri,3.9,0.0,"data analysis, supply chain, hub operations",Yes,725000.0,Bengaluru,"['Data Analysis', 'Supply Chain', 'Hub Operations']"
Data Analyst,Fedelty Healthcare Pvt Ltd,0-2 Yrs,0.0,2.0,₹ 1 - 2.25L/yr,100000.0,225000.0,Mumbai,26.0,Naukri,3.9,0.0,"Analytical Skills, Data Mining, Data Cleansing",Yes,162500.0,Mumbai,"['Analytical Skills', 'Data Mining', 'Data Cleansing']"
Data Analyst,Sea and Beyond,1-4 Yrs,1.0,4.0,Not Disclosed,0.0,0.0,Mumbai,26.0,Naukri,3.9,0.0,"Data analysis, tableau, Maritime",No,0.0,Mumbai,"['Data Analysis', 'Tableau', 'Maritime']"
Azure Data Analyst,Ascendion Engineering,4-7 Yrs,4.0,7.0,₹ 0.3 - 9.5L/yr (AmbitionBox estimate),30000.0,950000.0,"Chennai, Pune, Bangalore / Bengaluru",26.0,Naukri,3.9,0.0,"azure cost management, Azure, data analysis",Yes,490000.0,Chennai,"['Azure Cost Management', 'Azure', 'Data Analysis']"
Senior Data Analyst - Reporting & Visualization (5-8 yrs),Seikor,5-8 Yrs,5.0,8.0,Not Disclosed,0.0,0.0,Hyderabad / Secunderabad,27.0,hirist,3.9,0.0,"Data Analyst, Data Analytics, Data Visualization",No,0.0,Hyderabad,"['Data Analyst', 'Data Analytics', 'Data Visualization']"
Software Engineer/Data Analyst - R/Python (4-8 yrs),Cryzdal,4-8 Yrs,4.0,8.0,Not Disclosed,0.0,0.0,Haryana,60.0,hirist,5.0,1.0,"Data Analyst, Python, R",No,0.0,Haryana,"['Data Analyst', 'Python', 'R']"
Convosight - Senior Data Analyst - Power BI/Tableau (5-7 yrs),Convosight,5-7 Yrs,5.0,7.0,Not Disclosed,0.0,0.0,"Mumbai, Bangalore / Bengaluru, Gurgaon / Gurugram",60.0,hirist,2.7,19.0,"Data Analyst, Data Analytics, Power BI",No,0.0,Mumbai,"['Data Analyst', 'Data Analytics', 'Power Bi']"
Data Analyst - Apparel Industry@Noida,Talentzq,3-6 Yrs,3.0,6.0,₹ 8 - 9.5L/yr,800000.0,950000.0,Noida,27.0,Naukri,3.9,0.0,"Retail Analytics, Power Bi, Data Visualization",Yes,875000.0,Noida,"['Retail Analytics', 'Power Bi', 'Data Visualization']"
HR Data Analyst,Peoplefy Infosolutions,6-11 Yrs,6.0,11.0,Not Disclosed,0.0,0.0,Navi Mumbai,27.0,Naukri,3.9,0.0,"Excel, Power Bi, Data Analysis",No,0.0,Navi Mumbai,"['Excel', 'Power Bi', 'Data Analysis']"
GBS Material Master Data Analyst (MDM),Smith & Nephew,5-10 Yrs,5.0,10.0,Not Disclosed,0.0,0.0,Pune,27.0,Naukri,3.9,0.0,"Equity, SAP, Informatica",No,0.0,Pune,"['Equity', 'Sap', 'Informatica']"
Data Analyst,Transformatrix Global,5-10 Yrs,5.0,10.0,₹ 5 - 10L/yr,500000.0,1000000.0,Bangalore Rural,27.0,Naukri,3.9,0.0,"Data Science, Data Mining, Data Analytics",Yes,750000.0,Bengaluru,"['Data Science', 'Data Mining', 'Data Analytics']"
Data Analyst,The IT Mind,5-10 Yrs,5.0,10.0,Not Disclosed,0.0,0.0,Chennai,270.0,Naukri,3.1,10.0,"SQL, Agile, Scrum",No,0.0,Chennai,"['Sql', 'Agile', 'Scrum']"
Data Analyst,Nurture Software Solutions Pvt Ltd,3-6 Yrs,3.0,6.0,Not Disclosed,0.0,0.0,Bangalore / Bengaluru,365.0,Naukri,1.7,34.0,"Manager Quality Control, Analytical, Operations",No,0.0,Bengaluru,"['Manager Quality Control', 'Analytical', 'Operations']"
Business Analyst/ Data Analyst,Aptus Data Labs,2-7 Yrs,2.0,7.0,Not Disclosed,0.0,0.0,Bangalore / Bengaluru,365.0,Naukri,2.7,4.0,"CRM, SQL, SMS",No,0.0,Bengaluru,"['Crm', 'Sql', 'Sms']"
Data Analyst,Tentacle solutions,8-13 Yrs,8.0,13.0,Not Disclosed,0.0,0.0,Remote,730.0,Naukri,4.1,3.0,"Javascript, Jquery, Css",No,0.0,Remote,"['Javascript', 'Jquery', 'Css']"
Data Analyst,Billow People Services,1-3 Yrs,1.0,3.0,₹ 0.1 - 45L/yr (AmbitionBox estimate),10000.0,4500000.0,Bangalore / Bengaluru,27.0,Naukri,3.9,0.0,"SQL Queries, ETL, Python",Yes,2255000.0,Bengaluru,"['Sql Queries', 'Etl', 'Python']"
Data Analyst - SQL/Azure (3-6 yrs),GM INFOTECH,3-6 Yrs,3.0,6.0,Not Disclosed,0.0,0.0,"Mumbai, Navi Mumbai",60.0,hirist,4.4,2.0,"Data Analyst, SQL, Power BI",No,0.0,Mumbai,"['Data Analyst', 'Sql', 'Power Bi']"
Data Analyst - MIS - Mutual Fund (5-6 yrs),Arin Consultancy Pvt. Ltd.,5-6 Yrs,5.0,6.0,Not Disclosed,0.0,0.0,Mumbai,30.0,iimjobs,3.0,1.0,"Analytics, Data Analytics, Consulting - BFSI",No,0.0,Mumbai,"['Analytics', 'Data Analytics', 'Consulting - Bfsi']"
Data Analyst,Valocity,1-4 Yrs,1.0,4.0,Not Disclosed,0.0,0.0,New Delhi,30.0,Naukri,2.3,6.0,"Data Analyst, Troubleshooting, Analytics",No,0.0,Delhi,"['Data Analyst', 'Troubleshooting', 'Analytics']"
Solution Manager - Power BI (7-10 yrs),GM INFOTECH,7-10 Yrs,7.0,10.0,Not Disclosed,0.0,0.0,Pune,60.0,hirist,4.4,2.0,"Power BI, Data Analyst, Solution Design",No,0.0,Pune,"['Power Bi', 'Data Analyst', 'Solution Design']"
Data Processing Analyst - Research Operations,Savanta,1-4 Yrs,1.0,4.0,Not Disclosed,0.0,0.0,"New Delhi, Noida",1095.0,Naukri,3.5,7.0,"Career development, Data analysis, Diversity and Inclusion",No,0.0,Delhi,"['Career Development', 'Data Analysis', 'Diversity And Inclusion']"
Senior Qualtrics Data Analyst,Anika Technologies,7-10 Yrs,7.0,10.0,₹ 3.24 - 28L/yr (AmbitionBox estimate),324000.0,2800000.0,Bangalore / Bengaluru,29.0,Naukri,3.9,0.0,"Data Manipulation, Implementing Data Models, SAP CRM",Yes,1562000.0,Bengaluru,"['Data Manipulation', 'Implementing Data Models', 'Sap Crm']"
Online Data Analyst -ETL,Ontrack Hr Services,6-8 Yrs,6.0,8.0,₹ 15 - 18L/yr,1500000.0,1800000.0,Bangalore / Bengaluru,29.0,Naukri,3.9,0.0,"Data Automation, Cloud Platforms, Api Integration",Yes,1650000.0,Bengaluru,"['Data Automation', 'Cloud Platforms', 'Api Integration']"
Data Analyst,SKY Jobs Hr Services,5-10 Yrs,5.0,10.0,₹ 12 - 22L/yr,1200000.0,2200000.0,"Chennai, Pune, Bangalore Rural
													+1 more",29.0,Naukri,3.9,0.0,"SAS, Power Bi, ANMF",Yes,1700000.0,Chennai,"['Sas', 'Power Bi', 'Anmf']"
Financial Data Analyst || Hybrid || Bangalore,Sunrise Job Consultancy,1-6 Yrs,1.0,6.0,₹ 1 - 6L/yr,100000.0,600000.0,Bangalore / Bengaluru,29.0,Naukri,3.9,0.0,"Financial Analysis, Excel, Accounting",Yes,350000.0,Bengaluru,"['Financial Analysis', 'Excel', 'Accounting']"
Business Analyst in Data Analytics,Mount Talent Consulting,3-8 Yrs,3.0,8.0,₹ 5.5 - 15L/yr,550000.0,1500000.0,Chennai,29.0,Naukri,3.9,0.0,"Data Modelling, Business Analyst, VBA",Yes,1025000.0,Chennai,"['Data Modelling', 'Business Analyst', 'Vba']"
Data Analyst | Forecasting | Power BI | WFH | US MNC | Gurgaon,Impetus Consultants,3-8 Yrs,3.0,8.0,₹ 4.5 - 8.5L/yr,450000.0,850000.0,Gurgaon / Gurugram,29.0,Naukri,3.9,0.0,"Data Science, Power BI, Capacity Planning",Yes,650000.0,Gurugram,"['Data Science', 'Power Bi', 'Capacity Planning']"
Data Analyst - US MNC (analytics),Aspyra Hr Services,3-8 Yrs,3.0,8.0,₹ 15 - 30L/yr,1500000.0,3000000.0,"Bangalore / Bengaluru, Hyderabad / Secunderabad",29.0,Naukri,3.9,0.0,"Business Intelligence, hql, Business Analytics",Yes,2250000.0,Bengaluru,"['Business Intelligence', 'Hql', 'Business Analytics']"
Data Analyst,ELEVATE Global,1-3 Yrs,1.0,3.0,Not Disclosed,0.0,0.0,Bangalore / Bengaluru,60.0,Naukri,4.2,3.0,"Consulting, Market research, Analytics",No,0.0,Bengaluru,"['Consulting', 'Market Research', 'Analytics']"
Senior IT Data Analyst - Data Visualization Tools (3-15 yrs),Dotflick Solutions,3-15 Yrs,3.0,15.0,Not Disclosed,0.0,0.0,"Guwahati, Orrisa, Patiala
													+10 more",30.0,hirist,3.9,0.0,"Big Data, Data Analyst, Data Analytics",No,0.0,Guwahati,"['Big Data', 'Data Analyst', 'Data Analytics']"
Lead Data Analyst (Managing Database)_Immediate_Bangalore_WFO,HR Central,4-6 Yrs,4.0,6.0,₹ 5 - 35L/yr (AmbitionBox estimate),500000.0,3500000.0,Bangalore / Bengaluru,30.0,Naukri,3.9,0.0,"Data Validation, Data Compilation, Database Management",Yes,2000000.0,Bengaluru,"['Data Validation', 'Data Compilation', 'Database Management']"
Urgent hiring For Data Analyst  in leading MNC (Third party payroll),Altezzasys,6-11 Yrs,6.0,11.0,₹ 0.15 - 36L/yr (AmbitionBox estimate),15000.0,3600000.0,"Chennai, Pune",30.0,Naukri,3.9,0.0,"Kubeflow, AWS Lambdas, Amazon Redshift",Yes,1807500.0,Chennai,"['Kubeflow', 'Aws Lambdas', 'Amazon Redshift']"
ASSISTANT DATA ANALYST,Aditya Pharmacy,0-2 Yrs,0.0,2.0,Not Disclosed,0.0,0.0,Hyderabad / Secunderabad,730.0,Naukri,3.5,7.0,Data Analyst,No,0.0,Hyderabad,['Data Analyst']
SupplyChain Consultant(techno function)(Supply Chan Data Analyst) WFH,INTELLI SEARCH,3-8 Yrs,3.0,8.0,₹ 8 - 18L/yr,800000.0,1800000.0,Bangalore / Bengaluru,30.0,Naukri,3.9,0.0,"delivery, confluence, Ecommerce",Yes,1300000.0,Bengaluru,"['Delivery', 'Confluence', 'Ecommerce']"
Quantitative Analyst/ Data Analyst,Randstad,1-6 Yrs,1.0,6.0,Not Disclosed,0.0,0.0,Ahmedabad,30.0,Naukri,3.9,0.0,"Statistics, Python",No,0.0,Ahmedabad,"['Statistics', 'Python']"
Data Analyst,Dynpro,2-5 Yrs,2.0,5.0,₹ 2 - 5.5L/yr,200000.0,550000.0,Hyderabad / Secunderabad,30.0,Naukri,3.9,0.0,"Data Analysis, Data Cleansing, Advanced Excel",Yes,375000.0,Hyderabad,"['Data Analysis', 'Data Cleansing', 'Advanced Excel']"
BIU Manager- ATM _ Bank,V Konnect,5-10 Yrs,5.0,10.0,₹ 12 - 17L/yr,1200000.0,1700000.0,Mumbai,30.0,Naukri,3.9,0.0,"Business Intelligence, predictive modelling, portfolio",Yes,1450000.0,Mumbai,"['Business Intelligence', 'Predictive Modelling', 'Portfolio']"
HR Data Analyst/Analytics,Peoplefy Infosolutions,7-12 Yrs,7.0,12.0,Not Disclosed,0.0,0.0,Navi Mumbai,30.0,Naukri,3.9,0.0,"Excel, Data Management, Data Analysis",No,0.0,Navi Mumbai,"['Excel', 'Data Management', 'Data Analysis']"
Data Analyst/Managers-2074,Live Connections,2-7 Yrs,2.0,7.0,₹ 7 - 9L/yr,700000.0,900000.0,Chennai,30.0,Naukri,3.9,0.0,"Unica Campaign, Power Bi, Data Mining",Yes,800000.0,Chennai,"['Unica Campaign', 'Power Bi', 'Data Mining']"
SR.Engineer-Data Analyst/ Dx Consultant,Alliance Placement Solutions,5-6 Yrs,5.0,6.0,₹ 5.5 - 7L/yr,550000.0,700000.0,Bawal,30.0,Naukri,3.9,0.0,"Business Analyst, system design, Data Analyst",Yes,625000.0,Bawal,"['Business Analyst', 'System Design', 'Data Analyst']"
Data Analytic | Fresher | Business Analytics,Creative Hands HR,2-5 Yrs,2.0,5.0,₹ 2.5 - 6L/yr,250000.0,600000.0,"Chennai, Bangalore / Bengaluru, Hyderabad / Secunderabad",30.0,Naukri,3.9,0.0,"excel, Business Research, freshers",Yes,425000.0,Chennai,"['Excel', 'Business Research', 'Freshers']"
Data Analyst - Looker Studio Expert,Jay Consulting,2-7 Yrs,2.0,7.0,₹ 3 - 7L/yr,300000.0,700000.0,Jaipur,30.0,Naukri,3.9,0.0,"Google Data Studio, Power Bi, Excel Dashboards",Yes,500000.0,Jaipur,"['Google Data Studio', 'Power Bi', 'Excel Dashboards']"
Data Analyst,Access Partners,4-7 Yrs,4.0,7.0,₹ 0.13 - 60L/yr (AmbitionBox estimate),13000.0,6000000.0,India,30.0,Naukri,3.9,0.0,"Data Analytics, MIS Reporting",Yes,3006500.0,India,"['Data Analytics', 'Mis Reporting']"
Data Analyst,Supplymint,1-3 Yrs,1.0,3.0,Not Disclosed,0.0,0.0,Gurgaon / Gurugram,30.0,Naukri,3.9,0.0,Data Analyst,No,0.0,Gurugram,['Data Analyst']
We Are Hiring Full stack Python Developer ( Business & Data Analyst),Coriolis Tech,0-1 Yrs,0.0,1.0,₹ 4.25 - 7L/yr,425000.0,700000.0,Pune,30.0,Naukri,3.9,0.0,c,Yes,562500.0,Pune,['C']
Lead Analyst - Market Insights - Diversity Role,Flexability Hr Solutions,7-12 Yrs,7.0,12.0,₹ 15 - 27.5L/yr,1500000.0,2750000.0,Pune,30.0,Naukri,3.9,0.0,"market Analyst, Power Bi, market insight",Yes,2125000.0,Pune,"['Market Analyst', 'Power Bi', 'Market Insight']"
Data Analyst,Mits Solution,5-10 Yrs,5.0,10.0,₹ 20 - 25L/yr,2000000.0,2500000.0,Bangalore Rural,30.0,Naukri,3.9,0.0,"Power Bi, Snowflake, ETL",Yes,2250000.0,Bengaluru,"['Power Bi', 'Snowflake', 'Etl']"
Data Analyst,Material Depot,2-5 Yrs,2.0,5.0,Not Disclosed,0.0,0.0,Bangalore / Bengaluru,270.0,Naukri,3.7,5.0,"Manager Quality Assurance, Troubleshooting, Data mining",No,0.0,Bengaluru,"['Manager Quality Assurance', 'Troubleshooting', 'Data Mining']"
Software Developer,Scientiaarc Solutions Ltd,1-5 Yrs,1.0,5.0,Not Disclosed,0.0,0.0,Kanyakumari,240.0,Naukri,4.7,2.0,"cloud architect, big data analyst, Simulink",No,0.0,Kanyakumari,"['Cloud Architect', 'Big Data Analyst', 'Simulink']"
Sr. Data Analyst,GForce Consulting Solutions,3-7 Yrs,3.0,7.0,Not Disclosed,0.0,0.0,Gurgaon / Gurugram,365.0,Naukri,4.2,3.0,"SQL, Python, Business intelligence",No,0.0,Gurugram,"['Sql', 'Python', 'Business Intelligence']"
Healthcare Data Analyst,Tech Rakers,6-9 Yrs,6.0,9.0,₹ 15 - 17L/yr,1500000.0,1700000.0,Hyderabad / Secunderabad,30.0,Naukri,1.0,2.0,"data analysis, Power BI, SAS",Yes,1600000.0,Hyderabad,"['Data Analysis', 'Power Bi', 'Sas']"
Data Analyst- Graph Analytics-Neo4j,Energik InfoSystem,2-6 Yrs,2.0,6.0,₹ 18 - 25L/yr,1800000.0,2500000.0,Noida,30.0,Naukri,3.9,0.0,"APOC Library, Neo4J, Cypher",Yes,2150000.0,Noida,"['Apoc Library', 'Neo4J', 'Cypher']"
Data Analyst- Graph Analytics-Neo4j,Energik InfoSystem,2-6 Yrs,2.0,6.0,₹ 18 - 25L/yr,1800000.0,2500000.0,Pune,30.0,Naukri,3.9,0.0,"APOC Library, Neo4J, Cypher",Yes,2150000.0,Pune,"['Apoc Library', 'Neo4J', 'Cypher']"
Data Analyst- Graph Analytics-Neo4j,Energik InfoSystem,2-6 Yrs,2.0,6.0,₹ 18 - 25L/yr,1800000.0,2500000.0,Bangalore / Bengaluru,30.0,Naukri,3.9,0.0,"APOC Library, Neo4J, Cypher",Yes,2150000.0,Bengaluru,"['Apoc Library', 'Neo4J', 'Cypher']"
Data Analyst- Graph Analytics-Neo4j,Energik InfoSystem,2-6 Yrs,2.0,6.0,₹ 18 - 25L/yr,1800000.0,2500000.0,Gurgaon / Gurugram,30.0,Naukri,3.9,0.0,"APOC Library, Neo4J, Cypher",Yes,2150000.0,Gurugram,"['Apoc Library', 'Neo4J', 'Cypher']"
Data Analyst - US MNC (analytics),Aspyra Hr Services,3-8 Yrs,3.0,8.0,₹ 15 - 30L/yr,1500000.0,3000000.0,"Delhi/Ncr, Gurgaon / Gurugram, Noida",30.0,Naukri,3.9,0.0,"Business Intelligence, hql, Business Analytics",Yes,2250000.0,Delhi,"['Business Intelligence', 'Hql', 'Business Analytics']"
Azure Data Analyst,Ascendion Engineering,4-9 Yrs,4.0,9.0,₹ 12 - 22L/yr,1200000.0,2200000.0,"Chennai, Bangalore / Bengaluru, Hyderabad / Secunderabad",30.0,Naukri,3.9,0.0,"Azure, Snowflake, Data Analysis",Yes,1700000.0,Chennai,"['Azure', 'Snowflake', 'Data Analysis']"
Data Analyst with a US Based Product Company-Jaipur,Seventh Contact Hiring Solutions,6-10 Yrs,6.0,10.0,Not Disclosed,0.0,0.0,Jaipur,30.0,Naukri,3.9,0.0,"SED, Shell Scripting, AWK",No,0.0,Jaipur,"['Sed', 'Shell Scripting', 'Awk']"
Sr. Data Analyst - SQL / ETL,People Connection,9-14 Yrs,9.0,14.0,₹ 3.2 - 13L/yr (AmbitionBox estimate),320000.0,1300000.0,Mumbai,30.0,Naukri,3.9,0.0,"shared services, data analysis, data analytics",Yes,810000.0,Mumbai,"['Shared Services', 'Data Analysis', 'Data Analytics']"
"Fresher, Graduate, Recruitment, HR, MBA, Marketing, Communication",Iplace Consultant,0-2 Yrs,0.0,2.0,₹ 2 - 5L/yr,200000.0,500000.0,"Chennai, Pune, Mumbai",30.0,Naukri,3.9,0.0,"BBA, BPO, Calling",Yes,350000.0,Chennai,"['Bba', 'Bpo', 'Calling']"
Data Analyst 1,Thoughtgen Analytics,0-2 Yrs,0.0,2.0,₹ 3.5 - 5L/yr,350000.0,500000.0,Mumbai Suburbs,30.0,Naukri,3.9,0.0,"Excel, Power Bi, Tableau",Yes,425000.0,Mumbai Suburbs,"['Excel', 'Power Bi', 'Tableau']"
Data Analyst/Data Tester,Placenet Consultants,4-6 Yrs,4.0,6.0,Not Disclosed,0.0,0.0,Hyderabad / Secunderabad,30.0,Naukri,3.9,0.0,"Testing Tools, sparksql, data tester",No,0.0,Hyderabad,"['Testing Tools', 'Sparksql', 'Data Tester']"
Data Analyst,CRE Matrix,0-4 Yrs,0.0,4.0,Not Disclosed,0.0,0.0,Mumbai,60.0,Naukri,4.6,2.0,"Data entry, Leasing, CRE",No,0.0,Mumbai,"['Data Entry', 'Leasing', 'Cre']"
RBHU Analytics - Data Analyst Trainee - R/Python (0-2 yrs),RBHU ETG Private Limited,0-2 Yrs,0.0,2.0,Not Disclosed,0.0,0.0,Mumbai,60.0,hirist,2.9,4.0,"Data Analyst, R, Python",No,0.0,Mumbai,"['Data Analyst', 'R', 'Python']"
Data Analyst,Golden Gate Battery,2-6 Yrs,2.0,6.0,Not Disclosed,0.0,0.0,Cochin/Ernakulam/Kochi,30.0,Naukri,3.9,0.0,"Data analysis, Malayalam, Python",No,0.0,Cochin,"['Data Analysis', 'Malayalam', 'Python']"
Data Analyst,Tyootr,1-3 Yrs,1.0,3.0,Not Disclosed,0.0,0.0,Bangalore / Bengaluru,30.0,Naukri,3.9,0.0,"data mining, data cleansing, data analysis",No,0.0,Bengaluru,"['Data Mining', 'Data Cleansing', 'Data Analysis']"
Data Analyst,Facts N Data,3-6 Yrs,3.0,6.0,Not Disclosed,0.0,0.0,Noida,60.0,Naukri,5.0,1.0,"metadata, python, data analysis",No,0.0,Noida,"['Metadata', 'Python', 'Data Analysis']"
Data Analyst(0 Experience Required),Peroptyx,0-5 Yrs,0.0,5.0,Not Disclosed,0.0,0.0,Delhi/Ncr,30.0,Naukri,3.9,0.0,"Data Analysis, Data Analytics, Data Mapping",No,0.0,Delhi,"['Data Analysis', 'Data Analytics', 'Data Mapping']"
Associate Data Analyst,Talentas Technology Private Limited,1-2 Yrs,1.0,2.0,Not Disclosed,0.0,0.0,Hyderabad / Secunderabad,365.0,Naukri,4.7,2.0,"Python, Stored procedures, Machine learning",No,0.0,Hyderabad,"['Python', 'Stored Procedures', 'Machine Learning']"
Data Analyst,Aryavart Institute of Technology,1-3 Yrs,1.0,3.0,Not Disclosed,0.0,0.0,"Kanpur, Supaul, Patna
													+1 more",60.0,Naukri,5.0,1.0,"Data analysis, Data mining, Analytical",No,0.0,Kanpur,"['Data Analysis', 'Data Mining', 'Analytical']"
Data Analyst - Python/R/SQL (5-7 yrs),sm it services,5-7 Yrs,5.0,7.0,Not Disclosed,0.0,0.0,Thane,30.0,hirist,3.9,0.0,"Data Analytics, Data Analyst, Dashboard Design",No,0.0,Thane,"['Data Analytics', 'Data Analyst', 'Dashboard Design']"
Senior Data Analyst - Business Intelligence (3-5 yrs),Insight Advisors Private Limited,3-5 Yrs,3.0,5.0,Not Disclosed,0.0,0.0,"International/Overseas, Saudi arabia",60.0,hirist,5.0,1.0,"SQL, Power BI, Python",No,0.0,International,"['Sql', 'Power Bi', 'Python']"
BI Data Analyst,sortimat technology pvt. ltd.,2-3 Yrs,2.0,3.0,Not Disclosed,0.0,0.0,Bangalore / Bengaluru,30.0,Naukri,3.9,0.0,"PLM, ERP, Technical management",No,0.0,Bengaluru,"['Plm', 'Erp', 'Technical Management']"
Data Analyst,ASSA ABLOY Entrance Systems,5-7 Yrs,5.0,7.0,Not Disclosed,0.0,0.0,Chennai,30.0,Naukri,3.9,0.0,"python, data analysis, business requirements",No,0.0,Chennai,"['Python', 'Data Analysis', 'Business Requirements']"
Data Analyst - Python/SQL (2-5 yrs),Whizz HR,2-5 Yrs,2.0,5.0,Not Disclosed,0.0,0.0,Bangalore / Bengaluru,60.0,hirist,3.3,7.0,"Data Analyst, Data Analytics, Python",No,0.0,Bengaluru,"['Data Analyst', 'Data Analytics', 'Python']"
Human Resources Data Analyst II,Hillenbrand,2-4 Yrs,2.0,4.0,Not Disclosed,0.0,0.0,Coimbatore,150.0,Naukri,3.7,4.0,"Analytics, Automation, Continuous improvement",No,0.0,Coimbatore,"['Analytics', 'Automation', 'Continuous Improvement']"
Senior Data Analyst,Pearlsoft Technology,4-9 Yrs,4.0,9.0,Not Disclosed,0.0,0.0,Chennai,210.0,Naukri,3.6,5.0,"Senior Data Analyst, Oracle, SSIS",No,0.0,Chennai,"['Senior Data Analyst', 'Oracle', 'Ssis']"
Events Data Analyst,Bloomberg UTV,1-2 Yrs,1.0,2.0,Not Disclosed,0.0,0.0,Mumbai,365.0,Naukri,4.0,3.0,"Data Analyst, Customer support, Data analysis",No,0.0,Mumbai,"['Data Analyst', 'Customer Support', 'Data Analysis']"
Research Analyst,"MarketJoy, Inc.",2-6 Yrs,2.0,6.0,Not Disclosed,0.0,0.0,Pune,365.0,Naukri,3.4,6.0,"Market research, Data analysis, Data mining",No,0.0,Pune,"['Market Research', 'Data Analysis', 'Data Mining']"
Senior Data Analyst,Luminar Technologies,0-4 Yrs,0.0,4.0,Not Disclosed,0.0,0.0,New Delhi,365.0,Naukri,4.1,3.0,"Automotive, Manager Internal Audit, Data Analyst",No,0.0,Delhi,"['Automotive', 'Manager Internal Audit', 'Data Analyst']"
Senior Data Analyst,InsightsE,1-2 Yrs,1.0,2.0,Not Disclosed,0.0,0.0,Cochin/Ernakulam/Kochi,1095.0,Naukri,4.3,2.0,"Data analysis, SAS, Data Analyst",No,0.0,Cochin,"['Data Analysis', 'Sas', 'Data Analyst']"
Data Analyst - SQL/Python (2-4 yrs),Yo HR Consultancy,2-4 Yrs,2.0,4.0,Not Disclosed,0.0,0.0,Mumbai,60.0,hirist,5.0,1.0,"Data Analyst, Data Analytics, SQL",No,0.0,Mumbai,"['Data Analyst', 'Data Analytics', 'Sql']"
Data Analyst,Sea and Beyond,1-2 Yrs,1.0,2.0,Not Disclosed,0.0,0.0,"Navi Mumbai, Mumbai",30.0,Naukri,3.9,0.0,"Macros, Photoshop, Adobe",No,0.0,Navi Mumbai,"['Macros', 'Photoshop', 'Adobe']"
Marketing /CRM Data Analyst,Marrina decisions,2-5 Yrs,2.0,5.0,Not Disclosed,0.0,0.0,Remote,300.0,Naukri,4.0,3.0,"CRM, Project management, Analytics",No,0.0,Remote,"['Crm', 'Project Management', 'Analytics']"
Data Analyst,Hudson Data,2-5 Yrs,2.0,5.0,Not Disclosed,0.0,0.0,Remote,365.0,Naukri,3.5,5.0,"Data Analyst, Business process, Analytical",No,0.0,Remote,"['Data Analyst', 'Business Process', 'Analytical']"
Data Analyst,altbalaji,2-5 Yrs,2.0,5.0,Not Disclosed,0.0,0.0,Mumbai,365.0,Naukri,3.1,9.0,"Analytics, Javascript, Analytical",No,0.0,Mumbai,"['Analytics', 'Javascript', 'Analytical']"
Data scientist / Data Analyst / AI Expert,Innovadors Lab Pvt Ltd,1-2 Yrs,1.0,2.0,Not Disclosed,0.0,0.0,Bhubaneshwar,1095.0,Naukri,4.0,3.0,"Testing, Python, Open source",No,0.0,Bhubaneshwar,"['Testing', 'Python', 'Open Source']"
Lead/Senior Data Analyst - Internet/Online (4-6 yrs),Youth4 Talent Solutions and Services,4-6 Yrs,4.0,6.0,Not Disclosed,0.0,0.0,Bangalore / Bengaluru,30.0,iimjobs,3.9,0.0,"Predictive Modeling, Data Modeling, Data Analytics",No,0.0,Bengaluru,"['Predictive Modeling', 'Data Modeling', 'Data Analytics']"
Junior Data Analyst,PIPECARE Group,0-2 Yrs,0.0,2.0,Not Disclosed,0.0,0.0,Noida,90.0,Naukri,3.2,7.0,"GIS, Petrochemical, Manager Quality Assurance",No,0.0,Noida,"['Gis', 'Petrochemical', 'Manager Quality Assurance']"
DATA ANALYST/ SCIENTIST,Mid Town Software,2-6 Yrs,2.0,6.0,Not Disclosed,0.0,0.0,Mohali,120.0,Naukri,3.9,3.0,"SQL, Python, Business analysis",No,0.0,Mohali,"['Sql', 'Python', 'Business Analysis']"
Senior Data Analyst,ThyssenKrupp Elevator (India) Pvt. Ltd,8-12 Yrs,8.0,12.0,Not Disclosed,0.0,0.0,Thane,150.0,Naukri,3.0,7.0,"Data analysis, SQL, Process improvement",No,0.0,Thane,"['Data Analysis', 'Sql', 'Process Improvement']"
Data Analyst - SQL/Python (3-5 yrs),SILCOSYS Solutions Pvt. Ltd,3-5 Yrs,3.0,5.0,Not Disclosed,0.0,0.0,Hyderabad / Secunderabad,30.0,hirist,3.9,0.0,"SQL, Python, Power BI",No,0.0,Hyderabad,"['Sql', 'Python', 'Power Bi']"
Data Analyst - Python (3-5 yrs),K2 Data & Analytics,3-5 Yrs,3.0,5.0,Not Disclosed,0.0,0.0,Hyderabad / Secunderabad,30.0,hirist,3.9,0.0,"Data Analyst, Data Analytics, Analytics",No,0.0,Hyderabad,"['Data Analyst', 'Data Analytics', 'Analytics']"
Project Manager - Data Analytics (7-12 yrs),ProPMO Services Private Limited,7-12 Yrs,7.0,12.0,Not Disclosed,0.0,0.0,Pune,30.0,hirist,3.9,0.0,"Data Analyst, Data Analytics, IIOT",No,0.0,Pune,"['Data Analyst', 'Data Analytics', 'Iiot']"
Senior/Lead Analyst - R/SQL/Python (8-12 yrs),WIZSTAFFING PRIVATE LIMITED,8-12 Yrs,8.0,12.0,Not Disclosed,0.0,0.0,Bangalore / Bengaluru,30.0,hirist,1.0,2.0,"Data Analyst, Data Analytics, R",No,0.0,Bengaluru,"['Data Analyst', 'Data Analytics', 'R']"
FP&A Data Analyst,Poppulo,3-5 Yrs,3.0,5.0,Not Disclosed,0.0,0.0,Bangalore / Bengaluru,30.0,Naukri,3.9,0.0,"Troubleshooting, Reconciliation, Analytics",No,0.0,Bengaluru,"['Troubleshooting', 'Reconciliation', 'Analytics']"
Financial Data Analyst,Energy Aspects,1-4 Yrs,1.0,4.0,Not Disclosed,0.0,0.0,Kolkata,120.0,Naukri,3.9,3.0,"SQL, Data analysis, Monitoring",No,0.0,Kolkata,"['Sql', 'Data Analysis', 'Monitoring']"
Data Analyst - SQL/Python (2-5 yrs),Bizdeed HR Solutions Pvt.Ltd,2-5 Yrs,2.0,5.0,Not Disclosed,0.0,0.0,Mumbai,60.0,hirist,5.0,1.0,"Data Analyst, Data Analytics, SQL",No,0.0,Mumbai,"['Data Analyst', 'Data Analytics', 'Sql']"
Data Analyst,STEP NEXT,2-4 Yrs,2.0,4.0,Not Disclosed,0.0,0.0,Amod,30.0,Naukri,3.9,0.0,"HTML, Automation, Workflow",No,0.0,Amod,"['Html', 'Automation', 'Workflow']"
Data Analyst,GyanTU,2-7 Yrs,2.0,7.0,Not Disclosed,0.0,0.0,"Chennai, Pune, New Delhi
													+4 more",60.0,Naukri,5.0,1.0,"Troubleshooting, Data mining, E-learning",No,0.0,Chennai,"['Troubleshooting', 'Data Mining', 'E-Learning']"
Senior Data Analyst,BP INCORPORATE INTERNATIONAL.,8-12 Yrs,8.0,12.0,Not Disclosed,0.0,0.0,Pune,30.0,Naukri,3.9,0.0,"Performance tuning, Data analysis, SAP FICO",No,0.0,Pune,"['Performance Tuning', 'Data Analysis', 'Sap Fico']"
Senior Data Analyst - Azure (4-6 yrs),estrel.ai,4-6 Yrs,4.0,6.0,Not Disclosed,0.0,0.0,Delhi ncr,30.0,hirist,3.9,0.0,"Data Analyst, Azure, Python",No,0.0,Delhi ncr,"['Data Analyst', 'Azure', 'Python']"
Presales & Solution Architect - Data Analytics (5-8 yrs),estrel.ai,5-8 Yrs,5.0,8.0,Not Disclosed,0.0,0.0,"Delhi ncr, Noida",30.0,hirist,3.9,0.0,"Presales, Solution Architect, Data Analyst",No,0.0,Delhi ncr,"['Presales', 'Solution Architect', 'Data Analyst']"
Data Analyst - Power BI (3-5 yrs),estrel.ai,3-5 Yrs,3.0,5.0,Not Disclosed,0.0,0.0,"International/Overseas, Abu Dhabi",30.0,hirist,3.9,0.0,"Data Analyst, Power BI, Data Analytics",No,0.0,International,"['Data Analyst', 'Power Bi', 'Data Analytics']"
Data Analyst,MS Clinical Research (P) Ltd,1-4 Yrs,1.0,4.0,Not Disclosed,0.0,0.0,Bangalore / Bengaluru,90.0,Naukri,2.7,12.0,"data mining, data cleansing, data analysis",No,0.0,Bengaluru,"['Data Mining', 'Data Cleansing', 'Data Analysis']"
Data Analyst,Valasys Media Pvt Ltd,4-9 Yrs,4.0,9.0,Not Disclosed,0.0,0.0,Pune,365.0,Naukri,2.6,16.0,"Helpdesk, Data analysis, Data mining",No,0.0,Pune,"['Helpdesk', 'Data Analysis', 'Data Mining']"
Dot NET Developer,Oceanfrogs,0-1 Yrs,0.0,1.0,Not Disclosed,0.0,0.0,Remote,730.0,Naukri,4.2,2.0,"Data Analyst, Analyst 1, SQL",No,0.0,Remote,"['Data Analyst', 'Analyst 1', 'Sql']"
Data Analyst Manager,VoiceTree Technologies Pvt Ltd.,8-15 Yrs,8.0,15.0,Not Disclosed,0.0,0.0,Remote,730.0,Naukri,2.4,27.0,"Data analysis, Automation, Data collection",No,0.0,Remote,"['Data Analysis', 'Automation', 'Data Collection']"
Data Analyst,ALLIANCES GALORE PRIVATE LIMITED,1-3 Yrs,1.0,3.0,Not Disclosed,0.0,0.0,Bangalore / Bengaluru,365.0,Naukri,2.4,20.0,Data Analyst,No,0.0,Bengaluru,['Data Analyst']
Data Analyst,WorkFusion,2-6 Yrs,2.0,6.0,Not Disclosed,0.0,0.0,Hyderabad / Secunderabad,730.0,Naukri,2.3,26.0,"Data collection, Data Analyst, tableau",No,0.0,Hyderabad,"['Data Collection', 'Data Analyst', 'Tableau']"
Tableau Architect - Reporting Analytics & Dashboard (12-15 yrs),RapidBraiins,12-15 Yrs,12.0,15.0,Not Disclosed,0.0,0.0,"Kolkata, Chennai, Pune",30.0,hirist,3.9,0.0,"Tableau, Reporting Analytics, Analytics Dashboards",No,0.0,Kolkata,"['Tableau', 'Reporting Analytics', 'Analytics Dashboards']"
Senior Data Analyst,ZAGENO Inc,3-6 Yrs,3.0,6.0,Not Disclosed,0.0,0.0,Bangalore / Bengaluru,30.0,Naukri,1.0,1.0,"Analytics, Life sciences, SQL",No,0.0,Bengaluru,"['Analytics', 'Life Sciences', 'Sql']"
Data Analyst,SOCIOMIX / OPR TECHNOLOGIES PVT LTD,0-5 Yrs,0.0,5.0,Not Disclosed,0.0,0.0,New Delhi,30.0,Naukri,3.9,0.0,"Data analysis, SQL, data visualization",No,0.0,Delhi,"['Data Analysis', 'Sql', 'Data Visualization']"
Jollee - Data Analyst (1-3 yrs),Bundle O Joy,1-3 Yrs,1.0,3.0,Not Disclosed,0.0,0.0,Gurgaon / Gurugram,30.0,iimjobs,1.7,2.0,"Data Analytics, Data Visualization, Statistics",No,0.0,Gurugram,"['Data Analytics', 'Data Visualization', 'Statistics']"
Data Analyst,Optical arc,5-10 Yrs,5.0,10.0,Not Disclosed,0.0,0.0,Pune,150.0,Naukri,2.7,9.0,"SQL, Python, Data modeling",No,0.0,Pune,"['Sql', 'Python', 'Data Modeling']"
Clinical Data Analyst,Sitero,1-4 Yrs,1.0,4.0,Not Disclosed,0.0,0.0,Mysuru / Mysore,365.0,Naukri,1.6,7.0,"Clinical operations, GCP, Pharma",No,0.0,Mysuru,"['Clinical Operations', 'Gcp', 'Pharma']"
Data Quality Business Analyst (2-4 yrs),TERRAGIG LLP,2-4 Yrs,2.0,4.0,Not Disclosed,0.0,0.0,Chennai,30.0,hirist,3.9,0.0,"Data Quality, Business Analyst, Data Governance",No,0.0,Chennai,"['Data Quality', 'Business Analyst', 'Data Governance']"
Marketing Data Analyst,EASYRECRUE,3-8 Yrs,3.0,8.0,Not Disclosed,0.0,0.0,Hyderabad / Secunderabad,30.0,Naukri,3.9,0.0,"CRM, Analytics, Data analysis",No,0.0,Hyderabad,"['Crm', 'Analytics', 'Data Analysis']"
PHP Developer,Oob Smarthome India PVT LTD,0-1 Yrs,0.0,1.0,Not Disclosed,0.0,0.0,Ahmedabad,365.0,Naukri,2.9,6.0,C,No,0.0,Ahmedabad,['C']
Data Visualization Analyst - Tableau & Power BI (2-6 yrs),D Square Consulting Service,2-6 Yrs,2.0,6.0,Not Disclosed,0.0,0.0,Bangalore / Bengaluru,30.0,hirist,1.0,1.0,"Data Visualization, Data Analyst, Tableau",No,0.0,Bengaluru,"['Data Visualization', 'Data Analyst', 'Tableau']"
HR Data Analyst (3-5 yrs),D Square Consulting Services Pvt Ltd,3-5 Yrs,3.0,5.0,Not Disclosed,0.0,0.0,Bangalore / Bengaluru,30.0,iimjobs,1.0,1.0,"Data Analytics, HR Analytics, Analytics",No,0.0,Bengaluru,"['Data Analytics', 'Hr Analytics', 'Analytics']"
Data Visualization Analyst - Tableau/Power BI (2-4 yrs),D Square Consulting Services Pvt Ltd,2-4 Yrs,2.0,4.0,Not Disclosed,0.0,0.0,Bangalore / Bengaluru,30.0,hirist,1.0,1.0,"Data Visualization, Data Analyst, Tableau",No,0.0,Bengaluru,"['Data Visualization', 'Data Analyst', 'Tableau']"
Data Analyst,Fusemachines,1-3 Yrs,1.0,3.0,Not Disclosed,0.0,0.0,Pune,120.0,Naukri,5.0,1.0,"SQL, MySQL, Project management",No,0.0,Pune,"['Sql', 'Mysql', 'Project Management']"
PHP Developer,Alphanso Tech,1-6 Yrs,1.0,6.0,Not Disclosed,0.0,0.0,Rajkot,210.0,Naukri,5.0,1.0,"PHP, MySQL, Business intelligence",No,0.0,Rajkot,"['Php', 'Mysql', 'Business Intelligence']"
Senior Data Analyst,One Muthoot,3-5 Yrs,3.0,5.0,Not Disclosed,0.0,0.0,Bangalore / Bengaluru,330.0,Naukri,5.0,1.0,Data Analyst,No,0.0,Bengaluru,['Data Analyst']
Data Analyst/Content Writer Specialist,Sunderella,2-5 Yrs,2.0,5.0,Not Disclosed,0.0,0.0,Mysuru / Mysore,365.0,Naukri,5.0,1.0,"Data analysis, SEO, SEM",No,0.0,Mysuru,"['Data Analysis', 'Seo', 'Sem']"
JS Full Stack Engineer,TensorGo Technologies Private Limited,2-7 Yrs,2.0,7.0,Not Disclosed,0.0,0.0,Hyderabad / Secunderabad,1095.0,Naukri,5.0,1.0,"HTML, MySQL, Front end",No,0.0,Hyderabad,"['Html', 'Mysql', 'Front End']"
Data Analyst,Ariprus,3-7 Yrs,3.0,7.0,Not Disclosed,0.0,0.0,Mumbai,1095.0,Naukri,5.0,1.0,C,No,0.0,Mumbai,['C']
MIS Executive,PURTI POWER SUGAR LIMITED,3-8 Yrs,3.0,8.0,Not Disclosed,0.0,0.0,Kolkata,365.0,Naukri,5.0,1.0,"Computer science, MIS reporting, Data analysis",No,0.0,Kolkata,"['Computer Science', 'Mis Reporting', 'Data Analysis']"
Lead Data Analyst,Session AI,2-6 Yrs,2.0,6.0,Not Disclosed,0.0,0.0,Mumbai,270.0,Naukri,5.0,1.0,"SQL, Open source, Python",No,0.0,Mumbai,"['Sql', 'Open Source', 'Python']"
Data Analyst,BharatX,1-2 Yrs,1.0,2.0,Not Disclosed,0.0,0.0,Bangalore / Bengaluru,150.0,Naukri,5.0,1.0,"Data analysis, Process improvement, Analytical",No,0.0,Bengaluru,"['Data Analysis', 'Process Improvement', 'Analytical']"
Senior Video Analyst,Innovary Technologies,1-3 Yrs,1.0,3.0,Not Disclosed,0.0,0.0,Bangalore / Bengaluru,1095.0,Naukri,5.0,1.0,"Training, Voice process, Data analysis",No,0.0,Bengaluru,"['Training', 'Voice Process', 'Data Analysis']"
Senior Data Analyst - R/Python (6-12 yrs),Resource Tree Global Services,6-12 Yrs,6.0,12.0,Not Disclosed,0.0,0.0,Bangalore / Bengaluru,90.0,hirist,5.0,1.0,"Data Analyst, SQL, Data Mining",No,0.0,Bengaluru,"['Data Analyst', 'Sql', 'Data Mining']"
Data Analyst,Jar,1-2 Yrs,1.0,2.0,₹ 11 - 14L/yr (AmbitionBox estimate),1100000.0,1400000.0,Bangalore / Bengaluru,150.0,Naukri,2.4,13.0,"Python, Data analysis, Monitoring",Yes,1250000.0,Bengaluru,"['Python', 'Data Analysis', 'Monitoring']"
Data Analyst,Pharmahopers Pvt. Ltd.,0-1 Yrs,0.0,1.0,Not Disclosed,0.0,0.0,Chennai,300.0,Naukri,5.0,1.0,"Data Analyst, Data entry",No,0.0,Chennai,"['Data Analyst', 'Data Entry']"
Data Analyst Intern,Jar,0-4 Yrs,0.0,4.0,Not Disclosed,0.0,0.0,Bangalore / Bengaluru,365.0,Naukri,2.4,13.0,"Data analysis, Monitoring, Web analytics",No,0.0,Bengaluru,"['Data Analysis', 'Monitoring', 'Web Analytics']"
Senior Data Analyst EDP DMA,CloudAngles,4-9 Yrs,4.0,9.0,Not Disclosed,0.0,0.0,Noida,210.0,Naukri,5.0,1.0,"CRM, Consulting, Account management",No,0.0,Noida,"['Crm', 'Consulting', 'Account Management']"
Data Analyst,Augie Pets India Pvt limited,0-3 Yrs,0.0,3.0,Not Disclosed,0.0,0.0,Bangalore / Bengaluru,365.0,Naukri,5.0,1.0,"Market analysis, data visualization, Data collection",No,0.0,Bengaluru,"['Market Analysis', 'Data Visualization', 'Data Collection']"
Data Analyst,Xtreme management solutions,1-2 Yrs,1.0,2.0,Not Disclosed,0.0,0.0,Bangalore / Bengaluru,365.0,Naukri,5.0,1.0,"Data analysis, SQL, Data processing",No,0.0,Bengaluru,"['Data Analysis', 'Sql', 'Data Processing']"
Power BI Developer,atQor,2-5 Yrs,2.0,5.0,Not Disclosed,0.0,0.0,Ahmedabad,90.0,Naukri,5.0,1.0,"SQL, SSIS, Data modeling",No,0.0,Ahmedabad,"['Sql', 'Ssis', 'Data Modeling']"
Data Analyst,Contechub,1-3 Yrs,1.0,3.0,Not Disclosed,0.0,0.0,Remote,210.0,Naukri,3.4,3.0,"Salesforce, Data Analyst, Management",No,0.0,Remote,"['Salesforce', 'Data Analyst', 'Management']"
Senior Data Analyst,OLIVER,5-6 Yrs,5.0,6.0,Not Disclosed,0.0,0.0,Mumbai,60.0,Naukri,2.0,3.0,"Usage, digital analytics, CGI",No,0.0,Mumbai,"['Usage', 'Digital Analytics', 'Cgi']"
Data Analyst/Data Scientist (2-8 yrs),Quant Matrix AI Solutions,2-8 Yrs,2.0,8.0,Not Disclosed,0.0,0.0,Mumbai,30.0,iimjobs,3.9,0.0,"Data Science, Data Analytics, Data Scientist",No,0.0,Mumbai,"['Data Science', 'Data Analytics', 'Data Scientist']"
Data Analyst - Construction Business (2-5 yrs),The Grand Group - HR Provider,2-5 Yrs,2.0,5.0,Not Disclosed,0.0,0.0,Delhi ncr,30.0,iimjobs,3.9,0.0,"Data Analytics, Analytics, Consulting - Real Estate",No,0.0,Delhi ncr,"['Data Analytics', 'Analytics', 'Consulting - Real Estate']"
Data Analyst,Nlineaxis IT Solutions,2-5 Yrs,2.0,5.0,Not Disclosed,0.0,0.0,Jaipur,365.0,Naukri,3.1,4.0,"Troubleshooting, Data mining, data cleansing",No,0.0,Jaipur,"['Troubleshooting', 'Data Mining', 'Data Cleansing']"
Data Analyst,Nlineaxis IT Solutions,2-5 Yrs,2.0,5.0,Not Disclosed,0.0,0.0,Jaipur,365.0,Naukri,3.1,4.0,"Troubleshooting, Data mining, data cleansing",No,0.0,Jaipur,"['Troubleshooting', 'Data Mining', 'Data Cleansing']"
Data Analyst,Vixplor Analytics,1-5 Yrs,1.0,5.0,Not Disclosed,0.0,0.0,Kolkata,1460.0,Naukri,3.3,3.0,"Computer science, Analytical, Data collection",No,0.0,Kolkata,"['Computer Science', 'Analytical', 'Data Collection']"
Data Analyst (New),Fam,2-4 Yrs,2.0,4.0,Not Disclosed,0.0,0.0,Bangalore / Bengaluru,60.0,Naukri,3.0,1.0,"SQL, Python, SAS",No,0.0,Bengaluru,"['Sql', 'Python', 'Sas']"
Data Analyst,highlevel,3-5 Yrs,3.0,5.0,Not Disclosed,0.0,0.0,Remote,180.0,Naukri,3.6,2.0,"tableau, Report writing, Data Analyst",No,0.0,Remote,"['Tableau', 'Report Writing', 'Data Analyst']"
Data Analyst,highlevel,3-5 Yrs,3.0,5.0,Not Disclosed,0.0,0.0,Remote,365.0,Naukri,3.6,2.0,"Analytics, SQL, Process improvement",No,0.0,Remote,"['Analytics', 'Sql', 'Process Improvement']"
Business Data Analyst (8-15 yrs),Acharyaconsulting Services,8-15 Yrs,8.0,15.0,Not Disclosed,0.0,0.0,Bangalore / Bengaluru,30.0,hirist,3.9,0.0,"Data Analyst, Business Analyst, Project Management",No,0.0,Bengaluru,"['Data Analyst', 'Business Analyst', 'Project Management']"
Senior Business Intelligence Developer - Tableau (4-7 yrs),Zyoin group,4-7 Yrs,4.0,7.0,Not Disclosed,0.0,0.0,Bangalore / Bengaluru,60.0,hirist,4.0,1.0,"Tableau, Business Intelligence, Data Analytics",No,0.0,Bengaluru,"['Tableau', 'Business Intelligence', 'Data Analytics']"
Data Scientist\/Data Analyst,T.E.M.S tech Solutions,2-5 Yrs,2.0,5.0,Not Disclosed,0.0,0.0,Chennai,30.0,Naukri,3.9,0.0,"Analytics, SQL, Automation",No,0.0,Chennai,"['Analytics', 'Sql', 'Automation']"
Spatial Data Analyst Cross Sector Based Project,GIS Vision India,5-10 Yrs,5.0,10.0,Not Disclosed,0.0,0.0,"Chennai, Pune, New Delhi
													+4 more",30.0,Naukri,3.9,0.0,"Data Analyst, Project management, Technical support",No,0.0,Chennai,"['Data Analyst', 'Project Management', 'Technical Support']"
Data Analyst,ZAGENO Inc,2-3 Yrs,2.0,3.0,Not Disclosed,0.0,0.0,Bangalore / Bengaluru,30.0,Naukri,1.0,1.0,"Analytics, Data analysis, SQL",No,0.0,Bengaluru,"['Analytics', 'Data Analysis', 'Sql']"
Product Data Analyst,4CRisk.ai,4-9 Yrs,4.0,9.0,Not Disclosed,0.0,0.0,Bangalore / Bengaluru,365.0,Naukri,2.3,11.0,"Data analysis, MySQL, Agile",No,0.0,Bengaluru,"['Data Analysis', 'Mysql', 'Agile']"
Sr. Data Analyst,Tesseract Imaging Pvt Ltd,4-6 Yrs,4.0,6.0,Not Disclosed,0.0,0.0,"Navi Mumbai, Mumbai",120.0,Naukri,2.2,13.0,"Data analysis, Data management, Analytical",No,0.0,Navi Mumbai,"['Data Analysis', 'Data Management', 'Analytical']"
Data Analyst,Cigna Healthcare,5-7 Yrs,5.0,7.0,Not Disclosed,0.0,0.0,Bangalore / Bengaluru,60.0,Naukri,2.1,5.0,"Data Analyst, MIS, Healthcare",No,0.0,Bengaluru,"['Data Analyst', 'Mis', 'Healthcare']"
Senior Data Analyst,Tacnique,3-6 Yrs,3.0,6.0,Not Disclosed,0.0,0.0,"Chennai, Pune, New Delhi
													+4 more",60.0,Naukri,2.0,1.0,"Analytics, Data analysis, SQL",No,0.0,Chennai,"['Analytics', 'Data Analysis', 'Sql']"
Healthcare Data Analyst,ChiSquarelabs,1-4 Yrs,1.0,4.0,Not Disclosed,0.0,0.0,Cochin/Ernakulam/Kochi,90.0,Naukri,2.7,4.0,"Administration, Nursing, Business operations",No,0.0,Cochin,"['Administration', 'Nursing', 'Business Operations']"
Data_Analyst,The CAI Store,2-7 Yrs,2.0,7.0,Not Disclosed,0.0,0.0,Mumbai,365.0,Naukri,3.0,3.0,"Python, microsoft, MATLAB",No,0.0,Mumbai,"['Python', 'Microsoft', 'Matlab']"
Data Analyst - Business Intelligence (5-10 yrs),ARR Recruitment Solutions,5-10 Yrs,5.0,10.0,Not Disclosed,0.0,0.0,Bangalore / Bengaluru,30.0,hirist,3.9,0.0,"Data Analyst, Data Analytics, Business Intelligence",No,0.0,Bengaluru,"['Data Analyst', 'Data Analytics', 'Business Intelligence']"
Data Analyst,Magic Infomedia,0-2 Yrs,0.0,2.0,Not Disclosed,0.0,0.0,New Delhi,30.0,Naukri,3.9,0.0,"data mining, data cleansing, data analysis",No,0.0,Delhi,"['Data Mining', 'Data Cleansing', 'Data Analysis']"
Senior Financial Data Analyst - F P & A,Innovya Technologies,5-7 Yrs,5.0,7.0,Not Disclosed,0.0,0.0,Hyderabad / Secunderabad,90.0,Naukri,2.9,3.0,"Troubleshooting, Reconciliation, SQL",No,0.0,Hyderabad,"['Troubleshooting', 'Reconciliation', 'Sql']"
Data Analyst,One Impression,1-2 Yrs,1.0,2.0,Not Disclosed,0.0,0.0,Gurgaon / Gurugram,240.0,Naukri,2.0,14.0,"Automation, SQL, Python",No,0.0,Gurugram,"['Automation', 'Sql', 'Python']"
Data Analyst - Tableau/Power BI (5-8 yrs),Excellence and Eminence LLP,5-8 Yrs,5.0,8.0,Not Disclosed,0.0,0.0,"Bangalore / Bengaluru, Chennai",30.0,hirist,3.9,0.0,"Data Analyst, Power BI, Python",No,0.0,Bengaluru,"['Data Analyst', 'Power Bi', 'Python']"
Senior Data Analyst - Statistical Modeling (5-7 yrs),Chadwick Professional Services Private Limited,5-7 Yrs,5.0,7.0,Not Disclosed,0.0,0.0,Chennai,60.0,hirist,4.0,1.0,"Data Analyst, Data Modeling, Data Science",No,0.0,Chennai,"['Data Analyst', 'Data Modeling', 'Data Science']"
Data Analyst (2-5 yrs),D Square Consulting Service,2-5 Yrs,2.0,5.0,Not Disclosed,0.0,0.0,Bangalore / Bengaluru,30.0,hirist,1.0,1.0,"Data Analyst, Data Analytics, Data Governance",No,0.0,Bengaluru,"['Data Analyst', 'Data Analytics', 'Data Governance']"
Data Scientist,Vide Alpha Tech,1-5 Yrs,1.0,5.0,Not Disclosed,0.0,0.0,New Delhi,150.0,Naukri,4.0,1.0,C,No,0.0,Delhi,['C']
Senior Data Analyst,Startapp Global,1-4 Yrs,1.0,4.0,Not Disclosed,0.0,0.0,Bangalore / Bengaluru,210.0,Naukri,4.0,1.0,"SQL, Analytical, Microstrategy",No,0.0,Bengaluru,"['Sql', 'Analytical', 'Microstrategy']"
Data Analyst,Business Brio,1-2 Yrs,1.0,2.0,Not Disclosed,0.0,0.0,Kolkata,270.0,Naukri,4.0,1.0,"MySQL, Python, RDBMS",No,0.0,Kolkata,"['Mysql', 'Python', 'Rdbms']"
Assistant Cum Data Analyst,Institute of Personality Development (IPD),0-6 Yrs,0.0,6.0,Not Disclosed,0.0,0.0,Aurangabad,365.0,Naukri,3.2,2.0,"Internship, Digital media, Balance Sheet",No,0.0,Aurangabad,"['Internship', 'Digital Media', 'Balance Sheet']"
Junior Data Analyst,Times World Information Technology,2-3 Yrs,2.0,3.0,Not Disclosed,0.0,0.0,"Thiruvananthapuram, Calicut/Kozhikode",365.0,Naukri,3.9,0.0,"data cleansing, Data analysis, Google Analytics",No,0.0,Thiruvananthapuram,"['Data Cleansing', 'Data Analysis', 'Google Analytics']"
DATA ANALYST,Blocklogy Edutech Private Limited,1-3 Yrs,1.0,3.0,Not Disclosed,0.0,0.0,Mumbai,1460.0,Naukri,3.9,0.0,"Outbound, E-learning, Content development",No,0.0,Mumbai,"['Outbound', 'E-Learning', 'Content Development']"
Data Analyst-1,EASYRECRUE,3-6 Yrs,3.0,6.0,Not Disclosed,0.0,0.0,Hyderabad / Secunderabad,30.0,Naukri,3.9,0.0,"Backend, Data analysis, Data modeling",No,0.0,Hyderabad,"['Backend', 'Data Analysis', 'Data Modeling']"
Senior Data Analyst - SQL (4-7 yrs),Magna Hire,4-7 Yrs,4.0,7.0,Not Disclosed,0.0,0.0,Bangalore / Bengaluru,30.0,hirist,3.9,0.0,"Data Analyst, Data Analytics, Data Warehousing",No,0.0,Bengaluru,"['Data Analyst', 'Data Analytics', 'Data Warehousing']"
Data Analyst,Advanced Risk Analytics Private Limited,2-6 Yrs,2.0,6.0,Not Disclosed,0.0,0.0,Ahmedabad,2190.0,Naukri,2.7,3.0,"CV, Data collection, Environmental science",No,0.0,Ahmedabad,"['Cv', 'Data Collection', 'Environmental Science']"
Data Analyst - Data Quality & Governance (2-4 yrs),D Square Consulting Services Pvt Ltd,2-4 Yrs,2.0,4.0,Not Disclosed,0.0,0.0,Bangalore / Bengaluru,60.0,hirist,1.0,1.0,"Data Analyst, Data Analytics, Data Quality",No,0.0,Bengaluru,"['Data Analyst', 'Data Analytics', 'Data Quality']"
Data Analyst - Python (6-8 yrs),Spot Your Leaders And Consulting LLP,6-8 Yrs,6.0,8.0,Not Disclosed,0.0,0.0,Hyderabad / Secunderabad,60.0,iimjobs,3.9,0.0,"Data Science, Data Analytics, Python",No,0.0,Hyderabad,"['Data Science', 'Data Analytics', 'Python']"
Data Analyst,Preferred Square Analytics,2-3 Yrs,2.0,3.0,Not Disclosed,0.0,0.0,Gurgaon / Gurugram,120.0,Naukri,2.0,8.0,"power bi, excel, sql queries",No,0.0,Gurugram,"['Power Bi', 'Excel', 'Sql Queries']"
Data Analyst - MIS - BFSI (5-6 yrs),Arin Consultancy Pvt. Ltd.,5-6 Yrs,5.0,6.0,Not Disclosed,0.0,0.0,Mumbai,60.0,iimjobs,3.0,1.0,"Data Analytics, Analytics, MIS",No,0.0,Mumbai,"['Data Analytics', 'Analytics', 'Mis']"
Data Analyst - SQL/ETL (2-4 yrs),D Square Consulting Services Pvt Ltd,2-4 Yrs,2.0,4.0,Not Disclosed,0.0,0.0,Bangalore / Bengaluru,60.0,hirist,1.0,1.0,"Data Analyst, Data Analytics, Data Quality",No,0.0,Bengaluru,"['Data Analyst', 'Data Analytics', 'Data Quality']"
HR Data Analyst - IT (2-4 yrs),D Square Consulting Services Pvt Ltd,2-4 Yrs,2.0,4.0,Not Disclosed,0.0,0.0,Bangalore / Bengaluru,60.0,iimjobs,1.0,1.0,"Data Analytics, HR Analytics, Analytics",No,0.0,Bengaluru,"['Data Analytics', 'Hr Analytics', 'Analytics']"
Data Analyst - Online/Internet (1-3 yrs),Meyrahkee Advisors Private Limited,1-3 Yrs,1.0,3.0,Not Disclosed,0.0,0.0,Bangalore / Bengaluru,60.0,iimjobs,3.9,0.0,"SQL, Data Analytics, Data Modeling",No,0.0,Bengaluru,"['Sql', 'Data Analytics', 'Data Modeling']"
Data Analysts,Pratyaksh Medical Care,1-2 Yrs,1.0,2.0,Not Disclosed,0.0,0.0,Noida,60.0,Naukri,3.9,0.0,"SPSS, data science, WinCross",No,0.0,Noida,"['Spss', 'Data Science', 'Wincross']"
Data Analyst,Rehoboth Academic Services,2-7 Yrs,2.0,7.0,Not Disclosed,0.0,0.0,Bangalore / Bengaluru,1095.0,Naukri,2.1,5.0,"MS Office, Content writing, SEM",No,0.0,Bengaluru,"['Ms Office', 'Content Writing', 'Sem']"
Data Analyst,DeetsDigital Pvt. Ltd.,1-4 Yrs,1.0,4.0,Not Disclosed,0.0,0.0,Remote,270.0,Naukri,2.2,4.0,"Python, Statistical programming, Programming",No,0.0,Remote,"['Python', 'Statistical Programming', 'Programming']"
Data Analyst,Recruitment Smart Technologies India Private Limited,4-8 Yrs,4.0,8.0,Not Disclosed,0.0,0.0,Ahmedabad,365.0,Naukri,1.9,6.0,"R Programming, power bi, MIS",No,0.0,Ahmedabad,"['R Programming', 'Power Bi', 'Mis']"
Data Analyst,Recruitment Smart Technologies India Private Limited,4-10 Yrs,4.0,10.0,Not Disclosed,0.0,0.0,Ahmedabad,365.0,Naukri,1.9,6.0,"Manager Quality Control, MIS, SQL",No,0.0,Ahmedabad,"['Manager Quality Control', 'Mis', 'Sql']"
Data Scientist - Machine Learning/Predictive Modeling (5-10 yrs),East 57th Street Partners,5-10 Yrs,5.0,10.0,Not Disclosed,0.0,0.0,Bangalore / Bengaluru,60.0,hirist,3.9,0.0,"Data Science, Data Scientist, Machine Learning",No,0.0,Bengaluru,"['Data Science', 'Data Scientist', 'Machine Learning']"
Technical Data Analyst,"Vyrian, Inc",5-10 Yrs,5.0,10.0,Not Disclosed,0.0,0.0,Indore,730.0,Naukri,2.5,2.0,"Sql, Data Analysis, Python",No,0.0,Indore,"['Sql', 'Data Analysis', 'Python']"
IT Vacancy in Delhi- Data Analyst,RIGHT STEP CONSULTING PRIVATE LIMITED,2-6 Yrs,2.0,6.0,Not Disclosed,0.0,0.0,New Delhi,1460.0,Naukri,3.0,1.0,"Software services, data visualization, Software",No,0.0,Delhi,"['Software Services', 'Data Visualization', 'Software']"
Data Analyst / Business Analyst,RIGHT STEP CONSULTING PRIVATE LIMITED,2-3 Yrs,2.0,3.0,Not Disclosed,0.0,0.0,Gurgaon / Gurugram,2555.0,Naukri,3.0,1.0,"Data Analyst, MS Office, SQL",No,0.0,Gurugram,"['Data Analyst', 'Ms Office', 'Sql']"
Data Analyst,RIGHT STEP CONSULTING PRIVATE LIMITED,2-5 Yrs,2.0,5.0,Not Disclosed,0.0,0.0,Gurgaon/Gurugram,2555.0,Naukri,3.0,1.0,"Data Analyst, CRM, ERP",No,0.0,Gurugram,"['Data Analyst', 'Crm', 'Erp']"
Back office coordinator(Female),RIGHT STEP CONSULTING PRIVATE LIMITED,1-3 Yrs,1.0,3.0,Not Disclosed,0.0,0.0,Noida,2555.0,Naukri,3.0,1.0,"Analytics, Business intelligence, Back Office Coordinator",No,0.0,Noida,"['Analytics', 'Business Intelligence', 'Back Office Coordinator']"
IT Vacancy in Delhi- Data Analyst,RIGHT STEP CONSULTING PRIVATE LIMITED,2-6 Yrs,2.0,6.0,Not Disclosed,0.0,0.0,New Delhi,1460.0,Naukri,3.0,1.0,"Software services, data visualization, Software",No,0.0,Delhi,"['Software Services', 'Data Visualization', 'Software']"
Data Analyst / Business Analyst,RIGHT STEP CONSULTING PRIVATE LIMITED,2-3 Yrs,2.0,3.0,Not Disclosed,0.0,0.0,Gurgaon / Gurugram,2555.0,Naukri,3.0,1.0,"Data Analyst, MS Office, SQL",No,0.0,Gurugram,"['Data Analyst', 'Ms Office', 'Sql']"
Data Analyst,RIGHT STEP CONSULTING PRIVATE LIMITED,2-5 Yrs,2.0,5.0,Not Disclosed,0.0,0.0,Gurgaon/Gurugram,2555.0,Naukri,3.0,1.0,"Data Analyst, CRM, ERP",No,0.0,Gurugram,"['Data Analyst', 'Crm', 'Erp']"
Back office coordinator(Female),RIGHT STEP CONSULTING PRIVATE LIMITED,1-3 Yrs,1.0,3.0,Not Disclosed,0.0,0.0,Noida,2555.0,Naukri,3.0,1.0,"Analytics, Business intelligence, Back Office Coordinator",No,0.0,Noida,"['Analytics', 'Business Intelligence', 'Back Office Coordinator']"
SR. Analyst,RIGHT STEP CONSULTING PRIVATE LIMITED,4-6 Yrs,4.0,6.0,Not Disclosed,0.0,0.0,"New Delhi, Gurgaon / Gurugram",2555.0,Naukri,3.0,1.0,"Senior Data Analyst, Software services, Hoovers",No,0.0,Delhi,"['Senior Data Analyst', 'Software Services', 'Hoovers']"
Team Leader,RIGHT STEP CONSULTING PRIVATE LIMITED,1-5 Yrs,1.0,5.0,Not Disclosed,0.0,0.0,"New Delhi, Gurgaon/Gurugram",2555.0,Naukri,3.0,1.0,"Pharma, Clinical research, Pharmacy",No,0.0,Delhi,"['Pharma', 'Clinical Research', 'Pharmacy']"
Digital Analyst - Tag Management System (3-5 yrs),RapidBraiins,3-5 Yrs,3.0,5.0,Not Disclosed,0.0,0.0,"Mumbai, Bangalore / Bengaluru",60.0,hirist,3.9,0.0,"Data Analyst, Data Analytics, Google Tag Manager",No,0.0,Mumbai,"['Data Analyst', 'Data Analytics', 'Google Tag Manager']"
Data Analyst,iProPal (ALLPS),1-3 Yrs,1.0,3.0,Not Disclosed,0.0,0.0,"Chennai, Pune, New Delhi
													+4 more",60.0,Naukri,3.9,0.0,"Data analysis, Machine learning, Artificial Intelligence",No,0.0,Chennai,"['Data Analysis', 'Machine Learning', 'Artificial Intelligence']"
Data Analyst Intern,TechKnowledgeHub.org,0-3 Yrs,0.0,3.0,Not Disclosed,0.0,0.0,Remote,60.0,Naukri,3.9,0.0,"Data analysis, data science, Intern",No,0.0,Remote,"['Data Analysis', 'Data Science', 'Intern']"
Data Analysts / HTML Editor,i-Tech Infonet Pvt Ltd,0-2 Yrs,0.0,2.0,Not Disclosed,0.0,0.0,Rajkot,365.0,Naukri,1.7,3.0,"HTML, XML, PDF",No,0.0,Rajkot,"['Html', 'Xml', 'Pdf']"
DataSlush - Senior Analytics Implementation Engineer (2-5 yrs),IT Company,2-5 Yrs,2.0,5.0,Not Disclosed,0.0,0.0,Ahmedabad,60.0,hirist,3.9,0.0,"Data Analyst, Data Analytics, Reporting Analytics",No,0.0,Ahmedabad,"['Data Analyst', 'Data Analytics', 'Reporting Analytics']"
Data Analyst - SQL/Python/R (7-9 yrs),Meved Solutions,7-9 Yrs,7.0,9.0,Not Disclosed,0.0,0.0,Bangalore / Bengaluru,60.0,hirist,1.0,1.0,"Data Analyst, Data Analytics, SQL",No,0.0,Bengaluru,"['Data Analyst', 'Data Analytics', 'Sql']"
Data Analyst - Predictive Modeling (3-5 yrs),goZeal,Not Specified,0.0,0.0,Not Disclosed,0.0,0.0,Not Specified,60.0,hirist,3.9,0.0,Not Specified,No,0.0,Not Specified,[]
Senior Data Analyst,Tacnique,5-10 Yrs,5.0,10.0,Not Disclosed,0.0,0.0,Remote,180.0,Naukri,2.0,1.0,"SQL, Javascript, Automation",No,0.0,Remote,"['Sql', 'Javascript', 'Automation']"
Senior Data Analyst - Tableau/Power BI (5-8 yrs),"About Taggd: Taggd is a digital recruitment platform that provides Ready-to-Hire talent to India Inc. Combining the power of human knowledge and data, Taggd hassuccessfully fulfilled talent mandates of more than 100 clients and ensured hiring managers’",5-8 Yrs,5.0,8.0,Not Disclosed,0.0,0.0,"Mumbai, Bangalore / Bengaluru, Pune
													+2 more",60.0,hirist,3.9,0.0,"SQL, Power BI, Data Analyst",No,0.0,Mumbai,"['Sql', 'Power Bi', 'Data Analyst']"
DATA ANALYST INTERN,VR Careerz,0-1 Yrs,0.0,1.0,Not Disclosed,0.0,0.0,Chennai,150.0,Naukri,1.7,2.0,"Intern, Data analysis, SQL",No,0.0,Chennai,"['Intern', 'Data Analysis', 'Sql']"
DATA ANALYST,VR Careerz,0-1 Yrs,0.0,1.0,Not Disclosed,0.0,0.0,Chennai,150.0,Naukri,1.7,2.0,"Data analysis, SQL, SAS",No,0.0,Chennai,"['Data Analysis', 'Sql', 'Sas']"
Data Analyst - Power BI (6-8 yrs),CloudHire,6-8 Yrs,6.0,8.0,Not Disclosed,0.0,0.0,"Bangalore / Bengaluru, Hyderabad / Secunderabad",60.0,hirist,3.9,0.0,"Data Analyst, Data Analytics, Data Profiling",No,0.0,Bengaluru,"['Data Analyst', 'Data Analytics', 'Data Profiling']"
Senior Data Analyst - Analytics Dashboards & Reporting Tools (5-10 yrs),Dashhire,5-10 Yrs,5.0,10.0,Not Disclosed,0.0,0.0,Jaipur,60.0,hirist,3.9,0.0,"SQL, Data Analytics, T-SQL",No,0.0,Jaipur,"['Sql', 'Data Analytics', 'T-Sql']"
Business Intelligence Developer - QlikSense & Qlikview (3-5 yrs),r3 Consultant,3-5 Yrs,3.0,5.0,Not Disclosed,0.0,0.0,Bangalore / Bengaluru,60.0,hirist,3.9,0.0,"Business Intelligence, QlikSense, Qlikview",No,0.0,Bengaluru,"['Business Intelligence', 'Qliksense', 'Qlikview']"
Data Analyst,Suntech Global,3-5 Yrs,3.0,5.0,Not Disclosed,0.0,0.0,"Thrissur/Trichur, Thiruvananthapuram, Calicut/Kozhikode
													+1 more",270.0,Naukri,1.5,2.0,"Data analysis, Data mining, Computer science",No,0.0,Thrissur,"['Data Analysis', 'Data Mining', 'Computer Science']"
Data Analyst,Enmay,1-6 Yrs,1.0,6.0,Not Disclosed,0.0,0.0,Kolkata,365.0,Naukri,3.9,0.0,"Data Analyst, Data analysis, Social media",No,0.0,Kolkata,"['Data Analyst', 'Data Analysis', 'Social Media']"
Power BI Developer - Data Modeling/Business Intelligence (3-5 yrs),Ridgeant Techonologies,Not Specified,0.0,0.0,Not Disclosed,0.0,0.0,Not Specified,60.0,hirist,3.9,0.0,Not Specified,No,0.0,Not Specified,[]
Senior Data Analyst,MediaMath,8-13 Yrs,8.0,13.0,Not Disclosed,0.0,0.0,Bangalore / Bengaluru,730.0,Naukri,3.9,0.0,"Supply chain, Digital media, Data analysis",No,0.0,Bengaluru,"['Supply Chain', 'Digital Media', 'Data Analysis']"
Lead Data Analyst,MediaMath,8-13 Yrs,8.0,13.0,Not Disclosed,0.0,0.0,Bangalore / Bengaluru,730.0,Naukri,3.9,0.0,"Python, Data Analysis, Predictive Modeling",No,0.0,Bengaluru,"['Python', 'Data Analysis', 'Predictive Modeling']"
"Data Analyst , Product",MediaMath,4-9 Yrs,4.0,9.0,Not Disclosed,0.0,0.0,Bangalore / Bengaluru,730.0,Naukri,3.9,0.0,"Python, Data Analysis, Data Science",No,0.0,Bengaluru,"['Python', 'Data Analysis', 'Data Science']"
Senior Data Analyst,Sanmax Technologies (P) Limited,8-10 Yrs,8.0,10.0,Not Disclosed,0.0,0.0,Jaipur,1460.0,Naukri,3.9,0.0,"Oracle, Perl, Db2",No,0.0,Jaipur,"['Oracle', 'Perl', 'Db2']"
Data Analyst,Smith & Nephew,3-6 Yrs,3.0,6.0,Not Disclosed,0.0,0.0,Pune,90.0,Naukri,3.9,0.0,"Automation, Analytical, power bi",No,0.0,Pune,"['Automation', 'Analytical', 'Power Bi']"
Data Analyst,eninrac consulting,1-4 Yrs,1.0,4.0,Not Disclosed,0.0,0.0,Noida,90.0,Naukri,3.9,0.0,"Consulting, Analytical, Renewable energy",No,0.0,Noida,"['Consulting', 'Analytical', 'Renewable Energy']"
Senior Business Data Analyst,LivePerson,5-7 Yrs,5.0,7.0,Not Disclosed,0.0,0.0,Pune,90.0,Naukri,3.9,0.0,"Computer science, Data analysis, Data modeling",No,0.0,Pune,"['Computer Science', 'Data Analysis', 'Data Modeling']"
Risk & Data Analyst,ADM,2-3 Yrs,2.0,3.0,Not Disclosed,0.0,0.0,"Chennai, Pune, New Delhi
													+4 more",90.0,Naukri,3.9,0.0,"Data Analyst, SAS, Data analysis",No,0.0,Chennai,"['Data Analyst', 'Sas', 'Data Analysis']"
Data Analyst,Highspot,3-5 Yrs,3.0,5.0,Not Disclosed,0.0,0.0,Hyderabad / Secunderabad,90.0,Naukri,3.9,0.0,"SQL, Python, Analytics",No,0.0,Hyderabad,"['Sql', 'Python', 'Analytics']"
Supply Chain Data Analyst,Forever New Clothing Pty Ltd,1-4 Yrs,1.0,4.0,Not Disclosed,0.0,0.0,Gurgaon / Gurugram,90.0,Naukri,3.9,0.0,"power bi, etl, data reconciliation",No,0.0,Gurugram,"['Power Bi', 'Etl', 'Data Reconciliation']"
Sr. Data analyst Tableau,Testlify,3-4 Yrs,3.0,4.0,Not Disclosed,0.0,0.0,Mumbai,90.0,Naukri,3.9,0.0,"Data analysis, SQL, Manager Quality Assurance",No,0.0,Mumbai,"['Data Analysis', 'Sql', 'Manager Quality Assurance']"
Reliability Data Analyst - ANITS,PinnacleART,1-5 Yrs,1.0,5.0,Not Disclosed,0.0,0.0,Hyderabad / Secunderabad,90.0,Naukri,3.9,0.0,"Petroleum, Mining, Technical writing",No,0.0,Hyderabad,"['Petroleum', 'Mining', 'Technical Writing']"
Reliability Data Analyst - ANITS,PinnacleART,1-5 Yrs,1.0,5.0,Not Disclosed,0.0,0.0,Hyderabad / Secunderabad,90.0,Naukri,3.9,0.0,"Petroleum, Mining, Technical writing",No,0.0,Hyderabad,"['Petroleum', 'Mining', 'Technical Writing']"
Data Analyst,Demos Project Pvt Ltd.,3-5 Yrs,3.0,5.0,Not Disclosed,0.0,0.0,New Delhi,120.0,Naukri,3.9,0.0,"Report generation, Data Analyst",No,0.0,Delhi,"['Report Generation', 'Data Analyst']"
Business Intelligence Analyst,AspireIQ,3-4 Yrs,3.0,4.0,Not Disclosed,0.0,0.0,"Chennai, Pune, New Delhi
													+4 more",120.0,Naukri,3.9,0.0,"Analytical, Business intelligence, Data analysis",No,0.0,Chennai,"['Analytical', 'Business Intelligence', 'Data Analysis']"
Senior data analyst,BP INCORPORATE INTERNATIONAL.,5-7 Yrs,5.0,7.0,Not Disclosed,0.0,0.0,Pune,150.0,Naukri,3.9,0.0,"Data analysis, Data management, data manipulation",No,0.0,Pune,"['Data Analysis', 'Data Management', 'Data Manipulation']"
Senior Data Analyst,IIX Global,3-4 Yrs,3.0,4.0,Not Disclosed,0.0,0.0,Remote,150.0,Naukri,3.9,0.0,"Data analysis, SQL, Analytical",No,0.0,Remote,"['Data Analysis', 'Sql', 'Analytical']"
Data Analyst / Sr. Data Analyst,CoreInsightsAI,0-8 Yrs,0.0,8.0,Not Disclosed,0.0,0.0,Remote,150.0,Naukri,3.9,0.0,"Data analysis, Analytical, Consulting",No,0.0,Remote,"['Data Analysis', 'Analytical', 'Consulting']"
Data Analyst,Odetta,1-3 Yrs,1.0,3.0,Not Disclosed,0.0,0.0,Remote,180.0,Naukri,3.9,0.0,"Data analysis, Translation, Excel",No,0.0,Remote,"['Data Analysis', 'Translation', 'Excel']"
Senior BI & Data Analyst Specialist,ArabyAds,4-6 Yrs,4.0,6.0,Not Disclosed,0.0,0.0,Gurgaon / Gurugram,180.0,Naukri,3.9,0.0,"Postgresql, Manager Program Management, Strategic planning",No,0.0,Gurugram,"['Postgresql', 'Manager Program Management', 'Strategic Planning']"
Data Analyst,Grapes IDMR,2-4 Yrs,2.0,4.0,Not Disclosed,0.0,0.0,Thrissur/Trichur,210.0,Naukri,3.9,0.0,"SQL, SAS, Process improvement",No,0.0,Thrissur,"['Sql', 'Sas', 'Process Improvement']"
Data Analyst,MindTrilogy,1-3 Yrs,1.0,3.0,Not Disclosed,0.0,0.0,New Delhi,210.0,Naukri,3.9,0.0,"Analytical, Market analysis, Database administration",No,0.0,Delhi,"['Analytical', 'Market Analysis', 'Database Administration']"
Junior Python Developer,MABZONE IT SOLUTIONS,5-10 Yrs,5.0,10.0,Not Disclosed,0.0,0.0,Mohali,210.0,Naukri,3.9,0.0,"HR Executive, SAS, Finance",No,0.0,Mohali,"['Hr Executive', 'Sas', 'Finance']"
Data Analyst / Web Researcher,MyVirtualDesks,0-3 Yrs,0.0,3.0,Not Disclosed,0.0,0.0,Pune,240.0,Naukri,3.9,0.0,"Data Analyst, Web technologies, Data analysis",No,0.0,Pune,"['Data Analyst', 'Web Technologies', 'Data Analysis']"
Jr. Data Analyst (Big Query),Coders Brain Pvt Ltd,1-4 Yrs,1.0,4.0,₹ 0.1 - 27L/yr (AmbitionBox estimate),10000.0,2700000.0,New Delhi,240.0,Naukri,3.9,0.0,"Data Analyst, Junior Data Analyst, query",Yes,1355000.0,Delhi,"['Data Analyst', 'Junior Data Analyst', 'Query']"
Sr. Data Analyst (Big Query)_Dgliger,Coders Brain Pvt Ltd,2-7 Yrs,2.0,7.0,₹ 1.6 - 27L/yr (AmbitionBox estimate),160000.0,2700000.0,New Delhi,240.0,Naukri,3.9,0.0,"Data Analyst, Senior Data Analyst, query",Yes,1430000.0,Delhi,"['Data Analyst', 'Senior Data Analyst', 'Query']"
Data Analyst/Architect/Scientist/Engineer,Diverse Lynx,4-10 Yrs,4.0,10.0,Not Disclosed,0.0,0.0,Hyderabad / Secunderabad,240.0,Naukri,3.9,0.0,"Data Analyst, Architect",No,0.0,Hyderabad,"['Data Analyst', 'Architect']"
Data Analyst,Diverse Lynx,1-5 Yrs,1.0,5.0,₹ 1 - 26.5L/yr (AmbitionBox estimate),100000.0,2650000.0,Hyderabad / Secunderabad,365.0,Naukri,3.9,0.0,"Data Analyst, professional",Yes,1375000.0,Hyderabad,"['Data Analyst', 'Professional']"
Data Analyst,Diverse Lynx,1-5 Yrs,1.0,5.0,₹ 1 - 17.5L/yr (AmbitionBox estimate),100000.0,1750000.0,Chennai,365.0,Naukri,3.9,0.0,"SQL, MySQL, Python",Yes,925000.0,Chennai,"['Sql', 'Mysql', 'Python']"
Data Analyst,Diverse Lynx,3-6 Yrs,3.0,6.0,₹ 2.6 - 16L/yr (AmbitionBox estimate),260000.0,1600000.0,Gurgaon / Gurugram,365.0,Naukri,3.9,0.0,"Data Analyst, professional",Yes,930000.0,Gurugram,"['Data Analyst', 'Professional']"
Data Analyst,Diverse Lynx,1-5 Yrs,1.0,5.0,₹ 0.8 - 17L/yr (AmbitionBox estimate),80000.0,1700000.0,Chennai,365.0,Naukri,3.9,0.0,"Data Analyst, professional",Yes,890000.0,Chennai,"['Data Analyst', 'Professional']"
Data Analyst,Diverse Lynx,1-5 Yrs,1.0,5.0,₹ 1.65 - 39.5L/yr (AmbitionBox estimate),165000.0,3950000.0,Bangalore / Bengaluru,365.0,Naukri,3.9,0.0,"SAS, Data analysis, Data mining",Yes,2057500.0,Bengaluru,"['Sas', 'Data Analysis', 'Data Mining']"
Data Analyst,Diverse Lynx,1-5 Yrs,1.0,5.0,₹ 1.15 - 21L/yr (AmbitionBox estimate),115000.0,2100000.0,Gurgaon / Gurugram,365.0,Naukri,3.9,0.0,"Data Analyst, professional",Yes,1107500.0,Gurugram,"['Data Analyst', 'Professional']"
Data Analyst,Diverse Lynx,5-7 Yrs,5.0,7.0,₹ 2 - 30L/yr (AmbitionBox estimate),200000.0,3000000.0,Bangalore / Bengaluru,365.0,Naukri,3.9,0.0,"SQL, Python, Senior Data Analyst",Yes,1600000.0,Bengaluru,"['Sql', 'Python', 'Senior Data Analyst']"
SQL Developer,Diverse Lynx,2-6 Yrs,2.0,6.0,₹ 3.4 - 5L/yr (AmbitionBox estimate),340000.0,500000.0,Bangalore / Bengaluru,365.0,Naukri,3.9,0.0,"SQL, Data Analyst, query",Yes,420000.0,Bengaluru,"['Sql', 'Data Analyst', 'Query']"
Principal Data Analyst,YourDOST,5-7 Yrs,5.0,7.0,₹ 11.6 - 13.7L/yr (AmbitionBox estimate),1160000.0,1370000.0,Bangalore / Bengaluru,365.0,Naukri,3.9,0.0,"Data Analyst, Python, Wellness",Yes,1265000.0,Bengaluru,"['Data Analyst', 'Python', 'Wellness']"
Data Analyst,Mantras2Success Consultants,1-6 Yrs,1.0,6.0,₹ 0.1 - 11.5L/yr (AmbitionBox estimate),10000.0,1150000.0,Ahmedabad,365.0,Naukri,3.9,0.0,"Outbound, Back office, Customer support",Yes,580000.0,Ahmedabad,"['Outbound', 'Back Office', 'Customer Support']"
Microsoft Azure Data Analyst,Coders Brain Pvt Ltd,5-6 Yrs,5.0,6.0,₹ 1.68 - 18.7L/yr (AmbitionBox estimate),168000.0,1870000.0,Chennai,300.0,Naukri,3.9,0.0,"Data Analyst, SQL, Project management",Yes,1019000.0,Chennai,"['Data Analyst', 'Sql', 'Project Management']"
SQL DVELOPER CUM DATA ANALYST,Coders Brain Pvt Ltd,5-8 Yrs,5.0,8.0,₹ 2.1 - 22.5L/yr (AmbitionBox estimate),210000.0,2250000.0,Gurgaon / Gurugram,300.0,Naukri,3.9,0.0,"Data Analyst, Data analysis, Business solutions",Yes,1230000.0,Gurugram,"['Data Analyst', 'Data Analysis', 'Business Solutions']"
Sr Data Analyst,Coders Brain Pvt Ltd,8-15 Yrs,8.0,15.0,₹ 3 - 38L/yr (AmbitionBox estimate),300000.0,3800000.0,"Chennai, Pune, New Delhi
													+4 more",300.0,Naukri,3.9,0.0,"Unix, Remedy, Monitoring",Yes,2050000.0,Chennai,"['Unix', 'Remedy', 'Monitoring']"
Data Analyst,Coders Brain Pvt Ltd,4-7 Yrs,4.0,7.0,₹ 1.65 - 20.5L/yr (AmbitionBox estimate),165000.0,2050000.0,Mumbai,300.0,Naukri,3.9,0.0,"SQL, Automation, Business intelligence",Yes,1107500.0,Mumbai,"['Sql', 'Automation', 'Business Intelligence']"
Data Analyst,Coders Brain Pvt Ltd,4-6 Yrs,4.0,6.0,₹ 2.3 - 23L/yr (AmbitionBox estimate),230000.0,2300000.0,Gurgaon / Gurugram,300.0,Naukri,3.9,0.0,"Data Analyst, Data analysis, Business solutions",Yes,1265000.0,Gurugram,"['Data Analyst', 'Data Analysis', 'Business Solutions']"
Data analyst,Coders Brain Pvt Ltd,2-15 Yrs,2.0,15.0,₹ 0.1 - 42L/yr (AmbitionBox estimate),10000.0,4200000.0,Remote,300.0,Naukri,3.9,0.0,"Data mining, Business solutions, Data Analyst",Yes,2105000.0,Remote,"['Data Mining', 'Business Solutions', 'Data Analyst']"
Data analystics,Coders Brain Pvt Ltd,5-10 Yrs,5.0,10.0,Not Disclosed,0.0,0.0,Remote,300.0,Naukri,3.9,0.0,"SQL, Python, Business intelligence",No,0.0,Remote,"['Sql', 'Python', 'Business Intelligence']"
Data analyst,Coders Brain Pvt Ltd,3-6 Yrs,3.0,6.0,₹ 0.2 - 96L/yr (AmbitionBox estimate),20000.0,9600000.0,Remote,300.0,Naukri,3.9,0.0,"Troubleshooting, Manager Quality Assurance, Data mining",Yes,4810000.0,Remote,"['Troubleshooting', 'Manager Quality Assurance', 'Data Mining']"
Data Analyst (Snowflake),Coders Brain Pvt Ltd,6-8 Yrs,6.0,8.0,₹ 2.95 - 24.75L/yr (AmbitionBox estimate),295000.0,2475000.0,Pune,300.0,Naukri,3.9,0.0,"SQL, Python, RDBMS",Yes,1385000.0,Pune,"['Sql', 'Python', 'Rdbms']"
Data Analyst,Coders Brain Pvt Ltd,4-9 Yrs,4.0,9.0,₹ 1.65 - 26.5L/yr (AmbitionBox estimate),165000.0,2650000.0,Mumbai,300.0,Naukri,3.9,0.0,"SAS, Business analytics, SQL",Yes,1407500.0,Mumbai,"['Sas', 'Business Analytics', 'Sql']"
BI Data Analyst,Coders Brain Pvt Ltd,2-6 Yrs,2.0,6.0,₹ 2.564 - 6.5L/yr (AmbitionBox estimate),256400.0,650000.0,Bangalore / Bengaluru,300.0,Naukri,3.9,0.0,"power bi, Oracle, MySQL",Yes,453200.0,Bengaluru,"['Power Bi', 'Oracle', 'Mysql']"
Data Analyst (Executive/ Sr.Executive),Bultaminds Venture,5-10 Yrs,5.0,10.0,₹ 2.05 - 13L/yr (AmbitionBox estimate),205000.0,1300000.0,Panaji/Panjim,330.0,Naukri,3.9,0.0,"Project management, SQL, MS Office",Yes,752500.0,Panaji,"['Project Management', 'Sql', 'Ms Office']"
Sr . Data Analyst ( Power BI developer ),Highrise solutions,0-4 Yrs,0.0,4.0,Not Disclosed,0.0,0.0,Pune,330.0,Naukri,3.9,0.0,"SQL, MySQL, RDBMS",No,0.0,Pune,"['Sql', 'Mysql', 'Rdbms']"
Senior Data Analyst cum MIS Executive,Oasis Insurance Brokers,2-6 Yrs,2.0,6.0,Not Disclosed,0.0,0.0,Mumbai,365.0,Naukri,3.9,0.0,"Market research, Data analysis, Logistics",No,0.0,Mumbai,"['Market Research', 'Data Analysis', 'Logistics']"
Data Analyst,Diverse Lynx,1-5 Yrs,1.0,5.0,₹ 1 - 26.5L/yr (AmbitionBox estimate),100000.0,2650000.0,Hyderabad / Secunderabad,365.0,Naukri,3.9,0.0,"Data Analyst, professional",Yes,1375000.0,Hyderabad,"['Data Analyst', 'Professional']"
Data Analyst,Diverse Lynx,1-5 Yrs,1.0,5.0,₹ 1 - 17.5L/yr (AmbitionBox estimate),100000.0,1750000.0,Chennai,365.0,Naukri,3.9,0.0,"SQL, MySQL, Python",Yes,925000.0,Chennai,"['Sql', 'Mysql', 'Python']"
Data Analyst,Diverse Lynx,3-6 Yrs,3.0,6.0,₹ 2.6 - 16L/yr (AmbitionBox estimate),260000.0,1600000.0,Gurgaon / Gurugram,365.0,Naukri,3.9,0.0,"Data Analyst, professional",Yes,930000.0,Gurugram,"['Data Analyst', 'Professional']"
Data Analyst,Diverse Lynx,1-5 Yrs,1.0,5.0,₹ 0.8 - 17L/yr (AmbitionBox estimate),80000.0,1700000.0,Chennai,365.0,Naukri,3.9,0.0,"Data Analyst, professional",Yes,890000.0,Chennai,"['Data Analyst', 'Professional']"
Data Analyst,Diverse Lynx,1-5 Yrs,1.0,5.0,₹ 1.65 - 39.5L/yr (AmbitionBox estimate),165000.0,3950000.0,Bangalore / Bengaluru,365.0,Naukri,3.9,0.0,"SAS, Data analysis, Data mining",Yes,2057500.0,Bengaluru,"['Sas', 'Data Analysis', 'Data Mining']"
Data Analyst,Diverse Lynx,1-5 Yrs,1.0,5.0,₹ 1.15 - 21L/yr (AmbitionBox estimate),115000.0,2100000.0,Gurgaon / Gurugram,365.0,Naukri,3.9,0.0,"Data Analyst, professional",Yes,1107500.0,Gurugram,"['Data Analyst', 'Professional']"
"Data Analyst, Python and SQL",Fusion Plus Solutions Inc,2-5 Yrs,2.0,5.0,₹ 1.4 - 26.5L/yr (AmbitionBox estimate),140000.0,2650000.0,Hyderabad / Secunderabad,365.0,Naukri,3.9,0.0,"SQL, Python, Quantitative analysis",Yes,1395000.0,Hyderabad,"['Sql', 'Python', 'Quantitative Analysis']"
Data Analyst,Fusion Plus Solutions Inc,2-4 Yrs,2.0,4.0,₹ 1.4 - 35L/yr (AmbitionBox estimate),140000.0,3500000.0,Hyderabad / Secunderabad,365.0,Naukri,3.9,0.0,"Unix, CRM, Data structures",Yes,1820000.0,Hyderabad,"['Unix', 'Crm', 'Data Structures']"
Data Analyst,Saaki argus averil consulting,3-6 Yrs,3.0,6.0,₹ 1.1 - 18.7L/yr (AmbitionBox estimate),110000.0,1870000.0,Chennai,365.0,Naukri,3.9,0.0,"SAS, Consulting, Financial services",Yes,990000.0,Chennai,"['Sas', 'Consulting', 'Financial Services']"
Data Analyst,P.S International HR Consultants,5-10 Yrs,5.0,10.0,Not Disclosed,0.0,0.0,Mumbai,365.0,Naukri,3.9,0.0,"SQL, Networking, Automation",No,0.0,Mumbai,"['Sql', 'Networking', 'Automation']"
Data Analyst (Credit Risk Analyst),Mantras2Success Consultants,2-3 Yrs,2.0,3.0,₹ 2.2 - 9.9L/yr (AmbitionBox estimate),220000.00000000003,990000.0,Hyderabad / Secunderabad,365.0,Naukri,3.9,0.0,"Financial services, BPO, SQL",Yes,605000.0,Hyderabad,"['Financial Services', 'Bpo', 'Sql']"
Data Analyst,Xpheno,2-5 Yrs,2.0,5.0,₹ 0.5 - 96L/yr (AmbitionBox estimate),50000.0,9600000.0,Bangalore / Bengaluru,365.0,Naukri,3.9,0.0,"SQL, microsoft, Oracle",Yes,4825000.0,Bengaluru,"['Sql', 'Microsoft', 'Oracle']"
Senior Data Analyst,Xpheno,3-6 Yrs,3.0,6.0,₹ 1.4 - 45L/yr (AmbitionBox estimate),140000.0,4500000.0,Bangalore / Bengaluru,365.0,Naukri,3.9,0.0,"Analytics, SQL, Data management",Yes,2320000.0,Bengaluru,"['Analytics', 'Sql', 'Data Management']"
Data Analyst,Xpheno,3-6 Yrs,3.0,6.0,₹ 1.5 - 96L/yr (AmbitionBox estimate),150000.0,9600000.0,Bangalore / Bengaluru,365.0,Naukri,3.9,0.0,"SQL, Data analysis, Consulting",Yes,4875000.0,Bengaluru,"['Sql', 'Data Analysis', 'Consulting']"
Data Analyst,Xpheno,4-8 Yrs,4.0,8.0,₹ 1.65 - 22.35L/yr (AmbitionBox estimate),165000.0,2235000.0,Mumbai,365.0,Naukri,3.9,0.0,"SQL, Auditing, Data mining",Yes,1200000.0,Mumbai,"['Sql', 'Auditing', 'Data Mining']"
Data Analyst,Xpheno,2-4 Yrs,2.0,4.0,₹ 1.7 - 32.5L/yr (AmbitionBox estimate),170000.0,3250000.0,Bangalore / Bengaluru,365.0,Naukri,3.9,0.0,"SQL, Data mining, Business operations",Yes,1710000.0,Bengaluru,"['Sql', 'Data Mining', 'Business Operations']"
Manager - Recruitment & Data Analyst,Busisol Sourcing India Pvt Ltd,8-10 Yrs,8.0,10.0,Not Disclosed,0.0,0.0,Ballari,365.0,Naukri,3.9,0.0,"HR, Payroll, Talent acquisition",No,0.0,Ballari,"['Hr', 'Payroll', 'Talent Acquisition']"
Data Analyst,Countrees Services and Technologies Pvt Ltd,3-6 Yrs,3.0,6.0,Not Disclosed,0.0,0.0,Chennai,365.0,Naukri,3.9,0.0,"Commerce, HTML",No,0.0,Chennai,"['Commerce', 'Html']"
Data Analyst,Stalwart Management Consulting,2-6 Yrs,2.0,6.0,₹ 0.1 - 96L/yr (AmbitionBox estimate),10000.0,9600000.0,Remote,365.0,Naukri,3.9,0.0,"Data entry, Medical coding, Pharma",Yes,4805000.0,Remote,"['Data Entry', 'Medical Coding', 'Pharma']"
Manager - Recruitment  Data Analyst,Busisol Sourcing India Pvt Ltd,8-12 Yrs,8.0,12.0,Not Disclosed,0.0,0.0,Remote,365.0,Naukri,3.9,0.0,"Payroll, Talent acquisition, HRIS",No,0.0,Remote,"['Payroll', 'Talent Acquisition', 'Hris']"
Data Scientist and Analyst,Diverse Lynx,2-6 Yrs,2.0,6.0,₹ 0.456 - 30L/yr (AmbitionBox estimate),45600.0,3000000.0,Pune,365.0,Naukri,3.9,0.0,"Data Analyst, SQL, Data management",Yes,1522800.0,Pune,"['Data Analyst', 'Sql', 'Data Management']"
Data Analyst,Diverse Lynx,1-5 Yrs,1.0,5.0,₹ 0.1 - 24.42L/yr (AmbitionBox estimate),10000.0,2442000.0,Pune,365.0,Naukri,3.9,0.0,"MIS, Billing, SQL",Yes,1226000.0,Pune,"['Mis', 'Billing', 'Sql']"
SAS Data Analyst,Diverse Lynx,2-6 Yrs,2.0,6.0,Not Disclosed,0.0,0.0,Bangalore / Bengaluru,365.0,Naukri,3.9,0.0,"SQL, Data Analyst, SAS Analyst",No,0.0,Bengaluru,"['Sql', 'Data Analyst', 'Sas Analyst']"
data analyst,Etomate Technology LLP,2-7 Yrs,2.0,7.0,Not Disclosed,0.0,0.0,Bangalore / Bengaluru,365.0,Naukri,1.0,1.0,"Data Analyst, Analytics, Macros",No,0.0,Bengaluru,"['Data Analyst', 'Analytics', 'Macros']"
Data Analyst  -  MIS Report,Diverse Lynx,8-10 Yrs,8.0,10.0,₹ 3 - 18.6L/yr (AmbitionBox estimate),300000.0,1860000.0,Pune,365.0,Naukri,3.9,0.0,"MIS reporting, Data Analyst, Accounting",Yes,1080000.0,Pune,"['Mis Reporting', 'Data Analyst', 'Accounting']"
Data Analyst,RIGHT STEP CONSULTING PRIVATE LIMITED,0-5 Yrs,0.0,5.0,Not Disclosed,0.0,0.0,"New Delhi, Gurgaon / Gurugram",365.0,Naukri,3.9,0.0,"Data Analyst, SQL, PHP",No,0.0,Delhi,"['Data Analyst', 'Sql', 'Php']"
Associate Data Analyst,HUSYS CONSULTING LIMITED,2-5 Yrs,2.0,5.0,₹ 2.5 - 16L/yr (AmbitionBox estimate),250000.0,1600000.0,Hyderabad / Secunderabad,365.0,Naukri,3.9,0.0,"Help Desk, Customer Service, data analysis",Yes,925000.0,Hyderabad,"['Help Desk', 'Customer Service', 'Data Analysis']"
Payer Data Analyst,STAR4RALL IT SOLUTIONS PRIVATE LIMITED,3-7 Yrs,3.0,7.0,Not Disclosed,0.0,0.0,"Chennai, Pune, New Delhi
													+4 more",365.0,Naukri,3.9,0.0,"Health insurance, Data analysis, Claims",No,0.0,Chennai,"['Health Insurance', 'Data Analysis', 'Claims']"
Data Analyst,Ventures India Consultants,3-5 Yrs,3.0,5.0,₹ 2 - 21L/yr (AmbitionBox estimate),200000.0,2100000.0,New Delhi,365.0,Naukri,3.9,0.0,"Data analysis, SAP, data science",Yes,1150000.0,Delhi,"['Data Analysis', 'Sap', 'Data Science']"
Data Analyst,Fusion Plus Solutions Inc,2-4 Yrs,2.0,4.0,₹ 1.4 - 35L/yr (AmbitionBox estimate),140000.0,3500000.0,Hyderabad / Secunderabad,365.0,Naukri,3.9,0.0,"SQL, Python, Data Analyst",Yes,1820000.0,Hyderabad,"['Sql', 'Python', 'Data Analyst']"
Data Analyst,Fusion Plus Solutions Inc,2-4 Yrs,2.0,4.0,₹ 1.4 - 35L/yr (AmbitionBox estimate),140000.0,3500000.0,Hyderabad / Secunderabad,365.0,Naukri,3.9,0.0,"SQL, Python, Billing",Yes,1820000.0,Hyderabad,"['Sql', 'Python', 'Billing']"
Data Analyst,Fusion Plus Solutions Inc,2-4 Yrs,2.0,4.0,₹ 1.4 - 35L/yr (AmbitionBox estimate),140000.0,3500000.0,Hyderabad / Secunderabad,365.0,Naukri,3.9,0.0,"Architecture, SQL, Python",Yes,1820000.0,Hyderabad,"['Architecture', 'Sql', 'Python']"
Data Analyst,Fusion Plus Solutions Inc,2-4 Yrs,2.0,4.0,₹ 1.4 - 35L/yr (AmbitionBox estimate),140000.0,3500000.0,Hyderabad / Secunderabad,365.0,Naukri,3.9,0.0,"Healthcare, SQL, XML",Yes,1820000.0,Hyderabad,"['Healthcare', 'Sql', 'Xml']"
Data Analyst (Deepika),Fusion Plus Solutions Inc,1-4 Yrs,1.0,4.0,₹ 1 - 35L/yr (AmbitionBox estimate),100000.0,3500000.0,Hyderabad / Secunderabad,365.0,Naukri,3.9,0.0,"Healthcare, SQL, XML",Yes,1800000.0,Hyderabad,"['Healthcare', 'Sql', 'Xml']"
Data analyst,Fusion Plus Solutions Inc,2-4 Yrs,2.0,4.0,₹ 1.4 - 35L/yr (AmbitionBox estimate),140000.0,3500000.0,Hyderabad / Secunderabad,365.0,Naukri,3.9,0.0,"SQL, Python, Data Analyst",Yes,1820000.0,Hyderabad,"['Sql', 'Python', 'Data Analyst']"
Data Analyst,Fusion Plus Solutions Inc,2-4 Yrs,2.0,4.0,₹ 1.4 - 35L/yr (AmbitionBox estimate),140000.0,3500000.0,Hyderabad / Secunderabad,365.0,Naukri,3.9,0.0,"Unix, CRM, Data structures",Yes,1820000.0,Hyderabad,"['Unix', 'Crm', 'Data Structures']"
"Data Analyst, Python and SQL",Fusion Plus Solutions Inc,2-5 Yrs,2.0,5.0,₹ 1.4 - 26.5L/yr (AmbitionBox estimate),140000.0,2650000.0,Hyderabad / Secunderabad,365.0,Naukri,3.9,0.0,"SQL, Python, Quantitative analysis",Yes,1395000.0,Hyderabad,"['Sql', 'Python', 'Quantitative Analysis']"
Data Analyst,Saaki argus averil consulting,3-6 Yrs,3.0,6.0,₹ 1.1 - 18.7L/yr (AmbitionBox estimate),110000.0,1870000.0,Chennai,365.0,Naukri,3.9,0.0,"SAS, Consulting, Financial services",Yes,990000.0,Chennai,"['Sas', 'Consulting', 'Financial Services']"
Content and Community lead,Infinyte Club,5-10 Yrs,5.0,10.0,Not Disclosed,0.0,0.0,Bangalore / Bengaluru,365.0,Naukri,3.9,0.0,"SEO, Analytical, Digital marketing",No,0.0,Bengaluru,"['Seo', 'Analytical', 'Digital Marketing']"
Data Analyst,TNS holdings,2-3 Yrs,2.0,3.0,Not Disclosed,0.0,0.0,Remote,365.0,Naukri,3.9,0.0,"SQL, SAS, Process improvement",No,0.0,Remote,"['Sql', 'Sas', 'Process Improvement']"
Data Analyst,P.S International HR Consultants,5-10 Yrs,5.0,10.0,Not Disclosed,0.0,0.0,Mumbai,365.0,Naukri,3.9,0.0,"SQL, Networking, Automation",No,0.0,Mumbai,"['Sql', 'Networking', 'Automation']"
Data Analyst (Credit Risk Analyst),Mantras2Success Consultants,2-3 Yrs,2.0,3.0,₹ 2.2 - 9.9L/yr (AmbitionBox estimate),220000.00000000003,990000.0,Hyderabad / Secunderabad,365.0,Naukri,3.9,0.0,"Financial services, BPO, SQL",Yes,605000.0,Hyderabad,"['Financial Services', 'Bpo', 'Sql']"
Data Analyst,Xpheno,2-5 Yrs,2.0,5.0,₹ 0.5 - 96L/yr (AmbitionBox estimate),50000.0,9600000.0,Bangalore / Bengaluru,365.0,Naukri,3.9,0.0,"SQL, microsoft, Oracle",Yes,4825000.0,Bengaluru,"['Sql', 'Microsoft', 'Oracle']"
Senior Data Analyst,Xpheno,3-6 Yrs,3.0,6.0,₹ 1.4 - 45L/yr (AmbitionBox estimate),140000.0,4500000.0,Bangalore / Bengaluru,365.0,Naukri,3.9,0.0,"Analytics, SQL, Data management",Yes,2320000.0,Bengaluru,"['Analytics', 'Sql', 'Data Management']"
Data Analyst,Xpheno,3-6 Yrs,3.0,6.0,₹ 1.5 - 96L/yr (AmbitionBox estimate),150000.0,9600000.0,Bangalore / Bengaluru,365.0,Naukri,3.9,0.0,"SQL, Data analysis, Consulting",Yes,4875000.0,Bengaluru,"['Sql', 'Data Analysis', 'Consulting']"
Data Analyst,Xpheno,4-8 Yrs,4.0,8.0,₹ 1.65 - 22.35L/yr (AmbitionBox estimate),165000.0,2235000.0,Mumbai,365.0,Naukri,3.9,0.0,"SQL, Auditing, Data mining",Yes,1200000.0,Mumbai,"['Sql', 'Auditing', 'Data Mining']"
Business Data Analyst General Ledger,Diverse Lynx,5-10 Yrs,5.0,10.0,Not Disclosed,0.0,0.0,Mumbai,1460.0,Naukri,3.9,0.0,"Reconciliation, SQL, Taxation",No,0.0,Mumbai,"['Reconciliation', 'Sql', 'Taxation']"
SAS Developer,Diverse Lynx,4-8 Yrs,4.0,8.0,₹ 5 - 17L/yr (AmbitionBox estimate),500000.0,1700000.0,Bangalore / Bengaluru,1460.0,Naukri,3.9,0.0,"SQL, XML, Db2",Yes,1100000.0,Bengaluru,"['Sql', 'Xml', 'Db2']"
Finance / Cost / Data Analyst,mycityband,1-2 Yrs,1.0,2.0,₹ 1 - 23.4L/yr (AmbitionBox estimate),100000.0,2340000.0,Sachin,1460.0,Naukri,3.9,0.0,"Data Analyst, Excel, Cost",Yes,1220000.0,Sachin,"['Data Analyst', 'Excel', 'Cost']"
Engineer/Data Analyst,mycitynagpur,5-8 Yrs,5.0,8.0,Not Disclosed,0.0,0.0,Nagpur,1460.0,Naukri,3.9,0.0,Data Analyst,No,0.0,Nagpur,['Data Analyst']
Data Analyst,RIGHT STEP CONSULTING PRIVATE LIMITED,1-3 Yrs,1.0,3.0,₹ 1.15 - 17L/yr (AmbitionBox estimate),115000.0,1700000.0,Gurgaon / Gurugram,1460.0,Naukri,3.9,0.0,"Data Analyst, Market research, PHP",Yes,907500.0,Gurugram,"['Data Analyst', 'Market Research', 'Php']"
Data Analyst,RIGHT STEP CONSULTING PRIVATE LIMITED,1-4 Yrs,1.0,4.0,₹ 0.2 - 26L/yr (AmbitionBox estimate),20000.0,2600000.0,Gurgaon / Gurugram,1460.0,Naukri,3.9,0.0,"Data Analyst, Analytics, SQL",Yes,1310000.0,Gurugram,"['Data Analyst', 'Analytics', 'Sql']"
Data Analyst,mycitynagpur,1-5 Yrs,1.0,5.0,₹ 3 - 4.4L/yr (AmbitionBox estimate),300000.0,440000.00000000006,Nagpur,1460.0,Naukri,3.9,0.0,"Help Desk, Customer Service, data analysis",Yes,370000.0,Nagpur,"['Help Desk', 'Customer Service', 'Data Analysis']"
Data Analyst,mycitynagpur,3-7 Yrs,3.0,7.0,₹ 1.5 - 7.2L/yr (AmbitionBox estimate),150000.0,720000.0,Nagpur,1460.0,Naukri,3.9,0.0,"OMC, data reporting, Data Analyst",Yes,435000.0,Nagpur,"['Omc', 'Data Reporting', 'Data Analyst']"
Data Analysts,Prometheus Consulting,2-3 Yrs,2.0,3.0,₹ 0.25 - 18L/yr (AmbitionBox estimate),25000.0,1800000.0,Bangalore / Bengaluru,1825.0,Naukri,3.9,0.0,"Customer experience, Data Analyst, Market research",Yes,912500.0,Bengaluru,"['Customer Experience', 'Data Analyst', 'Market Research']"
Senior Data Scientist,JoinHandsHR,3-8 Yrs,3.0,8.0,₹ 4 - 50L/yr (AmbitionBox estimate),400000.0,5000000.0,Mumbai,1825.0,Naukri,3.9,0.0,"Data Scientist, Data Analyst",Yes,2700000.0,Mumbai,"['Data Scientist', 'Data Analyst']"
Artificial intelligence Architect,Cotocus.com,4-9 Yrs,4.0,9.0,Not Disclosed,0.0,0.0,Bangalore / Bengaluru,365.0,Naukri,3.9,0.0,"Cloud computing, Machine learning, Analytical",No,0.0,Bengaluru,"['Cloud Computing', 'Machine Learning', 'Analytical']"
Data Analysts,Cotocus.com,1-4 Yrs,1.0,4.0,Not Disclosed,0.0,0.0,Bangalore / Bengaluru,365.0,Naukri,3.9,0.0,"Analytical, Continuous improvement, Data Analyst",No,0.0,Bengaluru,"['Analytical', 'Continuous Improvement', 'Data Analyst']"
Machine learning Architect,Cotocus.com,5-9 Yrs,5.0,9.0,Not Disclosed,0.0,0.0,Bangalore / Bengaluru,365.0,Naukri,3.9,0.0,"Machine learning, Life sciences, Architectural design",No,0.0,Bengaluru,"['Machine Learning', 'Life Sciences', 'Architectural Design']"
Data Architect,Cotocus.com,6-10 Yrs,6.0,10.0,Not Disclosed,0.0,0.0,Bangalore / Bengaluru,365.0,Naukri,3.9,0.0,"Scrum, Data analysis, Data management",No,0.0,Bengaluru,"['Scrum', 'Data Analysis', 'Data Management']"
Data Analyst,Proclink Consulting Services LLP,4-8 Yrs,4.0,8.0,₹ 0.13 - 44L/yr (AmbitionBox estimate),13000.0,4400000.0,"Ahmedabad, Hyderabad / Secunderabad",365.0,Naukri,3.9,0.0,"SAS, Analytics, SQL",Yes,2206500.0,Ahmedabad,"['Sas', 'Analytics', 'Sql']"
Data Analyst- SAS,eTeam Inc.,4-5 Yrs,4.0,5.0,₹ 0.2 - 96L/yr (AmbitionBox estimate),20000.0,9600000.0,Bangalore / Bengaluru,365.0,Naukri,3.9,0.0,"Data Analyst, Performance tuning, Unix shell scripting",Yes,4810000.0,Bengaluru,"['Data Analyst', 'Performance Tuning', 'Unix Shell Scripting']"
Data Analyst,Add On IT Systems,3-4 Yrs,3.0,4.0,Not Disclosed,0.0,0.0,Bangalore / Bengaluru,365.0,Naukri,3.9,0.0,"MS SQL, PDF, Operating systems",No,0.0,Bengaluru,"['Ms Sql', 'Pdf', 'Operating Systems']"
Data Analyst,eTeam Inc.,1-3 Yrs,1.0,3.0,₹ 1 - 25L/yr (AmbitionBox estimate),100000.0,2500000.0,Hyderabad / Secunderabad,365.0,Naukri,3.9,0.0,"Data Analyst, Project management, Operations",Yes,1300000.0,Hyderabad,"['Data Analyst', 'Project Management', 'Operations']"
Data Analyst - 1,DOPTIT PRIVATE LIMITED,1-4 Yrs,1.0,4.0,Not Disclosed,0.0,0.0,Cochin/Ernakulam/Kochi,365.0,Naukri,3.9,0.0,"Linux, MS SQL, SQL scripting",No,0.0,Cochin,"['Linux', 'Ms Sql', 'Sql Scripting']"
Data Analyst,Primohunt Corporate,0-3 Yrs,0.0,3.0,Not Disclosed,0.0,0.0,Pune,365.0,Naukri,3.9,0.0,"Analytical skills, Market study, Data analysis",No,0.0,Pune,"['Analytical Skills', 'Market Study', 'Data Analysis']"
Data Analyst,Falcon Smart IT,2-6 Yrs,2.0,6.0,Not Disclosed,0.0,0.0,Bangalore / Bengaluru,730.0,Naukri,3.9,0.0,"ERP, Data analysis, Macros",No,0.0,Bengaluru,"['Erp', 'Data Analysis', 'Macros']"
Data Analyst,Etomate Technology LLP,1-4 Yrs,1.0,4.0,Not Disclosed,0.0,0.0,Bangalore / Bengaluru,730.0,Naukri,1.0,1.0,"Project management, CRM, ERP",No,0.0,Bengaluru,"['Project Management', 'Crm', 'Erp']"
Data Analyst,Diverse Lynx,1-5 Yrs,1.0,5.0,₹ 1.65 - 39.5L/yr (AmbitionBox estimate),165000.0,3950000.0,Bangalore / Bengaluru,730.0,Naukri,3.9,0.0,"SQL, Manager Quality Assurance, metadata",Yes,2057500.0,Bengaluru,"['Sql', 'Manager Quality Assurance', 'Metadata']"
"Data analyst,Pan India",Z2plus Placement & Security Agency Pvt. Ltd.,2-5 Yrs,2.0,5.0,₹ 0.19 - 39.5L/yr (AmbitionBox estimate),19000.0,3950000.0,Remote,730.0,Naukri,3.9,0.0,"Python, Data modeling, Data mining",Yes,1984500.0,Remote,"['Python', 'Data Modeling', 'Data Mining']"
Data Analyst,Z2plus Placement & Security Agency Pvt. Ltd.,2-5 Yrs,2.0,5.0,₹ 1.25 - 13.616L/yr (AmbitionBox estimate),125000.0,1361600.0,Bangalore / Bengaluru,730.0,Naukri,3.9,0.0,"Python, Data modeling, Data mining",Yes,743300.0,Bengaluru,"['Python', 'Data Modeling', 'Data Mining']"
Data Analyst,Z2plus Placement & Security Agency Pvt. Ltd.,2-3 Yrs,2.0,3.0,₹ 2 - 7.5L/yr (AmbitionBox estimate),200000.0,750000.0,Panaji/Panjim,730.0,Naukri,3.9,0.0,"Supply chain, Data modeling, Project management",Yes,475000.0,Panaji,"['Supply Chain', 'Data Modeling', 'Project Management']"
data analyst,Disha Consultant,4-8 Yrs,4.0,8.0,₹ 2.8 - 8.5L/yr (AmbitionBox estimate),280000.0,850000.0,Jaipur,730.0,Naukri,3.9,0.0,"Automation, tableau, Excel",Yes,565000.0,Jaipur,"['Automation', 'Tableau', 'Excel']"
"Sr Data Engineer (SQL, AWS Pipeline, Python)",TechExped Technology Services,4-9 Yrs,4.0,9.0,Not Disclosed,0.0,0.0,Mumbai,730.0,Naukri,3.9,0.0,"Python, Aws, Sql Queries",No,0.0,Mumbai,"['Python', 'Aws', 'Sql Queries']"
Data Analyst,TMD - The Modern Dimension,3-8 Yrs,3.0,8.0,₹ 0.2 - 44L/yr (AmbitionBox estimate),20000.0,4400000.0,"New Delhi, Bangalore / Bengaluru",730.0,Naukri,3.9,0.0,"Power Bi, Sql Server, Tableau",Yes,2210000.0,Delhi,"['Power Bi', 'Sql Server', 'Tableau']"
Power Bi/ SQL Tableau Developer/Data analyst,Busisol Sourcing India Pvt Ltd,6-8 Yrs,6.0,8.0,Not Disclosed,0.0,0.0,Hosapete,730.0,Naukri,3.9,0.0,"XML, Production support, MS SQL",No,0.0,Hosapete,"['Xml', 'Production Support', 'Ms Sql']"
Data Analyst,Teplar Solutions,0-4 Yrs,0.0,4.0,Not Disclosed,0.0,0.0,Coimbatore,1460.0,Naukri,3.9,0.0,"Customer support, Analytics, Workflow",No,0.0,Coimbatore,"['Customer Support', 'Analytics', 'Workflow']"
Business Development Executive,Teplar Solutions,2-4 Yrs,2.0,4.0,Not Disclosed,0.0,0.0,Coimbatore,1460.0,Naukri,3.9,0.0,"Cold calling, Customer support, Analytics",No,0.0,Coimbatore,"['Cold Calling', 'Customer Support', 'Analytics']"
Data Analyst,CLINAARC CLINICAL DATAMANAGEMENT PRIVATE LIMITED,2-3 Yrs,2.0,3.0,Not Disclosed,0.0,0.0,Nagpur,1460.0,Naukri,3.9,0.0,Data Analyst,No,0.0,Nagpur,['Data Analyst']
Data Analyst,EnergyTech Ventures,2-5 Yrs,2.0,5.0,Not Disclosed,0.0,0.0,Kolkata,1460.0,Naukri,3.9,0.0,"Process improvement, Data collection, Managed services",No,0.0,Kolkata,"['Process Improvement', 'Data Collection', 'Managed Services']"
Sr Data Analyst,CodeHall Technology,5-10 Yrs,5.0,10.0,Not Disclosed,0.0,0.0,Bangalore / Bengaluru,1460.0,Naukri,3.9,0.0,"Javascript, Ajax, jQuery",No,0.0,Bengaluru,"['Javascript', 'Ajax', 'Jquery']"
Sr Data Analyst,CodeHall Technology,5-10 Yrs,5.0,10.0,Not Disclosed,0.0,0.0,Bangalore / Bengaluru,1460.0,Naukri,3.9,0.0,"Data analysis, Product management, Forensic",No,0.0,Bengaluru,"['Data Analysis', 'Product Management', 'Forensic']"
Big Data Analyst,R3coder,1-6 Yrs,1.0,6.0,Not Disclosed,0.0,0.0,Ahmedabad,1460.0,Naukri,3.9,0.0,"Core Java, Data structures, Outsourcing",No,0.0,Ahmedabad,"['Core Java', 'Data Structures', 'Outsourcing']"
Big Data Analyst,CereSight,3-8 Yrs,3.0,8.0,Not Disclosed,0.0,0.0,"Chennai, Pune, New Delhi
													+4 more",1825.0,Naukri,3.9,0.0,"Computer science, HBase, Data processing",No,0.0,Chennai,"['Computer Science', 'Hbase', 'Data Processing']"
Editing and Proof Reading the written content,99Plus IT Solutions,2-5 Yrs,2.0,5.0,Not Disclosed,0.0,0.0,Vadodara,1825.0,Naukri,3.9,0.0,"Proof reading, Data Analyst",No,0.0,Vadodara,"['Proof Reading', 'Data Analyst']"
Big Data Analyst - Part time,Write Academy,1-6 Yrs,1.0,6.0,Not Disclosed,0.0,0.0,Chennai,1825.0,Naukri,3.9,0.0,"SQL, Oracle, MySQL",No,0.0,Chennai,"['Sql', 'Oracle', 'Mysql']"
data entry,Right Fit Resources,0-1 Yrs,0.0,1.0,Not Disclosed,0.0,0.0,Bhubaneshwar,1095.0,Naukri,3.9,0.0,"Data Entry Operator, Data Analyst, Computer Operator",No,0.0,Bhubaneshwar,"['Data Entry Operator', 'Data Analyst', 'Computer Operator']"
Data Analysts,DoDogy,1-2 Yrs,1.0,2.0,Not Disclosed,0.0,0.0,New Delhi,1095.0,Naukri,3.9,0.0,"data integrity, Research",No,0.0,Delhi,"['Data Integrity', 'Research']"
Computer Operator In  -  Computer Clerk,RIGHT STEP CONSULTING PRIVATE LIMITED,0-2 Yrs,0.0,2.0,Not Disclosed,0.0,0.0,Gurgaon / Gurugram,1460.0,Naukri,3.9,0.0,"Back office, Data entry, MIS",No,0.0,Gurugram,"['Back Office', 'Data Entry', 'Mis']"
Business Development Executive,Teplar Solutions,2-4 Yrs,2.0,4.0,Not Disclosed,0.0,0.0,Coimbatore,1460.0,Naukri,3.9,0.0,"Cold calling, Customer support, Analytics",No,0.0,Coimbatore,"['Cold Calling', 'Customer Support', 'Analytics']"
Data Analyst,Teplar Solutions,0-4 Yrs,0.0,4.0,Not Disclosed,0.0,0.0,Coimbatore,1460.0,Naukri,3.9,0.0,"Customer support, Analytics, Workflow",No,0.0,Coimbatore,"['Customer Support', 'Analytics', 'Workflow']"
Data Analyst,CLINAARC CLINICAL DATAMANAGEMENT PRIVATE LIMITED,2-3 Yrs,2.0,3.0,Not Disclosed,0.0,0.0,Nagpur,1460.0,Naukri,3.9,0.0,Data Analyst,No,0.0,Nagpur,['Data Analyst']
Clinical Data Analyst,CLINAARC CLINICAL DATAMANAGEMENT PRIVATE LIMITED,1-6 Yrs,1.0,6.0,Not Disclosed,0.0,0.0,Nagpur,1460.0,Naukri,3.9,0.0,Clinical Data Analyst,No,0.0,Nagpur,['Clinical Data Analyst']
Data Analyst,"Quotient, Inc.",1-3 Yrs,1.0,3.0,Not Disclosed,0.0,0.0,Bangalore / Bengaluru,1460.0,Naukri,3.9,0.0,"Product management, Distribution network, Publishing",No,0.0,Bengaluru,"['Product Management', 'Distribution Network', 'Publishing']"
Business Data Analyst General Ledger,Diverse Lynx,5-10 Yrs,5.0,10.0,Not Disclosed,0.0,0.0,Mumbai,1460.0,Naukri,3.9,0.0,"Reconciliation, SQL, Taxation",No,0.0,Mumbai,"['Reconciliation', 'Sql', 'Taxation']"
SAS Developer,Diverse Lynx,4-8 Yrs,4.0,8.0,₹ 5 - 17L/yr (AmbitionBox estimate),500000.0,1700000.0,Bangalore / Bengaluru,1460.0,Naukri,3.9,0.0,"SQL, XML, Db2",Yes,1100000.0,Bengaluru,"['Sql', 'Xml', 'Db2']"
Data Analyst,M3 (EU) Ltd,5-7 Yrs,5.0,7.0,Not Disclosed,0.0,0.0,Bangalore / Bengaluru,365.0,Naukri,3.9,0.0,"Market research, Data processing, MS Office",No,0.0,Bengaluru,"['Market Research', 'Data Processing', 'Ms Office']"
Data Analyst,Countrees Services and Technologies Pvt Ltd,3-6 Yrs,3.0,6.0,Not Disclosed,0.0,0.0,Chennai,365.0,Naukri,3.9,0.0,"Commerce, HTML",No,0.0,Chennai,"['Commerce', 'Html']"
Content and Community lead,Infinyte Club,5-10 Yrs,5.0,10.0,Not Disclosed,0.0,0.0,Bangalore / Bengaluru,365.0,Naukri,3.9,0.0,"SEO, Analytical, Digital marketing",No,0.0,Bengaluru,"['Seo', 'Analytical', 'Digital Marketing']"
Data Analyst ( Fresher ),OnPoint Insights,0-2 Yrs,0.0,2.0,Not Disclosed,0.0,0.0,"Mumbai suburbs, Mumbai",365.0,Naukri,3.9,0.0,"SAS, Analytical, Machine learning",No,0.0,Mumbai suburbs,"['Sas', 'Analytical', 'Machine Learning']"
Data Analyst,WalbroSoft,2-7 Yrs,2.0,7.0,Not Disclosed,0.0,0.0,Nagpur,1825.0,Naukri,1.0,1.0,"MS Office, Data collection, Internet research",No,0.0,Nagpur,"['Ms Office', 'Data Collection', 'Internet Research']"
data analyst,Etomate Technology LLP,2-7 Yrs,2.0,7.0,Not Disclosed,0.0,0.0,Bangalore / Bengaluru,365.0,Naukri,1.0,1.0,"Data Analyst, Analytics, Macros",No,0.0,Bengaluru,"['Data Analyst', 'Analytics', 'Macros']"
Security Data Analyst / L2,Si Cyber,4-8 Yrs,4.0,8.0,Not Disclosed,0.0,0.0,Pune,365.0,Naukri,3.9,0.0,"Data analysis, Monitoring, Analytical",No,0.0,Pune,"['Data Analysis', 'Monitoring', 'Analytical']"
Data Analyst,99Plus IT Solutions,3-5 Yrs,3.0,5.0,Not Disclosed,0.0,0.0,Vadodara,1095.0,Naukri,3.9,0.0,"Business Development Executive, XML, Data mining",No,0.0,Vadodara,"['Business Development Executive', 'Xml', 'Data Mining']"
Clinical Data Analyst,CLINAARC CLINICAL DATAMANAGEMENT PRIVATE LIMITED,1-6 Yrs,1.0,6.0,Not Disclosed,0.0,0.0,Nagpur,1460.0,Naukri,3.9,0.0,Clinical Data Analyst,No,0.0,Nagpur,['Clinical Data Analyst']
Data Analyst,99Plus IT Solutions,2-5 Yrs,2.0,5.0,Not Disclosed,0.0,0.0,Vadodara,1825.0,Naukri,3.9,0.0,Data Analyst,No,0.0,Vadodara,['Data Analyst']
Big Data Analyst,CereSight,3-8 Yrs,3.0,8.0,Not Disclosed,0.0,0.0,"Chennai, Pune, New Delhi
													+4 more",1825.0,Naukri,3.9,0.0,"Computer science, HBase, Data processing",No,0.0,Chennai,"['Computer Science', 'Hbase', 'Data Processing']"
Editing and Proof Reading the written content,99Plus IT Solutions,2-5 Yrs,2.0,5.0,Not Disclosed,0.0,0.0,Vadodara,1825.0,Naukri,3.9,0.0,"Proof reading, Data Analyst",No,0.0,Vadodara,"['Proof Reading', 'Data Analyst']"
Data Analyst,99Plus IT Solutions,2-5 Yrs,2.0,5.0,Not Disclosed,0.0,0.0,Vadodara,1825.0,Naukri,3.9,0.0,Data Analyst,No,0.0,Vadodara,['Data Analyst']
Data Analysts,Prometheus Consulting,2-3 Yrs,2.0,3.0,₹ 0.25 - 18L/yr (AmbitionBox estimate),25000.0,1800000.0,Bangalore / Bengaluru,1825.0,Naukri,3.9,0.0,"Customer experience, Data Analyst, Market research",Yes,912500.0,Bengaluru,"['Customer Experience', 'Data Analyst', 'Market Research']"
Data Analyst,WalbroSoft,2-7 Yrs,2.0,7.0,Not Disclosed,0.0,0.0,Nagpur,1825.0,Naukri,1.0,1.0,"MS Office, Data collection, Internet research",No,0.0,Nagpur,"['Ms Office', 'Data Collection', 'Internet Research']"
Spend and Master Data Analyst,Pcura Consulting pvt ltd.,2-7 Yrs,2.0,7.0,Not Disclosed,0.0,0.0,Mumbai,1825.0,Naukri,4.0,630.0,"Master data management, Data Analyst, E-sourcing",No,0.0,Mumbai,"['Master Data Management', 'Data Analyst', 'E-Sourcing']"
Senior Data Scientist,JoinHandsHR,3-8 Yrs,3.0,8.0,₹ 4 - 50L/yr (AmbitionBox estimate),400000.0,5000000.0,Mumbai,1825.0,Naukri,3.9,0.0,"Data Scientist, Data Analyst",Yes,2700000.0,Mumbai,"['Data Scientist', 'Data Analyst']"
Big Data Analyst - Part time,Write Academy,1-6 Yrs,1.0,6.0,Not Disclosed,0.0,0.0,Chennai,1825.0,Naukri,3.9,0.0,"SQL, Oracle, MySQL",No,0.0,Chennai,"['Sql', 'Oracle', 'Mysql']"
Data Analyst,Augmenter Consulting,2-5 Yrs,2.0,5.0,Not Disclosed,0.0,0.0,Mumbai,1825.0,Naukri,1.0,2.0,"Analytics, Process improvement, Consulting",No,0.0,Mumbai,"['Analytics', 'Process Improvement', 'Consulting']"
Data Analyst - Technology,Vayaa Systems,1-3 Yrs,1.0,3.0,Not Disclosed,0.0,0.0,Hyderabad / Secunderabad,2190.0,Naukri,3.9,0.0,"Data Analyst, MS SQL, data visualization",No,0.0,Hyderabad,"['Data Analyst', 'Ms Sql', 'Data Visualization']"
Reliability Data Analyst - RVR & JC,PinnacleART,1-7 Yrs,1.0,7.0,Not Disclosed,0.0,0.0,Hyderabad / Secunderabad,90.0,Naukri,3.9,0.0,"Petroleum, Mining, Technical writing",No,0.0,Hyderabad,"['Petroleum', 'Mining', 'Technical Writing']"
Reliability Data Analyst - ANITS,PinnacleART,1-5 Yrs,1.0,5.0,Not Disclosed,0.0,0.0,Hyderabad / Secunderabad,90.0,Naukri,3.9,0.0,"Petroleum, Mining, Technical writing",No,0.0,Hyderabad,"['Petroleum', 'Mining', 'Technical Writing']"
Data Analysts,MightyMorse,1-4 Yrs,1.0,4.0,Not Disclosed,0.0,0.0,Mumbai,120.0,Naukri,3.9,0.0,"metadata, python, data analysis",No,0.0,Mumbai,"['Metadata', 'Python', 'Data Analysis']"
Data Analyst,Grapes IDMR,2-4 Yrs,2.0,4.0,Not Disclosed,0.0,0.0,Thrissur/Trichur,210.0,Naukri,3.9,0.0,"SQL, SAS, Process improvement",No,0.0,Thrissur,"['Sql', 'Sas', 'Process Improvement']"
Data Analyst,MindTrilogy,1-3 Yrs,1.0,3.0,Not Disclosed,0.0,0.0,New Delhi,210.0,Naukri,3.9,0.0,"Analytical, Market analysis, Database administration",No,0.0,Delhi,"['Analytical', 'Market Analysis', 'Database Administration']"
Machine learning Architect,Cotocus.com,5-9 Yrs,5.0,9.0,Not Disclosed,0.0,0.0,Bangalore / Bengaluru,365.0,Naukri,3.9,0.0,"Machine learning, Life sciences, Architectural design",No,0.0,Bengaluru,"['Machine Learning', 'Life Sciences', 'Architectural Design']"
Data Analyst / Sr. Data Analyst,CoreInsightsAI,0-8 Yrs,0.0,8.0,Not Disclosed,0.0,0.0,Remote,150.0,Naukri,3.9,0.0,"Data analysis, Analytical, Consulting",No,0.0,Remote,"['Data Analysis', 'Analytical', 'Consulting']"
Artificial intelligence Architect,Cotocus.com,4-9 Yrs,4.0,9.0,Not Disclosed,0.0,0.0,Bangalore / Bengaluru,365.0,Naukri,3.9,0.0,"Cloud computing, Machine learning, Analytical",No,0.0,Bengaluru,"['Cloud Computing', 'Machine Learning', 'Analytical']"
Data Analysts,Cotocus.com,1-4 Yrs,1.0,4.0,Not Disclosed,0.0,0.0,Bangalore / Bengaluru,365.0,Naukri,3.9,0.0,"Analytical, Continuous improvement, Data Analyst",No,0.0,Bengaluru,"['Analytical', 'Continuous Improvement', 'Data Analyst']"
Data Architect,Cotocus.com,6-10 Yrs,6.0,10.0,Not Disclosed,0.0,0.0,Bangalore / Bengaluru,365.0,Naukri,3.9,0.0,"Scrum, Data analysis, Data management",No,0.0,Bengaluru,"['Scrum', 'Data Analysis', 'Data Management']"
Data analyst,Zecotok,1-3 Yrs,1.0,3.0,Not Disclosed,0.0,0.0,Panchkula,180.0,Naukri,3.9,0.0,"Data analysis, Programming, Data Analyst",No,0.0,Panchkula,"['Data Analysis', 'Programming', 'Data Analyst']"
